Customer_ID,loan_id,label,snapshot_date
CUS_0x501c,CUS_0x501c_2024_03_01,1,2024-09-01
CUS_0x5048,CUS_0x5048_2024_03_01,1,2024-09-01
CUS_0x5161,CUS_0x5161_2024_03_01,0,2024-09-01
CUS_0x525f,CUS_0x525f_2024_03_01,0,2024-09-01
CUS_0x5336,CUS_0x5336_2024_03_01,0,2024-09-01
CUS_0x5375,CUS_0x5375_2024_03_01,0,2024-09-01
CUS_0x53e8,CUS_0x53e8_2024_03_01,1,2024-09-01
CUS_0x53e9,CUS_0x53e9_2024_03_01,1,2024-09-01
CUS_0x5435,CUS_0x5435_2024_03_01,0,2024-09-01
CUS_0x544f,CUS_0x544f_2024_03_01,1,2024-09-01
CUS_0x558d,CUS_0x558d_2024_03_01,1,2024-09-01
CUS_0x55b5,CUS_0x55b5_2024_03_01,0,2024-09-01
CUS_0x55c5,CUS_0x55c5_2024_03_01,1,2024-09-01
CUS_0x563d,CUS_0x563d_2024_03_01,1,2024-09-01
CUS_0x5737,CUS_0x5737_2024_03_01,0,2024-09-01
CUS_0x574a,CUS_0x574a_2024_03_01,0,2024-09-01
CUS_0x5764,CUS_0x5764_2024_03_01,1,2024-09-01
CUS_0x580e,CUS_0x580e_2024_03_01,0,2024-09-01
CUS_0x581e,CUS_0x581e_2024_03_01,0,2024-09-01
CUS_0x5898,CUS_0x5898_2024_03_01,0,2024-09-01
CUS_0x5981,CUS_0x5981_2024_03_01,1,2024-09-01
CUS_0x59c1,CUS_0x59c1_2024_03_01,1,2024-09-01
CUS_0x5a2d,CUS_0x5a2d_2024_03_01,1,2024-09-01
CUS_0x5a48,CUS_0x5a48_2024_03_01,1,2024-09-01
CUS_0x5a59,CUS_0x5a59_2024_03_01,1,2024-09-01
CUS_0x5ade,CUS_0x5ade_2024_03_01,0,2024-09-01
CUS_0x5af6,CUS_0x5af6_2024_03_01,0,2024-09-01
CUS_0x5afe,CUS_0x5afe_2024_03_01,0,2024-09-01
CUS_0x5b5a,CUS_0x5b5a_2024_03_01,0,2024-09-01
CUS_0x5b6f,CUS_0x5b6f_2024_03_01,0,2024-09-01
CUS_0x5b7d,CUS_0x5b7d_2024_03_01,1,2024-09-01
CUS_0x5bd3,CUS_0x5bd3_2024_03_01,0,2024-09-01
CUS_0x5c06,CUS_0x5c06_2024_03_01,0,2024-09-01
CUS_0x5c81,CUS_0x5c81_2024_03_01,1,2024-09-01
CUS_0x5c92,CUS_0x5c92_2024_03_01,1,2024-09-01
CUS_0x5d3d,CUS_0x5d3d_2024_03_01,1,2024-09-01
CUS_0x5da3,CUS_0x5da3_2024_03_01,0,2024-09-01
CUS_0x5e3f,CUS_0x5e3f_2024_03_01,1,2024-09-01
CUS_0x5e6a,CUS_0x5e6a_2024_03_01,0,2024-09-01
CUS_0x5e84,CUS_0x5e84_2024_03_01,1,2024-09-01
CUS_0x5e89,CUS_0x5e89_2024_03_01,0,2024-09-01
CUS_0x5ecb,CUS_0x5ecb_2024_03_01,1,2024-09-01
CUS_0x5f43,CUS_0x5f43_2024_03_01,0,2024-09-01
CUS_0x5f61,CUS_0x5f61_2024_03_01,0,2024-09-01
CUS_0x6020,CUS_0x6020_2024_03_01,0,2024-09-01
CUS_0x6077,CUS_0x6077_2024_03_01,0,2024-09-01
CUS_0x60ad,CUS_0x60ad_2024_03_01,0,2024-09-01
CUS_0x60f9,CUS_0x60f9_2024_03_01,1,2024-09-01
CUS_0x6117,CUS_0x6117_2024_03_01,0,2024-09-01
CUS_0x614d,CUS_0x614d_2024_03_01,1,2024-09-01
CUS_0x6187,CUS_0x6187_2024_03_01,0,2024-09-01
CUS_0x61c8,CUS_0x61c8_2024_03_01,0,2024-09-01
CUS_0x624c,CUS_0x624c_2024_03_01,1,2024-09-01
CUS_0x629,CUS_0x629_2024_03_01,0,2024-09-01
CUS_0x6308,CUS_0x6308_2024_03_01,0,2024-09-01
CUS_0x6397,CUS_0x6397_2024_03_01,1,2024-09-01
CUS_0x648b,CUS_0x648b_2024_03_01,1,2024-09-01
CUS_0x64c0,CUS_0x64c0_2024_03_01,1,2024-09-01
CUS_0x6510,CUS_0x6510_2024_03_01,0,2024-09-01
CUS_0x651d,CUS_0x651d_2024_03_01,0,2024-09-01
CUS_0x672c,CUS_0x672c_2024_03_01,0,2024-09-01
CUS_0x6734,CUS_0x6734_2024_03_01,0,2024-09-01
CUS_0x6793,CUS_0x6793_2024_03_01,0,2024-09-01
CUS_0x67a3,CUS_0x67a3_2024_03_01,1,2024-09-01
CUS_0x6809,CUS_0x6809_2024_03_01,1,2024-09-01
CUS_0x6831,CUS_0x6831_2024_03_01,1,2024-09-01
CUS_0x6883,CUS_0x6883_2024_03_01,0,2024-09-01
CUS_0x68a5,CUS_0x68a5_2024_03_01,0,2024-09-01
CUS_0x68d1,CUS_0x68d1_2024_03_01,1,2024-09-01
CUS_0x6a4d,CUS_0x6a4d_2024_03_01,0,2024-09-01
CUS_0x6a9e,CUS_0x6a9e_2024_03_01,1,2024-09-01
CUS_0x6ae7,CUS_0x6ae7_2024_03_01,1,2024-09-01
CUS_0x6aeb,CUS_0x6aeb_2024_03_01,0,2024-09-01
CUS_0x6b88,CUS_0x6b88_2024_03_01,0,2024-09-01
CUS_0x6c4e,CUS_0x6c4e_2024_03_01,0,2024-09-01
CUS_0x6c67,CUS_0x6c67_2024_03_01,0,2024-09-01
CUS_0x6d82,CUS_0x6d82_2024_03_01,0,2024-09-01
CUS_0x6da8,CUS_0x6da8_2024_03_01,1,2024-09-01
CUS_0x6dc6,CUS_0x6dc6_2024_03_01,0,2024-09-01
CUS_0x6e0e,CUS_0x6e0e_2024_03_01,0,2024-09-01
CUS_0x6e1c,CUS_0x6e1c_2024_03_01,0,2024-09-01
CUS_0x6e38,CUS_0x6e38_2024_03_01,1,2024-09-01
CUS_0x6ee1,CUS_0x6ee1_2024_03_01,1,2024-09-01
CUS_0x6ee8,CUS_0x6ee8_2024_03_01,0,2024-09-01
CUS_0x6fc4,CUS_0x6fc4_2024_03_01,0,2024-09-01
CUS_0x7087,CUS_0x7087_2024_03_01,0,2024-09-01
CUS_0x70bf,CUS_0x70bf_2024_03_01,0,2024-09-01
CUS_0x70d,CUS_0x70d_2024_03_01,0,2024-09-01
CUS_0x70d0,CUS_0x70d0_2024_03_01,0,2024-09-01
CUS_0x710f,CUS_0x710f_2024_03_01,1,2024-09-01
CUS_0x7292,CUS_0x7292_2024_03_01,0,2024-09-01
CUS_0x7304,CUS_0x7304_2024_03_01,0,2024-09-01
CUS_0x7398,CUS_0x7398_2024_03_01,0,2024-09-01
CUS_0x754c,CUS_0x754c_2024_03_01,0,2024-09-01
CUS_0x760a,CUS_0x760a_2024_03_01,0,2024-09-01
CUS_0x7670,CUS_0x7670_2024_03_01,0,2024-09-01
CUS_0x76ca,CUS_0x76ca_2024_03_01,1,2024-09-01
CUS_0x76df,CUS_0x76df_2024_03_01,0,2024-09-01
CUS_0x76e2,CUS_0x76e2_2024_03_01,1,2024-09-01
CUS_0x7711,CUS_0x7711_2024_03_01,0,2024-09-01
CUS_0x7766,CUS_0x7766_2024_03_01,0,2024-09-01
CUS_0x783b,CUS_0x783b_2024_03_01,0,2024-09-01
CUS_0x78c2,CUS_0x78c2_2024_03_01,0,2024-09-01
CUS_0x78ce,CUS_0x78ce_2024_03_01,0,2024-09-01
CUS_0x78fe,CUS_0x78fe_2024_03_01,0,2024-09-01
CUS_0x79b7,CUS_0x79b7_2024_03_01,0,2024-09-01
CUS_0x79c5,CUS_0x79c5_2024_03_01,0,2024-09-01
CUS_0x7a01,CUS_0x7a01_2024_03_01,0,2024-09-01
CUS_0x7a29,CUS_0x7a29_2024_03_01,1,2024-09-01
CUS_0x7aae,CUS_0x7aae_2024_03_01,1,2024-09-01
CUS_0x7ae,CUS_0x7ae_2024_03_01,0,2024-09-01
CUS_0x7b32,CUS_0x7b32_2024_03_01,0,2024-09-01
CUS_0x7b62,CUS_0x7b62_2024_03_01,1,2024-09-01
CUS_0x7bc9,CUS_0x7bc9_2024_03_01,0,2024-09-01
CUS_0x7c6a,CUS_0x7c6a_2024_03_01,0,2024-09-01
CUS_0x7c71,CUS_0x7c71_2024_03_01,0,2024-09-01
CUS_0x7caf,CUS_0x7caf_2024_03_01,0,2024-09-01
CUS_0x7cb3,CUS_0x7cb3_2024_03_01,0,2024-09-01
CUS_0x7d8,CUS_0x7d8_2024_03_01,0,2024-09-01
CUS_0x7df,CUS_0x7df_2024_03_01,1,2024-09-01
CUS_0x7e61,CUS_0x7e61_2024_03_01,0,2024-09-01
CUS_0x7ed7,CUS_0x7ed7_2024_03_01,0,2024-09-01
CUS_0x7edc,CUS_0x7edc_2024_03_01,0,2024-09-01
CUS_0x7edd,CUS_0x7edd_2024_03_01,1,2024-09-01
CUS_0x7f31,CUS_0x7f31_2024_03_01,1,2024-09-01
CUS_0x7f53,CUS_0x7f53_2024_03_01,1,2024-09-01
CUS_0x8002,CUS_0x8002_2024_03_01,0,2024-09-01
CUS_0x8018,CUS_0x8018_2024_03_01,0,2024-09-01
CUS_0x8099,CUS_0x8099_2024_03_01,0,2024-09-01
CUS_0x810,CUS_0x810_2024_03_01,0,2024-09-01
CUS_0x8121,CUS_0x8121_2024_03_01,0,2024-09-01
CUS_0x81d6,CUS_0x81d6_2024_03_01,0,2024-09-01
CUS_0x81f4,CUS_0x81f4_2024_03_01,1,2024-09-01
CUS_0x8232,CUS_0x8232_2024_03_01,0,2024-09-01
CUS_0x8274,CUS_0x8274_2024_03_01,0,2024-09-01
CUS_0x82be,CUS_0x82be_2024_03_01,1,2024-09-01
CUS_0x833d,CUS_0x833d_2024_03_01,0,2024-09-01
CUS_0x844d,CUS_0x844d_2024_03_01,0,2024-09-01
CUS_0x84a2,CUS_0x84a2_2024_03_01,1,2024-09-01
CUS_0x84a6,CUS_0x84a6_2024_03_01,0,2024-09-01
CUS_0x8513,CUS_0x8513_2024_03_01,1,2024-09-01
CUS_0x854f,CUS_0x854f_2024_03_01,1,2024-09-01
CUS_0x865c,CUS_0x865c_2024_03_01,0,2024-09-01
CUS_0x86b0,CUS_0x86b0_2024_03_01,0,2024-09-01
CUS_0x86b2,CUS_0x86b2_2024_03_01,1,2024-09-01
CUS_0x86c1,CUS_0x86c1_2024_03_01,0,2024-09-01
CUS_0x86ec,CUS_0x86ec_2024_03_01,1,2024-09-01
CUS_0x87e6,CUS_0x87e6_2024_03_01,1,2024-09-01
CUS_0x87f,CUS_0x87f_2024_03_01,0,2024-09-01
CUS_0x8814,CUS_0x8814_2024_03_01,1,2024-09-01
CUS_0x8848,CUS_0x8848_2024_03_01,1,2024-09-01
CUS_0x88fd,CUS_0x88fd_2024_03_01,0,2024-09-01
CUS_0x8916,CUS_0x8916_2024_03_01,0,2024-09-01
CUS_0x8984,CUS_0x8984_2024_03_01,0,2024-09-01
CUS_0x89c8,CUS_0x89c8_2024_03_01,0,2024-09-01
CUS_0x8a8b,CUS_0x8a8b_2024_03_01,0,2024-09-01
CUS_0x8ac0,CUS_0x8ac0_2024_03_01,0,2024-09-01
CUS_0x8b3e,CUS_0x8b3e_2024_03_01,0,2024-09-01
CUS_0x8b6c,CUS_0x8b6c_2024_03_01,0,2024-09-01
CUS_0x8b96,CUS_0x8b96_2024_03_01,1,2024-09-01
CUS_0x8bf3,CUS_0x8bf3_2024_03_01,0,2024-09-01
CUS_0x8c36,CUS_0x8c36_2024_03_01,1,2024-09-01
CUS_0x8ca7,CUS_0x8ca7_2024_03_01,0,2024-09-01
CUS_0x8d19,CUS_0x8d19_2024_03_01,0,2024-09-01
CUS_0x8da8,CUS_0x8da8_2024_03_01,1,2024-09-01
CUS_0x8dfe,CUS_0x8dfe_2024_03_01,0,2024-09-01
CUS_0x8e48,CUS_0x8e48_2024_03_01,0,2024-09-01
CUS_0x5053,CUS_0x5053_2024_07_01,0,2025-01-01
CUS_0x507d,CUS_0x507d_2024_07_01,0,2025-01-01
CUS_0x508c,CUS_0x508c_2024_07_01,0,2025-01-01
CUS_0x515a,CUS_0x515a_2024_07_01,0,2025-01-01
CUS_0x51a4,CUS_0x51a4_2024_07_01,1,2025-01-01
CUS_0x52b1,CUS_0x52b1_2024_07_01,0,2025-01-01
CUS_0x531b,CUS_0x531b_2024_07_01,0,2025-01-01
CUS_0x544,CUS_0x544_2024_07_01,0,2025-01-01
CUS_0x5478,CUS_0x5478_2024_07_01,1,2025-01-01
CUS_0x5480,CUS_0x5480_2024_07_01,0,2025-01-01
CUS_0x5487,CUS_0x5487_2024_07_01,0,2025-01-01
CUS_0x553,CUS_0x553_2024_07_01,0,2025-01-01
CUS_0x5641,CUS_0x5641_2024_07_01,0,2025-01-01
CUS_0x56a4,CUS_0x56a4_2024_07_01,0,2025-01-01
CUS_0x56cf,CUS_0x56cf_2024_07_01,0,2025-01-01
CUS_0x56d6,CUS_0x56d6_2024_07_01,0,2025-01-01
CUS_0x56e5,CUS_0x56e5_2024_07_01,0,2025-01-01
CUS_0x571f,CUS_0x571f_2024_07_01,0,2025-01-01
CUS_0x5735,CUS_0x5735_2024_07_01,0,2025-01-01
CUS_0x5756,CUS_0x5756_2024_07_01,0,2025-01-01
CUS_0x5789,CUS_0x5789_2024_07_01,0,2025-01-01
CUS_0x5816,CUS_0x5816_2024_07_01,0,2025-01-01
CUS_0x583b,CUS_0x583b_2024_07_01,0,2025-01-01
CUS_0x584e,CUS_0x584e_2024_07_01,0,2025-01-01
CUS_0x58f4,CUS_0x58f4_2024_07_01,1,2025-01-01
CUS_0x5923,CUS_0x5923_2024_07_01,0,2025-01-01
CUS_0x5a54,CUS_0x5a54_2024_07_01,1,2025-01-01
CUS_0x5a5e,CUS_0x5a5e_2024_07_01,1,2025-01-01
CUS_0x5a72,CUS_0x5a72_2024_07_01,1,2025-01-01
CUS_0x5ae,CUS_0x5ae_2024_07_01,0,2025-01-01
CUS_0x5b65,CUS_0x5b65_2024_07_01,0,2025-01-01
CUS_0x5bf5,CUS_0x5bf5_2024_07_01,1,2025-01-01
CUS_0x5c40,CUS_0x5c40_2024_07_01,0,2025-01-01
CUS_0x5d75,CUS_0x5d75_2024_07_01,0,2025-01-01
CUS_0x5d87,CUS_0x5d87_2024_07_01,1,2025-01-01
CUS_0x5d95,CUS_0x5d95_2024_07_01,1,2025-01-01
CUS_0x5d9e,CUS_0x5d9e_2024_07_01,0,2025-01-01
CUS_0x5ddd,CUS_0x5ddd_2024_07_01,0,2025-01-01
CUS_0x5e1a,CUS_0x5e1a_2024_07_01,1,2025-01-01
CUS_0x5e30,CUS_0x5e30_2024_07_01,1,2025-01-01
CUS_0x5ea2,CUS_0x5ea2_2024_07_01,0,2025-01-01
CUS_0x5eee,CUS_0x5eee_2024_07_01,1,2025-01-01
CUS_0x5ff8,CUS_0x5ff8_2024_07_01,0,2025-01-01
CUS_0x6030,CUS_0x6030_2024_07_01,1,2025-01-01
CUS_0x6073,CUS_0x6073_2024_07_01,0,2025-01-01
CUS_0x609d,CUS_0x609d_2024_07_01,0,2025-01-01
CUS_0x6176,CUS_0x6176_2024_07_01,1,2025-01-01
CUS_0x617b,CUS_0x617b_2024_07_01,0,2025-01-01
CUS_0x61c6,CUS_0x61c6_2024_07_01,0,2025-01-01
CUS_0x6225,CUS_0x6225_2024_07_01,0,2025-01-01
CUS_0x6275,CUS_0x6275_2024_07_01,0,2025-01-01
CUS_0x627e,CUS_0x627e_2024_07_01,0,2025-01-01
CUS_0x640a,CUS_0x640a_2024_07_01,1,2025-01-01
CUS_0x64c6,CUS_0x64c6_2024_07_01,0,2025-01-01
CUS_0x6568,CUS_0x6568_2024_07_01,0,2025-01-01
CUS_0x6572,CUS_0x6572_2024_07_01,0,2025-01-01
CUS_0x658a,CUS_0x658a_2024_07_01,0,2025-01-01
CUS_0x65e1,CUS_0x65e1_2024_07_01,0,2025-01-01
CUS_0x65e4,CUS_0x65e4_2024_07_01,0,2025-01-01
CUS_0x65f0,CUS_0x65f0_2024_07_01,1,2025-01-01
CUS_0x65fa,CUS_0x65fa_2024_07_01,0,2025-01-01
CUS_0x660b,CUS_0x660b_2024_07_01,0,2025-01-01
CUS_0x6610,CUS_0x6610_2024_07_01,0,2025-01-01
CUS_0x6671,CUS_0x6671_2024_07_01,1,2025-01-01
CUS_0x66c3,CUS_0x66c3_2024_07_01,1,2025-01-01
CUS_0x674e,CUS_0x674e_2024_07_01,1,2025-01-01
CUS_0x6951,CUS_0x6951_2024_07_01,0,2025-01-01
CUS_0x6960,CUS_0x6960_2024_07_01,0,2025-01-01
CUS_0x6962,CUS_0x6962_2024_07_01,0,2025-01-01
CUS_0x69bf,CUS_0x69bf_2024_07_01,0,2025-01-01
CUS_0x69c3,CUS_0x69c3_2024_07_01,0,2025-01-01
CUS_0x6a91,CUS_0x6a91_2024_07_01,0,2025-01-01
CUS_0x6a9a,CUS_0x6a9a_2024_07_01,1,2025-01-01
CUS_0x6ae6,CUS_0x6ae6_2024_07_01,1,2025-01-01
CUS_0x6b10,CUS_0x6b10_2024_07_01,0,2025-01-01
CUS_0x6b42,CUS_0x6b42_2024_07_01,1,2025-01-01
CUS_0x6c12,CUS_0x6c12_2024_07_01,0,2025-01-01
CUS_0x6c2d,CUS_0x6c2d_2024_07_01,1,2025-01-01
CUS_0x6d2c,CUS_0x6d2c_2024_07_01,1,2025-01-01
CUS_0x6d43,CUS_0x6d43_2024_07_01,1,2025-01-01
CUS_0x6d5c,CUS_0x6d5c_2024_07_01,0,2025-01-01
CUS_0x6d71,CUS_0x6d71_2024_07_01,1,2025-01-01
CUS_0x6d85,CUS_0x6d85_2024_07_01,0,2025-01-01
CUS_0x6e1e,CUS_0x6e1e_2024_07_01,1,2025-01-01
CUS_0x6ef6,CUS_0x6ef6_2024_07_01,0,2025-01-01
CUS_0x6fb9,CUS_0x6fb9_2024_07_01,1,2025-01-01
CUS_0x7025,CUS_0x7025_2024_07_01,1,2025-01-01
CUS_0x7067,CUS_0x7067_2024_07_01,0,2025-01-01
CUS_0x7204,CUS_0x7204_2024_07_01,1,2025-01-01
CUS_0x727a,CUS_0x727a_2024_07_01,1,2025-01-01
CUS_0x72b6,CUS_0x72b6_2024_07_01,0,2025-01-01
CUS_0x72c0,CUS_0x72c0_2024_07_01,0,2025-01-01
CUS_0x7303,CUS_0x7303_2024_07_01,0,2025-01-01
CUS_0x733c,CUS_0x733c_2024_07_01,1,2025-01-01
CUS_0x7447,CUS_0x7447_2024_07_01,0,2025-01-01
CUS_0x7512,CUS_0x7512_2024_07_01,0,2025-01-01
CUS_0x7532,CUS_0x7532_2024_07_01,0,2025-01-01
CUS_0x753d,CUS_0x753d_2024_07_01,1,2025-01-01
CUS_0x76bc,CUS_0x76bc_2024_07_01,0,2025-01-01
CUS_0x7745,CUS_0x7745_2024_07_01,1,2025-01-01
CUS_0x7768,CUS_0x7768_2024_07_01,0,2025-01-01
CUS_0x777b,CUS_0x777b_2024_07_01,0,2025-01-01
CUS_0x7799,CUS_0x7799_2024_07_01,0,2025-01-01
CUS_0x77b7,CUS_0x77b7_2024_07_01,1,2025-01-01
CUS_0x786e,CUS_0x786e_2024_07_01,0,2025-01-01
CUS_0x792f,CUS_0x792f_2024_07_01,0,2025-01-01
CUS_0x7943,CUS_0x7943_2024_07_01,1,2025-01-01
CUS_0x7997,CUS_0x7997_2024_07_01,1,2025-01-01
CUS_0x7a15,CUS_0x7a15_2024_07_01,0,2025-01-01
CUS_0x7b2b,CUS_0x7b2b_2024_07_01,1,2025-01-01
CUS_0x7b8c,CUS_0x7b8c_2024_07_01,0,2025-01-01
CUS_0x7b94,CUS_0x7b94_2024_07_01,0,2025-01-01
CUS_0x7baa,CUS_0x7baa_2024_07_01,0,2025-01-01
CUS_0x7c33,CUS_0x7c33_2024_07_01,0,2025-01-01
CUS_0x7ca7,CUS_0x7ca7_2024_07_01,0,2025-01-01
CUS_0x7d62,CUS_0x7d62_2024_07_01,0,2025-01-01
CUS_0x7d87,CUS_0x7d87_2024_07_01,0,2025-01-01
CUS_0x7d96,CUS_0x7d96_2024_07_01,1,2025-01-01
CUS_0x7daf,CUS_0x7daf_2024_07_01,0,2025-01-01
CUS_0x7dc6,CUS_0x7dc6_2024_07_01,0,2025-01-01
CUS_0x7dcd,CUS_0x7dcd_2024_07_01,0,2025-01-01
CUS_0x7e5b,CUS_0x7e5b_2024_07_01,0,2025-01-01
CUS_0x7e7c,CUS_0x7e7c_2024_07_01,0,2025-01-01
CUS_0x7e8b,CUS_0x7e8b_2024_07_01,1,2025-01-01
CUS_0x7eb6,CUS_0x7eb6_2024_07_01,0,2025-01-01
CUS_0x7ee,CUS_0x7ee_2024_07_01,0,2025-01-01
CUS_0x7f27,CUS_0x7f27_2024_07_01,0,2025-01-01
CUS_0x7f72,CUS_0x7f72_2024_07_01,0,2025-01-01
CUS_0x806c,CUS_0x806c_2024_07_01,1,2025-01-01
CUS_0x80a0,CUS_0x80a0_2024_07_01,0,2025-01-01
CUS_0x80bb,CUS_0x80bb_2024_07_01,1,2025-01-01
CUS_0x8122,CUS_0x8122_2024_07_01,1,2025-01-01
CUS_0x8188,CUS_0x8188_2024_07_01,0,2025-01-01
CUS_0x818c,CUS_0x818c_2024_07_01,0,2025-01-01
CUS_0x81f0,CUS_0x81f0_2024_07_01,1,2025-01-01
CUS_0x825b,CUS_0x825b_2024_07_01,0,2025-01-01
CUS_0x8271,CUS_0x8271_2024_07_01,0,2025-01-01
CUS_0x82a3,CUS_0x82a3_2024_07_01,1,2025-01-01
CUS_0x82b,CUS_0x82b_2024_07_01,0,2025-01-01
CUS_0x82cc,CUS_0x82cc_2024_07_01,0,2025-01-01
CUS_0x82f8,CUS_0x82f8_2024_07_01,0,2025-01-01
CUS_0x8388,CUS_0x8388_2024_07_01,0,2025-01-01
CUS_0x83fe,CUS_0x83fe_2024_07_01,1,2025-01-01
CUS_0x840b,CUS_0x840b_2024_07_01,1,2025-01-01
CUS_0x8447,CUS_0x8447_2024_07_01,0,2025-01-01
CUS_0x845d,CUS_0x845d_2024_07_01,1,2025-01-01
CUS_0x8484,CUS_0x8484_2024_07_01,0,2025-01-01
CUS_0x84d1,CUS_0x84d1_2024_07_01,0,2025-01-01
CUS_0x84da,CUS_0x84da_2024_07_01,0,2025-01-01
CUS_0x855f,CUS_0x855f_2024_07_01,1,2025-01-01
CUS_0x85a2,CUS_0x85a2_2024_07_01,1,2025-01-01
CUS_0x8617,CUS_0x8617_2024_07_01,1,2025-01-01
CUS_0x861c,CUS_0x861c_2024_07_01,0,2025-01-01
CUS_0x86bc,CUS_0x86bc_2024_07_01,0,2025-01-01
CUS_0x86c0,CUS_0x86c0_2024_07_01,1,2025-01-01
CUS_0x8785,CUS_0x8785_2024_07_01,0,2025-01-01
CUS_0x880d,CUS_0x880d_2024_07_01,0,2025-01-01
CUS_0x8842,CUS_0x8842_2024_07_01,0,2025-01-01
CUS_0x88f9,CUS_0x88f9_2024_07_01,1,2025-01-01
CUS_0x8928,CUS_0x8928_2024_07_01,0,2025-01-01
CUS_0x8971,CUS_0x8971_2024_07_01,0,2025-01-01
CUS_0x8973,CUS_0x8973_2024_07_01,1,2025-01-01
CUS_0x8a0e,CUS_0x8a0e_2024_07_01,1,2025-01-01
CUS_0x8a14,CUS_0x8a14_2024_07_01,0,2025-01-01
CUS_0x8a56,CUS_0x8a56_2024_07_01,1,2025-01-01
CUS_0x8a63,CUS_0x8a63_2024_07_01,0,2025-01-01
CUS_0x8a74,CUS_0x8a74_2024_07_01,0,2025-01-01
CUS_0x8a8c,CUS_0x8a8c_2024_07_01,0,2025-01-01
CUS_0x8b7a,CUS_0x8b7a_2024_07_01,1,2025-01-01
CUS_0x8c1f,CUS_0x8c1f_2024_07_01,0,2025-01-01
CUS_0x8d01,CUS_0x8d01_2024_07_01,0,2025-01-01
CUS_0x8d0b,CUS_0x8d0b_2024_07_01,1,2025-01-01
CUS_0x8d4f,CUS_0x8d4f_2024_07_01,1,2025-01-01
CUS_0x8d90,CUS_0x8d90_2024_07_01,0,2025-01-01
CUS_0x8e2,CUS_0x8e2_2024_07_01,0,2025-01-01
CUS_0x501d,CUS_0x501d_2024_02_01,0,2024-08-01
CUS_0x510d,CUS_0x510d_2024_02_01,0,2024-08-01
CUS_0x5220,CUS_0x5220_2024_02_01,0,2024-08-01
CUS_0x522c,CUS_0x522c_2024_02_01,1,2024-08-01
CUS_0x5255,CUS_0x5255_2024_02_01,1,2024-08-01
CUS_0x5287,CUS_0x5287_2024_02_01,0,2024-08-01
CUS_0x52ee,CUS_0x52ee_2024_02_01,0,2024-08-01
CUS_0x52f3,CUS_0x52f3_2024_02_01,0,2024-08-01
CUS_0x52f7,CUS_0x52f7_2024_02_01,0,2024-08-01
CUS_0x530b,CUS_0x530b_2024_02_01,0,2024-08-01
CUS_0x5354,CUS_0x5354_2024_02_01,0,2024-08-01
CUS_0x53cc,CUS_0x53cc_2024_02_01,0,2024-08-01
CUS_0x53e2,CUS_0x53e2_2024_02_01,0,2024-08-01
CUS_0x53f3,CUS_0x53f3_2024_02_01,0,2024-08-01
CUS_0x5446,CUS_0x5446_2024_02_01,1,2024-08-01
CUS_0x54bf,CUS_0x54bf_2024_02_01,1,2024-08-01
CUS_0x5510,CUS_0x5510_2024_02_01,0,2024-08-01
CUS_0x557f,CUS_0x557f_2024_02_01,0,2024-08-01
CUS_0x55bd,CUS_0x55bd_2024_02_01,1,2024-08-01
CUS_0x55cd,CUS_0x55cd_2024_02_01,0,2024-08-01
CUS_0x562f,CUS_0x562f_2024_02_01,0,2024-08-01
CUS_0x569a,CUS_0x569a_2024_02_01,0,2024-08-01
CUS_0x5719,CUS_0x5719_2024_02_01,0,2024-08-01
CUS_0x574,CUS_0x574_2024_02_01,0,2024-08-01
CUS_0x576c,CUS_0x576c_2024_02_01,1,2024-08-01
CUS_0x57c7,CUS_0x57c7_2024_02_01,0,2024-08-01
CUS_0x581b,CUS_0x581b_2024_02_01,1,2024-08-01
CUS_0x587,CUS_0x587_2024_02_01,1,2024-08-01
CUS_0x5875,CUS_0x5875_2024_02_01,0,2024-08-01
CUS_0x589f,CUS_0x589f_2024_02_01,0,2024-08-01
CUS_0x58ef,CUS_0x58ef_2024_02_01,0,2024-08-01
CUS_0x590,CUS_0x590_2024_02_01,1,2024-08-01
CUS_0x5964,CUS_0x5964_2024_02_01,0,2024-08-01
CUS_0x5a8b,CUS_0x5a8b_2024_02_01,1,2024-08-01
CUS_0x5aa7,CUS_0x5aa7_2024_02_01,0,2024-08-01
CUS_0x5b64,CUS_0x5b64_2024_02_01,0,2024-08-01
CUS_0x5b7,CUS_0x5b7_2024_02_01,1,2024-08-01
CUS_0x5b9b,CUS_0x5b9b_2024_02_01,0,2024-08-01
CUS_0x5ba4,CUS_0x5ba4_2024_02_01,0,2024-08-01
CUS_0x5bfc,CUS_0x5bfc_2024_02_01,0,2024-08-01
CUS_0x5c31,CUS_0x5c31_2024_02_01,0,2024-08-01
CUS_0x5c59,CUS_0x5c59_2024_02_01,1,2024-08-01
CUS_0x5c67,CUS_0x5c67_2024_02_01,1,2024-08-01
CUS_0x5cff,CUS_0x5cff_2024_02_01,0,2024-08-01
CUS_0x5d1,CUS_0x5d1_2024_02_01,0,2024-08-01
CUS_0x5db2,CUS_0x5db2_2024_02_01,0,2024-08-01
CUS_0x5db9,CUS_0x5db9_2024_02_01,0,2024-08-01
CUS_0x5dca,CUS_0x5dca_2024_02_01,0,2024-08-01
CUS_0x5e33,CUS_0x5e33_2024_02_01,1,2024-08-01
CUS_0x5e46,CUS_0x5e46_2024_02_01,0,2024-08-01
CUS_0x5eec,CUS_0x5eec_2024_02_01,0,2024-08-01
CUS_0x5f3b,CUS_0x5f3b_2024_02_01,0,2024-08-01
CUS_0x5f7e,CUS_0x5f7e_2024_02_01,0,2024-08-01
CUS_0x5fd8,CUS_0x5fd8_2024_02_01,0,2024-08-01
CUS_0x5fe3,CUS_0x5fe3_2024_02_01,0,2024-08-01
CUS_0x6000,CUS_0x6000_2024_02_01,0,2024-08-01
CUS_0x60d5,CUS_0x60d5_2024_02_01,0,2024-08-01
CUS_0x61ab,CUS_0x61ab_2024_02_01,0,2024-08-01
CUS_0x61d3,CUS_0x61d3_2024_02_01,1,2024-08-01
CUS_0x61e1,CUS_0x61e1_2024_02_01,0,2024-08-01
CUS_0x62ad,CUS_0x62ad_2024_02_01,1,2024-08-01
CUS_0x62c6,CUS_0x62c6_2024_02_01,0,2024-08-01
CUS_0x63b0,CUS_0x63b0_2024_02_01,0,2024-08-01
CUS_0x6487,CUS_0x6487_2024_02_01,1,2024-08-01
CUS_0x65b9,CUS_0x65b9_2024_02_01,0,2024-08-01
CUS_0x6617,CUS_0x6617_2024_02_01,1,2024-08-01
CUS_0x6630,CUS_0x6630_2024_02_01,0,2024-08-01
CUS_0x66dd,CUS_0x66dd_2024_02_01,1,2024-08-01
CUS_0x67de,CUS_0x67de_2024_02_01,1,2024-08-01
CUS_0x6829,CUS_0x6829_2024_02_01,0,2024-08-01
CUS_0x684c,CUS_0x684c_2024_02_01,1,2024-08-01
CUS_0x688e,CUS_0x688e_2024_02_01,0,2024-08-01
CUS_0x68c8,CUS_0x68c8_2024_02_01,0,2024-08-01
CUS_0x6919,CUS_0x6919_2024_02_01,0,2024-08-01
CUS_0x6939,CUS_0x6939_2024_02_01,0,2024-08-01
CUS_0x6969,CUS_0x6969_2024_02_01,0,2024-08-01
CUS_0x6a55,CUS_0x6a55_2024_02_01,0,2024-08-01
CUS_0x6a6,CUS_0x6a6_2024_02_01,0,2024-08-01
CUS_0x6ad0,CUS_0x6ad0_2024_02_01,1,2024-08-01
CUS_0x6aec,CUS_0x6aec_2024_02_01,1,2024-08-01
CUS_0x6b4d,CUS_0x6b4d_2024_02_01,1,2024-08-01
CUS_0x6b9f,CUS_0x6b9f_2024_02_01,1,2024-08-01
CUS_0x6c65,CUS_0x6c65_2024_02_01,1,2024-08-01
CUS_0x6ca8,CUS_0x6ca8_2024_02_01,0,2024-08-01
CUS_0x6cd2,CUS_0x6cd2_2024_02_01,0,2024-08-01
CUS_0x6cda,CUS_0x6cda_2024_02_01,1,2024-08-01
CUS_0x6d70,CUS_0x6d70_2024_02_01,1,2024-08-01
CUS_0x6db3,CUS_0x6db3_2024_02_01,0,2024-08-01
CUS_0x6e61,CUS_0x6e61_2024_02_01,1,2024-08-01
CUS_0x6ecf,CUS_0x6ecf_2024_02_01,0,2024-08-01
CUS_0x6ed0,CUS_0x6ed0_2024_02_01,0,2024-08-01
CUS_0x6edb,CUS_0x6edb_2024_02_01,0,2024-08-01
CUS_0x6f38,CUS_0x6f38_2024_02_01,1,2024-08-01
CUS_0x6fa4,CUS_0x6fa4_2024_02_01,1,2024-08-01
CUS_0x6fec,CUS_0x6fec_2024_02_01,0,2024-08-01
CUS_0x6fef,CUS_0x6fef_2024_02_01,0,2024-08-01
CUS_0x7040,CUS_0x7040_2024_02_01,0,2024-08-01
CUS_0x7072,CUS_0x7072_2024_02_01,0,2024-08-01
CUS_0x70a3,CUS_0x70a3_2024_02_01,1,2024-08-01
CUS_0x715e,CUS_0x715e_2024_02_01,1,2024-08-01
CUS_0x71e8,CUS_0x71e8_2024_02_01,1,2024-08-01
CUS_0x7202,CUS_0x7202_2024_02_01,1,2024-08-01
CUS_0x7227,CUS_0x7227_2024_02_01,0,2024-08-01
CUS_0x7231,CUS_0x7231_2024_02_01,1,2024-08-01
CUS_0x7380,CUS_0x7380_2024_02_01,0,2024-08-01
CUS_0x73b1,CUS_0x73b1_2024_02_01,0,2024-08-01
CUS_0x73f1,CUS_0x73f1_2024_02_01,0,2024-08-01
CUS_0x746,CUS_0x746_2024_02_01,0,2024-08-01
CUS_0x753c,CUS_0x753c_2024_02_01,0,2024-08-01
CUS_0x756e,CUS_0x756e_2024_02_01,0,2024-08-01
CUS_0x7620,CUS_0x7620_2024_02_01,1,2024-08-01
CUS_0x7701,CUS_0x7701_2024_02_01,0,2024-08-01
CUS_0x77b5,CUS_0x77b5_2024_02_01,0,2024-08-01
CUS_0x77bf,CUS_0x77bf_2024_02_01,0,2024-08-01
CUS_0x780c,CUS_0x780c_2024_02_01,0,2024-08-01
CUS_0x7833,CUS_0x7833_2024_02_01,0,2024-08-01
CUS_0x784,CUS_0x784_2024_02_01,0,2024-08-01
CUS_0x78d3,CUS_0x78d3_2024_02_01,0,2024-08-01
CUS_0x795,CUS_0x795_2024_02_01,1,2024-08-01
CUS_0x795b,CUS_0x795b_2024_02_01,0,2024-08-01
CUS_0x79a8,CUS_0x79a8_2024_02_01,1,2024-08-01
CUS_0x79cb,CUS_0x79cb_2024_02_01,1,2024-08-01
CUS_0x7a0f,CUS_0x7a0f_2024_02_01,1,2024-08-01
CUS_0x7ae7,CUS_0x7ae7_2024_02_01,0,2024-08-01
CUS_0x7ae9,CUS_0x7ae9_2024_02_01,0,2024-08-01
CUS_0x7b1c,CUS_0x7b1c_2024_02_01,0,2024-08-01
CUS_0x7b3a,CUS_0x7b3a_2024_02_01,1,2024-08-01
CUS_0x7b65,CUS_0x7b65_2024_02_01,0,2024-08-01
CUS_0x7d4d,CUS_0x7d4d_2024_02_01,0,2024-08-01
CUS_0x7d93,CUS_0x7d93_2024_02_01,0,2024-08-01
CUS_0x7dd8,CUS_0x7dd8_2024_02_01,1,2024-08-01
CUS_0x7e6d,CUS_0x7e6d_2024_02_01,0,2024-08-01
CUS_0x7ea0,CUS_0x7ea0_2024_02_01,1,2024-08-01
CUS_0x7ed9,CUS_0x7ed9_2024_02_01,0,2024-08-01
CUS_0x7eda,CUS_0x7eda_2024_02_01,0,2024-08-01
CUS_0x7f5d,CUS_0x7f5d_2024_02_01,1,2024-08-01
CUS_0x7f70,CUS_0x7f70_2024_02_01,0,2024-08-01
CUS_0x7ff3,CUS_0x7ff3_2024_02_01,0,2024-08-01
CUS_0x804b,CUS_0x804b_2024_02_01,0,2024-08-01
CUS_0x8095,CUS_0x8095_2024_02_01,0,2024-08-01
CUS_0x8149,CUS_0x8149_2024_02_01,1,2024-08-01
CUS_0x8175,CUS_0x8175_2024_02_01,0,2024-08-01
CUS_0x817c,CUS_0x817c_2024_02_01,1,2024-08-01
CUS_0x81ae,CUS_0x81ae_2024_02_01,0,2024-08-01
CUS_0x81e2,CUS_0x81e2_2024_02_01,0,2024-08-01
CUS_0x81ff,CUS_0x81ff_2024_02_01,0,2024-08-01
CUS_0x82a5,CUS_0x82a5_2024_02_01,0,2024-08-01
CUS_0x8359,CUS_0x8359_2024_02_01,0,2024-08-01
CUS_0x83dc,CUS_0x83dc_2024_02_01,0,2024-08-01
CUS_0x8466,CUS_0x8466_2024_02_01,0,2024-08-01
CUS_0x847b,CUS_0x847b_2024_02_01,1,2024-08-01
CUS_0x84c9,CUS_0x84c9_2024_02_01,0,2024-08-01
CUS_0x84df,CUS_0x84df_2024_02_01,0,2024-08-01
CUS_0x857a,CUS_0x857a_2024_02_01,0,2024-08-01
CUS_0x858b,CUS_0x858b_2024_02_01,0,2024-08-01
CUS_0x85c0,CUS_0x85c0_2024_02_01,0,2024-08-01
CUS_0x85d5,CUS_0x85d5_2024_02_01,0,2024-08-01
CUS_0x8653,CUS_0x8653_2024_02_01,0,2024-08-01
CUS_0x8661,CUS_0x8661_2024_02_01,0,2024-08-01
CUS_0x86b5,CUS_0x86b5_2024_02_01,1,2024-08-01
CUS_0x86ea,CUS_0x86ea_2024_02_01,0,2024-08-01
CUS_0x8711,CUS_0x8711_2024_02_01,0,2024-08-01
CUS_0x8725,CUS_0x8725_2024_02_01,0,2024-08-01
CUS_0x872b,CUS_0x872b_2024_02_01,1,2024-08-01
CUS_0x872d,CUS_0x872d_2024_02_01,1,2024-08-01
CUS_0x8853,CUS_0x8853_2024_02_01,0,2024-08-01
CUS_0x887c,CUS_0x887c_2024_02_01,1,2024-08-01
CUS_0x88a6,CUS_0x88a6_2024_02_01,1,2024-08-01
CUS_0x8980,CUS_0x8980_2024_02_01,1,2024-08-01
CUS_0x8a47,CUS_0x8a47_2024_02_01,0,2024-08-01
CUS_0x8a5c,CUS_0x8a5c_2024_02_01,1,2024-08-01
CUS_0x8a84,CUS_0x8a84_2024_02_01,0,2024-08-01
CUS_0x8ac5,CUS_0x8ac5_2024_02_01,0,2024-08-01
CUS_0x8b8,CUS_0x8b8_2024_02_01,0,2024-08-01
CUS_0x8c03,CUS_0x8c03_2024_02_01,0,2024-08-01
CUS_0x8c2d,CUS_0x8c2d_2024_02_01,0,2024-08-01
CUS_0x8c76,CUS_0x8c76_2024_02_01,0,2024-08-01
CUS_0x8cd4,CUS_0x8cd4_2024_02_01,0,2024-08-01
CUS_0x8da1,CUS_0x8da1_2024_02_01,0,2024-08-01
CUS_0x8e3,CUS_0x8e3_2024_02_01,0,2024-08-01
CUS_0x5054,CUS_0x5054_2024_04_01,0,2024-10-01
CUS_0x506d,CUS_0x506d_2024_04_01,0,2024-10-01
CUS_0x509e,CUS_0x509e_2024_04_01,1,2024-10-01
CUS_0x50ef,CUS_0x50ef_2024_04_01,0,2024-10-01
CUS_0x514e,CUS_0x514e_2024_04_01,0,2024-10-01
CUS_0x516c,CUS_0x516c_2024_04_01,0,2024-10-01
CUS_0x5171,CUS_0x5171_2024_04_01,0,2024-10-01
CUS_0x51d8,CUS_0x51d8_2024_04_01,0,2024-10-01
CUS_0x5269,CUS_0x5269_2024_04_01,1,2024-10-01
CUS_0x52e7,CUS_0x52e7_2024_04_01,1,2024-10-01
CUS_0x5309,CUS_0x5309_2024_04_01,0,2024-10-01
CUS_0x530c,CUS_0x530c_2024_04_01,0,2024-10-01
CUS_0x53bc,CUS_0x53bc_2024_04_01,0,2024-10-01
CUS_0x5407,CUS_0x5407_2024_04_01,1,2024-10-01
CUS_0x542c,CUS_0x542c_2024_04_01,0,2024-10-01
CUS_0x5465,CUS_0x5465_2024_04_01,0,2024-10-01
CUS_0x5479,CUS_0x5479_2024_04_01,0,2024-10-01
CUS_0x554b,CUS_0x554b_2024_04_01,0,2024-10-01
CUS_0x5554,CUS_0x5554_2024_04_01,1,2024-10-01
CUS_0x55c7,CUS_0x55c7_2024_04_01,0,2024-10-01
CUS_0x563b,CUS_0x563b_2024_04_01,0,2024-10-01
CUS_0x56bb,CUS_0x56bb_2024_04_01,1,2024-10-01
CUS_0x56ef,CUS_0x56ef_2024_04_01,1,2024-10-01
CUS_0x56f,CUS_0x56f_2024_04_01,0,2024-10-01
CUS_0x575a,CUS_0x575a_2024_04_01,0,2024-10-01
CUS_0x57dc,CUS_0x57dc_2024_04_01,0,2024-10-01
CUS_0x57e,CUS_0x57e_2024_04_01,0,2024-10-01
CUS_0x5859,CUS_0x5859_2024_04_01,0,2024-10-01
CUS_0x58b5,CUS_0x58b5_2024_04_01,0,2024-10-01
CUS_0x5978,CUS_0x5978_2024_04_01,1,2024-10-01
CUS_0x598d,CUS_0x598d_2024_04_01,0,2024-10-01
CUS_0x599f,CUS_0x599f_2024_04_01,0,2024-10-01
CUS_0x59dc,CUS_0x59dc_2024_04_01,0,2024-10-01
CUS_0x5a92,CUS_0x5a92_2024_04_01,0,2024-10-01
CUS_0x5b90,CUS_0x5b90_2024_04_01,0,2024-10-01
CUS_0x5be7,CUS_0x5be7_2024_04_01,0,2024-10-01
CUS_0x5bfe,CUS_0x5bfe_2024_04_01,0,2024-10-01
CUS_0x5c0f,CUS_0x5c0f_2024_04_01,1,2024-10-01
CUS_0x5c89,CUS_0x5c89_2024_04_01,1,2024-10-01
CUS_0x5c90,CUS_0x5c90_2024_04_01,0,2024-10-01
CUS_0x5cde,CUS_0x5cde_2024_04_01,0,2024-10-01
CUS_0x5d09,CUS_0x5d09_2024_04_01,0,2024-10-01
CUS_0x5d36,CUS_0x5d36_2024_04_01,0,2024-10-01
CUS_0x5d43,CUS_0x5d43_2024_04_01,0,2024-10-01
CUS_0x5db1,CUS_0x5db1_2024_04_01,0,2024-10-01
CUS_0x5e00,CUS_0x5e00_2024_04_01,1,2024-10-01
CUS_0x5e40,CUS_0x5e40_2024_04_01,1,2024-10-01
CUS_0x5e7f,CUS_0x5e7f_2024_04_01,1,2024-10-01
CUS_0x5eae,CUS_0x5eae_2024_04_01,0,2024-10-01
CUS_0x5ed4,CUS_0x5ed4_2024_04_01,0,2024-10-01
CUS_0x5f15,CUS_0x5f15_2024_04_01,0,2024-10-01
CUS_0x5ffc,CUS_0x5ffc_2024_04_01,0,2024-10-01
CUS_0x604a,CUS_0x604a_2024_04_01,0,2024-10-01
CUS_0x6083,CUS_0x6083_2024_04_01,0,2024-10-01
CUS_0x60d,CUS_0x60d_2024_04_01,0,2024-10-01
CUS_0x60e3,CUS_0x60e3_2024_04_01,0,2024-10-01
CUS_0x612d,CUS_0x612d_2024_04_01,0,2024-10-01
CUS_0x6138,CUS_0x6138_2024_04_01,0,2024-10-01
CUS_0x62b5,CUS_0x62b5_2024_04_01,0,2024-10-01
CUS_0x62f4,CUS_0x62f4_2024_04_01,0,2024-10-01
CUS_0x633b,CUS_0x633b_2024_04_01,0,2024-10-01
CUS_0x636b,CUS_0x636b_2024_04_01,0,2024-10-01
CUS_0x6387,CUS_0x6387_2024_04_01,0,2024-10-01
CUS_0x63fe,CUS_0x63fe_2024_04_01,1,2024-10-01
CUS_0x646e,CUS_0x646e_2024_04_01,0,2024-10-01
CUS_0x64a5,CUS_0x64a5_2024_04_01,0,2024-10-01
CUS_0x64e7,CUS_0x64e7_2024_04_01,0,2024-10-01
CUS_0x6525,CUS_0x6525_2024_04_01,1,2024-10-01
CUS_0x6573,CUS_0x6573_2024_04_01,0,2024-10-01
CUS_0x659f,CUS_0x659f_2024_04_01,1,2024-10-01
CUS_0x65ab,CUS_0x65ab_2024_04_01,1,2024-10-01
CUS_0x665c,CUS_0x665c_2024_04_01,1,2024-10-01
CUS_0x667a,CUS_0x667a_2024_04_01,1,2024-10-01
CUS_0x66ce,CUS_0x66ce_2024_04_01,0,2024-10-01
CUS_0x6794,CUS_0x6794_2024_04_01,0,2024-10-01
CUS_0x682c,CUS_0x682c_2024_04_01,1,2024-10-01
CUS_0x6853,CUS_0x6853_2024_04_01,1,2024-10-01
CUS_0x6896,CUS_0x6896_2024_04_01,1,2024-10-01
CUS_0x68ea,CUS_0x68ea_2024_04_01,0,2024-10-01
CUS_0x691a,CUS_0x691a_2024_04_01,0,2024-10-01
CUS_0x696,CUS_0x696_2024_04_01,0,2024-10-01
CUS_0x69c7,CUS_0x69c7_2024_04_01,1,2024-10-01
CUS_0x6a8b,CUS_0x6a8b_2024_04_01,0,2024-10-01
CUS_0x6abc,CUS_0x6abc_2024_04_01,0,2024-10-01
CUS_0x6b89,CUS_0x6b89_2024_04_01,0,2024-10-01
CUS_0x6c2a,CUS_0x6c2a_2024_04_01,0,2024-10-01
CUS_0x6cb3,CUS_0x6cb3_2024_04_01,0,2024-10-01
CUS_0x6df5,CUS_0x6df5_2024_04_01,1,2024-10-01
CUS_0x6e64,CUS_0x6e64_2024_04_01,0,2024-10-01
CUS_0x6ea4,CUS_0x6ea4_2024_04_01,0,2024-10-01
CUS_0x6ee0,CUS_0x6ee0_2024_04_01,1,2024-10-01
CUS_0x6f22,CUS_0x6f22_2024_04_01,0,2024-10-01
CUS_0x6f72,CUS_0x6f72_2024_04_01,1,2024-10-01
CUS_0x700f,CUS_0x700f_2024_04_01,0,2024-10-01
CUS_0x7016,CUS_0x7016_2024_04_01,1,2024-10-01
CUS_0x707c,CUS_0x707c_2024_04_01,0,2024-10-01
CUS_0x7091,CUS_0x7091_2024_04_01,1,2024-10-01
CUS_0x7174,CUS_0x7174_2024_04_01,0,2024-10-01
CUS_0x727e,CUS_0x727e_2024_04_01,0,2024-10-01
CUS_0x7284,CUS_0x7284_2024_04_01,1,2024-10-01
CUS_0x731c,CUS_0x731c_2024_04_01,0,2024-10-01
CUS_0x737a,CUS_0x737a_2024_04_01,0,2024-10-01
CUS_0x73aa,CUS_0x73aa_2024_04_01,0,2024-10-01
CUS_0x73de,CUS_0x73de_2024_04_01,0,2024-10-01
CUS_0x744b,CUS_0x744b_2024_04_01,1,2024-10-01
CUS_0x748,CUS_0x748_2024_04_01,0,2024-10-01
CUS_0x74e5,CUS_0x74e5_2024_04_01,0,2024-10-01
CUS_0x7527,CUS_0x7527_2024_04_01,1,2024-10-01
CUS_0x7562,CUS_0x7562_2024_04_01,1,2024-10-01
CUS_0x7570,CUS_0x7570_2024_04_01,0,2024-10-01
CUS_0x7590,CUS_0x7590_2024_04_01,0,2024-10-01
CUS_0x75e3,CUS_0x75e3_2024_04_01,1,2024-10-01
CUS_0x763a,CUS_0x763a_2024_04_01,0,2024-10-01
CUS_0x7640,CUS_0x7640_2024_04_01,0,2024-10-01
CUS_0x7656,CUS_0x7656_2024_04_01,0,2024-10-01
CUS_0x76d0,CUS_0x76d0_2024_04_01,0,2024-10-01
CUS_0x7720,CUS_0x7720_2024_04_01,0,2024-10-01
CUS_0x778a,CUS_0x778a_2024_04_01,0,2024-10-01
CUS_0x77fa,CUS_0x77fa_2024_04_01,1,2024-10-01
CUS_0x7879,CUS_0x7879_2024_04_01,0,2024-10-01
CUS_0x790d,CUS_0x790d_2024_04_01,0,2024-10-01
CUS_0x791e,CUS_0x791e_2024_04_01,0,2024-10-01
CUS_0x792d,CUS_0x792d_2024_04_01,0,2024-10-01
CUS_0x7972,CUS_0x7972_2024_04_01,1,2024-10-01
CUS_0x7993,CUS_0x7993_2024_04_01,0,2024-10-01
CUS_0x79ad,CUS_0x79ad_2024_04_01,0,2024-10-01
CUS_0x7a6c,CUS_0x7a6c_2024_04_01,1,2024-10-01
CUS_0x7ac9,CUS_0x7ac9_2024_04_01,0,2024-10-01
CUS_0x7ae4,CUS_0x7ae4_2024_04_01,0,2024-10-01
CUS_0x7b3c,CUS_0x7b3c_2024_04_01,0,2024-10-01
CUS_0x7b40,CUS_0x7b40_2024_04_01,1,2024-10-01
CUS_0x7b61,CUS_0x7b61_2024_04_01,0,2024-10-01
CUS_0x7c0f,CUS_0x7c0f_2024_04_01,0,2024-10-01
CUS_0x7c6d,CUS_0x7c6d_2024_04_01,1,2024-10-01
CUS_0x7cbf,CUS_0x7cbf_2024_04_01,0,2024-10-01
CUS_0x7cec,CUS_0x7cec_2024_04_01,0,2024-10-01
CUS_0x7d40,CUS_0x7d40_2024_04_01,0,2024-10-01
CUS_0x7e8d,CUS_0x7e8d_2024_04_01,0,2024-10-01
CUS_0x7f0a,CUS_0x7f0a_2024_04_01,0,2024-10-01
CUS_0x7f47,CUS_0x7f47_2024_04_01,0,2024-10-01
CUS_0x806f,CUS_0x806f_2024_04_01,0,2024-10-01
CUS_0x80bd,CUS_0x80bd_2024_04_01,0,2024-10-01
CUS_0x80d,CUS_0x80d_2024_04_01,0,2024-10-01
CUS_0x80dd,CUS_0x80dd_2024_04_01,0,2024-10-01
CUS_0x8158,CUS_0x8158_2024_04_01,0,2024-10-01
CUS_0x81d3,CUS_0x81d3_2024_04_01,0,2024-10-01
CUS_0x824c,CUS_0x824c_2024_04_01,0,2024-10-01
CUS_0x831,CUS_0x831_2024_04_01,1,2024-10-01
CUS_0x8369,CUS_0x8369_2024_04_01,0,2024-10-01
CUS_0x838a,CUS_0x838a_2024_04_01,0,2024-10-01
CUS_0x83a7,CUS_0x83a7_2024_04_01,0,2024-10-01
CUS_0x85bd,CUS_0x85bd_2024_04_01,1,2024-10-01
CUS_0x85dd,CUS_0x85dd_2024_04_01,0,2024-10-01
CUS_0x8628,CUS_0x8628_2024_04_01,0,2024-10-01
CUS_0x86a8,CUS_0x86a8_2024_04_01,0,2024-10-01
CUS_0x879a,CUS_0x879a_2024_04_01,0,2024-10-01
CUS_0x87b4,CUS_0x87b4_2024_04_01,0,2024-10-01
CUS_0x87e2,CUS_0x87e2_2024_04_01,0,2024-10-01
CUS_0x880e,CUS_0x880e_2024_04_01,0,2024-10-01
CUS_0x8823,CUS_0x8823_2024_04_01,0,2024-10-01
CUS_0x883e,CUS_0x883e_2024_04_01,0,2024-10-01
CUS_0x8858,CUS_0x8858_2024_04_01,1,2024-10-01
CUS_0x885c,CUS_0x885c_2024_04_01,0,2024-10-01
CUS_0x8894,CUS_0x8894_2024_04_01,0,2024-10-01
CUS_0x88c,CUS_0x88c_2024_04_01,0,2024-10-01
CUS_0x8a12,CUS_0x8a12_2024_04_01,0,2024-10-01
CUS_0x8a8e,CUS_0x8a8e_2024_04_01,1,2024-10-01
CUS_0x8af1,CUS_0x8af1_2024_04_01,0,2024-10-01
CUS_0x8b06,CUS_0x8b06_2024_04_01,0,2024-10-01
CUS_0x8bd4,CUS_0x8bd4_2024_04_01,0,2024-10-01
CUS_0x8bdd,CUS_0x8bdd_2024_04_01,0,2024-10-01
CUS_0x8cbe,CUS_0x8cbe_2024_04_01,0,2024-10-01
CUS_0x50e1,CUS_0x50e1_2024_06_01,0,2024-12-01
CUS_0x5146,CUS_0x5146_2024_06_01,0,2024-12-01
CUS_0x5195,CUS_0x5195_2024_06_01,0,2024-12-01
CUS_0x5284,CUS_0x5284_2024_06_01,0,2024-12-01
CUS_0x5324,CUS_0x5324_2024_06_01,0,2024-12-01
CUS_0x5337,CUS_0x5337_2024_06_01,0,2024-12-01
CUS_0x536e,CUS_0x536e_2024_06_01,1,2024-12-01
CUS_0x53f6,CUS_0x53f6_2024_06_01,0,2024-12-01
CUS_0x541c,CUS_0x541c_2024_06_01,0,2024-12-01
CUS_0x5436,CUS_0x5436_2024_06_01,0,2024-12-01
CUS_0x5494,CUS_0x5494_2024_06_01,1,2024-12-01
CUS_0x54c3,CUS_0x54c3_2024_06_01,1,2024-12-01
CUS_0x5501,CUS_0x5501_2024_06_01,1,2024-12-01
CUS_0x558e,CUS_0x558e_2024_06_01,0,2024-12-01
CUS_0x559c,CUS_0x559c_2024_06_01,0,2024-12-01
CUS_0x56a,CUS_0x56a_2024_06_01,0,2024-12-01
CUS_0x56c3,CUS_0x56c3_2024_06_01,1,2024-12-01
CUS_0x5749,CUS_0x5749_2024_06_01,0,2024-12-01
CUS_0x5781,CUS_0x5781_2024_06_01,0,2024-12-01
CUS_0x5786,CUS_0x5786_2024_06_01,1,2024-12-01
CUS_0x58aa,CUS_0x58aa_2024_06_01,0,2024-12-01
CUS_0x59e9,CUS_0x59e9_2024_06_01,1,2024-12-01
CUS_0x5a2,CUS_0x5a2_2024_06_01,1,2024-12-01
CUS_0x5a67,CUS_0x5a67_2024_06_01,0,2024-12-01
CUS_0x5a81,CUS_0x5a81_2024_06_01,1,2024-12-01
CUS_0x5a9f,CUS_0x5a9f_2024_06_01,0,2024-12-01
CUS_0x5b22,CUS_0x5b22_2024_06_01,1,2024-12-01
CUS_0x5b2f,CUS_0x5b2f_2024_06_01,0,2024-12-01
CUS_0x5b48,CUS_0x5b48_2024_06_01,1,2024-12-01
CUS_0x5bac,CUS_0x5bac_2024_06_01,0,2024-12-01
CUS_0x5be5,CUS_0x5be5_2024_06_01,0,2024-12-01
CUS_0x5bec,CUS_0x5bec_2024_06_01,1,2024-12-01
CUS_0x5bf0,CUS_0x5bf0_2024_06_01,0,2024-12-01
CUS_0x5bf2,CUS_0x5bf2_2024_06_01,0,2024-12-01
CUS_0x5c28,CUS_0x5c28_2024_06_01,0,2024-12-01
CUS_0x5c44,CUS_0x5c44_2024_06_01,0,2024-12-01
CUS_0x5c65,CUS_0x5c65_2024_06_01,0,2024-12-01
CUS_0x5c75,CUS_0x5c75_2024_06_01,0,2024-12-01
CUS_0x5c87,CUS_0x5c87_2024_06_01,0,2024-12-01
CUS_0x5d34,CUS_0x5d34_2024_06_01,0,2024-12-01
CUS_0x5d82,CUS_0x5d82_2024_06_01,0,2024-12-01
CUS_0x5dd3,CUS_0x5dd3_2024_06_01,0,2024-12-01
CUS_0x5deb,CUS_0x5deb_2024_06_01,0,2024-12-01
CUS_0x5e16,CUS_0x5e16_2024_06_01,0,2024-12-01
CUS_0x5e9d,CUS_0x5e9d_2024_06_01,1,2024-12-01
CUS_0x5eaf,CUS_0x5eaf_2024_06_01,0,2024-12-01
CUS_0x5f45,CUS_0x5f45_2024_06_01,0,2024-12-01
CUS_0x5f4f,CUS_0x5f4f_2024_06_01,1,2024-12-01
CUS_0x5f67,CUS_0x5f67_2024_06_01,0,2024-12-01
CUS_0x5f6e,CUS_0x5f6e_2024_06_01,0,2024-12-01
CUS_0x5f9a,CUS_0x5f9a_2024_06_01,0,2024-12-01
CUS_0x6144,CUS_0x6144_2024_06_01,1,2024-12-01
CUS_0x615a,CUS_0x615a_2024_06_01,0,2024-12-01
CUS_0x618c,CUS_0x618c_2024_06_01,0,2024-12-01
CUS_0x619d,CUS_0x619d_2024_06_01,1,2024-12-01
CUS_0x61fb,CUS_0x61fb_2024_06_01,0,2024-12-01
CUS_0x6247,CUS_0x6247_2024_06_01,0,2024-12-01
CUS_0x627b,CUS_0x627b_2024_06_01,1,2024-12-01
CUS_0x62a4,CUS_0x62a4_2024_06_01,0,2024-12-01
CUS_0x62da,CUS_0x62da_2024_06_01,0,2024-12-01
CUS_0x62f5,CUS_0x62f5_2024_06_01,0,2024-12-01
CUS_0x631d,CUS_0x631d_2024_06_01,1,2024-12-01
CUS_0x6334,CUS_0x6334_2024_06_01,0,2024-12-01
CUS_0x6341,CUS_0x6341_2024_06_01,0,2024-12-01
CUS_0x6343,CUS_0x6343_2024_06_01,0,2024-12-01
CUS_0x6346,CUS_0x6346_2024_06_01,0,2024-12-01
CUS_0x638,CUS_0x638_2024_06_01,0,2024-12-01
CUS_0x63df,CUS_0x63df_2024_06_01,0,2024-12-01
CUS_0x63f3,CUS_0x63f3_2024_06_01,1,2024-12-01
CUS_0x6407,CUS_0x6407_2024_06_01,1,2024-12-01
CUS_0x641b,CUS_0x641b_2024_06_01,0,2024-12-01
CUS_0x641f,CUS_0x641f_2024_06_01,1,2024-12-01
CUS_0x6529,CUS_0x6529_2024_06_01,0,2024-12-01
CUS_0x6556,CUS_0x6556_2024_06_01,0,2024-12-01
CUS_0x6575,CUS_0x6575_2024_06_01,0,2024-12-01
CUS_0x6678,CUS_0x6678_2024_06_01,0,2024-12-01
CUS_0x672e,CUS_0x672e_2024_06_01,0,2024-12-01
CUS_0x675,CUS_0x675_2024_06_01,0,2024-12-01
CUS_0x676c,CUS_0x676c_2024_06_01,0,2024-12-01
CUS_0x67e1,CUS_0x67e1_2024_06_01,0,2024-12-01
CUS_0x67e7,CUS_0x67e7_2024_06_01,1,2024-12-01
CUS_0x67ff,CUS_0x67ff_2024_06_01,1,2024-12-01
CUS_0x683,CUS_0x683_2024_06_01,0,2024-12-01
CUS_0x6956,CUS_0x6956_2024_06_01,1,2024-12-01
CUS_0x69cd,CUS_0x69cd_2024_06_01,1,2024-12-01
CUS_0x69d5,CUS_0x69d5_2024_06_01,1,2024-12-01
CUS_0x6a52,CUS_0x6a52_2024_06_01,0,2024-12-01
CUS_0x6a56,CUS_0x6a56_2024_06_01,1,2024-12-01
CUS_0x6a7e,CUS_0x6a7e_2024_06_01,0,2024-12-01
CUS_0x6a81,CUS_0x6a81_2024_06_01,0,2024-12-01
CUS_0x6ae2,CUS_0x6ae2_2024_06_01,0,2024-12-01
CUS_0x6aea,CUS_0x6aea_2024_06_01,1,2024-12-01
CUS_0x6ba2,CUS_0x6ba2_2024_06_01,0,2024-12-01
CUS_0x6ba3,CUS_0x6ba3_2024_06_01,0,2024-12-01
CUS_0x6bb2,CUS_0x6bb2_2024_06_01,0,2024-12-01
CUS_0x6c5c,CUS_0x6c5c_2024_06_01,0,2024-12-01
CUS_0x6ccd,CUS_0x6ccd_2024_06_01,0,2024-12-01
CUS_0x6cec,CUS_0x6cec_2024_06_01,0,2024-12-01
CUS_0x6d4e,CUS_0x6d4e_2024_06_01,0,2024-12-01
CUS_0x6dd3,CUS_0x6dd3_2024_06_01,1,2024-12-01
CUS_0x6df7,CUS_0x6df7_2024_06_01,0,2024-12-01
CUS_0x6e95,CUS_0x6e95_2024_06_01,1,2024-12-01
CUS_0x6ea9,CUS_0x6ea9_2024_06_01,0,2024-12-01
CUS_0x6f02,CUS_0x6f02_2024_06_01,1,2024-12-01
CUS_0x6f55,CUS_0x6f55_2024_06_01,0,2024-12-01
CUS_0x7036,CUS_0x7036_2024_06_01,1,2024-12-01
CUS_0x7047,CUS_0x7047_2024_06_01,0,2024-12-01
CUS_0x7069,CUS_0x7069_2024_06_01,1,2024-12-01
CUS_0x7181,CUS_0x7181_2024_06_01,0,2024-12-01
CUS_0x719,CUS_0x719_2024_06_01,0,2024-12-01
CUS_0x71eb,CUS_0x71eb_2024_06_01,1,2024-12-01
CUS_0x7233,CUS_0x7233_2024_06_01,0,2024-12-01
CUS_0x7250,CUS_0x7250_2024_06_01,0,2024-12-01
CUS_0x72ce,CUS_0x72ce_2024_06_01,0,2024-12-01
CUS_0x73ec,CUS_0x73ec_2024_06_01,0,2024-12-01
CUS_0x7450,CUS_0x7450_2024_06_01,1,2024-12-01
CUS_0x7468,CUS_0x7468_2024_06_01,1,2024-12-01
CUS_0x74e9,CUS_0x74e9_2024_06_01,0,2024-12-01
CUS_0x757d,CUS_0x757d_2024_06_01,1,2024-12-01
CUS_0x759c,CUS_0x759c_2024_06_01,0,2024-12-01
CUS_0x75f2,CUS_0x75f2_2024_06_01,0,2024-12-01
CUS_0x76af,CUS_0x76af_2024_06_01,0,2024-12-01
CUS_0x76cf,CUS_0x76cf_2024_06_01,1,2024-12-01
CUS_0x76f6,CUS_0x76f6_2024_06_01,0,2024-12-01
CUS_0x7716,CUS_0x7716_2024_06_01,1,2024-12-01
CUS_0x7751,CUS_0x7751_2024_06_01,0,2024-12-01
CUS_0x7767,CUS_0x7767_2024_06_01,1,2024-12-01
CUS_0x776d,CUS_0x776d_2024_06_01,0,2024-12-01
CUS_0x7793,CUS_0x7793_2024_06_01,0,2024-12-01
CUS_0x7916,CUS_0x7916_2024_06_01,0,2024-12-01
CUS_0x793,CUS_0x793_2024_06_01,0,2024-12-01
CUS_0x795e,CUS_0x795e_2024_06_01,0,2024-12-01
CUS_0x7968,CUS_0x7968_2024_06_01,0,2024-12-01
CUS_0x7976,CUS_0x7976_2024_06_01,0,2024-12-01
CUS_0x7986,CUS_0x7986_2024_06_01,1,2024-12-01
CUS_0x79b,CUS_0x79b_2024_06_01,0,2024-12-01
CUS_0x79bc,CUS_0x79bc_2024_06_01,1,2024-12-01
CUS_0x79bf,CUS_0x79bf_2024_06_01,0,2024-12-01
CUS_0x7a10,CUS_0x7a10_2024_06_01,0,2024-12-01
CUS_0x7aec,CUS_0x7aec_2024_06_01,0,2024-12-01
CUS_0x7b09,CUS_0x7b09_2024_06_01,0,2024-12-01
CUS_0x7b15,CUS_0x7b15_2024_06_01,0,2024-12-01
CUS_0x7b23,CUS_0x7b23_2024_06_01,0,2024-12-01
CUS_0x7b6,CUS_0x7b6_2024_06_01,0,2024-12-01
CUS_0x7b75,CUS_0x7b75_2024_06_01,1,2024-12-01
CUS_0x7be4,CUS_0x7be4_2024_06_01,1,2024-12-01
CUS_0x7c2a,CUS_0x7c2a_2024_06_01,1,2024-12-01
CUS_0x7c7a,CUS_0x7c7a_2024_06_01,0,2024-12-01
CUS_0x7d41,CUS_0x7d41_2024_06_01,0,2024-12-01
CUS_0x7db2,CUS_0x7db2_2024_06_01,0,2024-12-01
CUS_0x7eec,CUS_0x7eec_2024_06_01,1,2024-12-01
CUS_0x7f3,CUS_0x7f3_2024_06_01,1,2024-12-01
CUS_0x7f56,CUS_0x7f56_2024_06_01,1,2024-12-01
CUS_0x7f61,CUS_0x7f61_2024_06_01,0,2024-12-01
CUS_0x7fd1,CUS_0x7fd1_2024_06_01,0,2024-12-01
CUS_0x800,CUS_0x800_2024_06_01,0,2024-12-01
CUS_0x8006,CUS_0x8006_2024_06_01,0,2024-12-01
CUS_0x808,CUS_0x808_2024_06_01,0,2024-12-01
CUS_0x8141,CUS_0x8141_2024_06_01,1,2024-12-01
CUS_0x81ee,CUS_0x81ee_2024_06_01,0,2024-12-01
CUS_0x8266,CUS_0x8266_2024_06_01,0,2024-12-01
CUS_0x82e6,CUS_0x82e6_2024_06_01,0,2024-12-01
CUS_0x82fa,CUS_0x82fa_2024_06_01,0,2024-12-01
CUS_0x831c,CUS_0x831c_2024_06_01,1,2024-12-01
CUS_0x847e,CUS_0x847e_2024_06_01,1,2024-12-01
CUS_0x8564,CUS_0x8564_2024_06_01,0,2024-12-01
CUS_0x859a,CUS_0x859a_2024_06_01,0,2024-12-01
CUS_0x85b9,CUS_0x85b9_2024_06_01,1,2024-12-01
CUS_0x868a,CUS_0x868a_2024_06_01,0,2024-12-01
CUS_0x86fb,CUS_0x86fb_2024_06_01,1,2024-12-01
CUS_0x873f,CUS_0x873f_2024_06_01,0,2024-12-01
CUS_0x87c9,CUS_0x87c9_2024_06_01,1,2024-12-01
CUS_0x88f6,CUS_0x88f6_2024_06_01,0,2024-12-01
CUS_0x8967,CUS_0x8967_2024_06_01,0,2024-12-01
CUS_0x8a36,CUS_0x8a36_2024_06_01,1,2024-12-01
CUS_0x8a89,CUS_0x8a89_2024_06_01,0,2024-12-01
CUS_0x8a90,CUS_0x8a90_2024_06_01,0,2024-12-01
CUS_0x8aa2,CUS_0x8aa2_2024_06_01,0,2024-12-01
CUS_0x8ac4,CUS_0x8ac4_2024_06_01,1,2024-12-01
CUS_0x8ad,CUS_0x8ad_2024_06_01,0,2024-12-01
CUS_0x8ad5,CUS_0x8ad5_2024_06_01,0,2024-12-01
CUS_0x8b12,CUS_0x8b12_2024_06_01,0,2024-12-01
CUS_0x8bba,CUS_0x8bba_2024_06_01,1,2024-12-01
CUS_0x8c11,CUS_0x8c11_2024_06_01,0,2024-12-01
CUS_0x8c27,CUS_0x8c27_2024_06_01,1,2024-12-01
CUS_0x8c68,CUS_0x8c68_2024_06_01,0,2024-12-01
CUS_0x8c6d,CUS_0x8c6d_2024_06_01,0,2024-12-01
CUS_0x8d22,CUS_0x8d22_2024_06_01,1,2024-12-01
CUS_0x8d43,CUS_0x8d43_2024_06_01,1,2024-12-01
CUS_0x8d7e,CUS_0x8d7e_2024_06_01,0,2024-12-01
CUS_0x504e,CUS_0x504e_2023_08_01,0,2024-02-01
CUS_0x5052,CUS_0x5052_2023_08_01,1,2024-02-01
CUS_0x506c,CUS_0x506c_2023_08_01,0,2024-02-01
CUS_0x509d,CUS_0x509d_2023_08_01,0,2024-02-01
CUS_0x510b,CUS_0x510b_2023_08_01,0,2024-02-01
CUS_0x5190,CUS_0x5190_2023_08_01,0,2024-02-01
CUS_0x51fe,CUS_0x51fe_2023_08_01,0,2024-02-01
CUS_0x5208,CUS_0x5208_2023_08_01,1,2024-02-01
CUS_0x520a,CUS_0x520a_2023_08_01,1,2024-02-01
CUS_0x52dd,CUS_0x52dd_2023_08_01,0,2024-02-01
CUS_0x530e,CUS_0x530e_2023_08_01,0,2024-02-01
CUS_0x5323,CUS_0x5323_2023_08_01,0,2024-02-01
CUS_0x5385,CUS_0x5385_2023_08_01,0,2024-02-01
CUS_0x5421,CUS_0x5421_2023_08_01,0,2024-02-01
CUS_0x543,CUS_0x543_2023_08_01,0,2024-02-01
CUS_0x54be,CUS_0x54be_2023_08_01,0,2024-02-01
CUS_0x5537,CUS_0x5537_2023_08_01,0,2024-02-01
CUS_0x5587,CUS_0x5587_2023_08_01,1,2024-02-01
CUS_0x55da,CUS_0x55da_2023_08_01,0,2024-02-01
CUS_0x5606,CUS_0x5606_2023_08_01,0,2024-02-01
CUS_0x5628,CUS_0x5628_2023_08_01,0,2024-02-01
CUS_0x5637,CUS_0x5637_2023_08_01,1,2024-02-01
CUS_0x568f,CUS_0x568f_2023_08_01,0,2024-02-01
CUS_0x56b9,CUS_0x56b9_2023_08_01,0,2024-02-01
CUS_0x56f9,CUS_0x56f9_2023_08_01,0,2024-02-01
CUS_0x570b,CUS_0x570b_2023_08_01,0,2024-02-01
CUS_0x5746,CUS_0x5746_2023_08_01,0,2024-02-01
CUS_0x5794,CUS_0x5794_2023_08_01,0,2024-02-01
CUS_0x57f2,CUS_0x57f2_2023_08_01,0,2024-02-01
CUS_0x57f3,CUS_0x57f3_2023_08_01,0,2024-02-01
CUS_0x57f5,CUS_0x57f5_2023_08_01,0,2024-02-01
CUS_0x5817,CUS_0x5817_2023_08_01,1,2024-02-01
CUS_0x5959,CUS_0x5959_2023_08_01,1,2024-02-01
CUS_0x59cf,CUS_0x59cf_2023_08_01,0,2024-02-01
CUS_0x5a3f,CUS_0x5a3f_2023_08_01,0,2024-02-01
CUS_0x5a9e,CUS_0x5a9e_2023_08_01,0,2024-02-01
CUS_0x5b84,CUS_0x5b84_2023_08_01,1,2024-02-01
CUS_0x5bba,CUS_0x5bba_2023_08_01,1,2024-02-01
CUS_0x5c07,CUS_0x5c07_2023_08_01,0,2024-02-01
CUS_0x5cac,CUS_0x5cac_2023_08_01,0,2024-02-01
CUS_0x5de2,CUS_0x5de2_2023_08_01,0,2024-02-01
CUS_0x5df5,CUS_0x5df5_2023_08_01,0,2024-02-01
CUS_0x5e0e,CUS_0x5e0e_2023_08_01,0,2024-02-01
CUS_0x5e78,CUS_0x5e78_2023_08_01,0,2024-02-01
CUS_0x5efc,CUS_0x5efc_2023_08_01,1,2024-02-01
CUS_0x5f5a,CUS_0x5f5a_2023_08_01,0,2024-02-01
CUS_0x5fd2,CUS_0x5fd2_2023_08_01,0,2024-02-01
CUS_0x5fd6,CUS_0x5fd6_2023_08_01,0,2024-02-01
CUS_0x6080,CUS_0x6080_2023_08_01,0,2024-02-01
CUS_0x6084,CUS_0x6084_2023_08_01,1,2024-02-01
CUS_0x61d4,CUS_0x61d4_2023_08_01,1,2024-02-01
CUS_0x622e,CUS_0x622e_2023_08_01,0,2024-02-01
CUS_0x6240,CUS_0x6240_2023_08_01,0,2024-02-01
CUS_0x6287,CUS_0x6287_2023_08_01,0,2024-02-01
CUS_0x628b,CUS_0x628b_2023_08_01,1,2024-02-01
CUS_0x6349,CUS_0x6349_2023_08_01,1,2024-02-01
CUS_0x6400,CUS_0x6400_2023_08_01,0,2024-02-01
CUS_0x643c,CUS_0x643c_2023_08_01,0,2024-02-01
CUS_0x645f,CUS_0x645f_2023_08_01,0,2024-02-01
CUS_0x649e,CUS_0x649e_2023_08_01,0,2024-02-01
CUS_0x64d9,CUS_0x64d9_2023_08_01,0,2024-02-01
CUS_0x64f1,CUS_0x64f1_2023_08_01,0,2024-02-01
CUS_0x6543,CUS_0x6543_2023_08_01,0,2024-02-01
CUS_0x65d7,CUS_0x65d7_2023_08_01,1,2024-02-01
CUS_0x6664,CUS_0x6664_2023_08_01,0,2024-02-01
CUS_0x66d1,CUS_0x66d1_2023_08_01,0,2024-02-01
CUS_0x66df,CUS_0x66df_2023_08_01,0,2024-02-01
CUS_0x67bc,CUS_0x67bc_2023_08_01,0,2024-02-01
CUS_0x687f,CUS_0x687f_2023_08_01,1,2024-02-01
CUS_0x6908,CUS_0x6908_2023_08_01,0,2024-02-01
CUS_0x699f,CUS_0x699f_2023_08_01,0,2024-02-01
CUS_0x69a6,CUS_0x69a6_2023_08_01,0,2024-02-01
CUS_0x69aa,CUS_0x69aa_2023_08_01,0,2024-02-01
CUS_0x6a6c,CUS_0x6a6c_2023_08_01,0,2024-02-01
CUS_0x6a82,CUS_0x6a82_2023_08_01,1,2024-02-01
CUS_0x6b0c,CUS_0x6b0c_2023_08_01,0,2024-02-01
CUS_0x6b9d,CUS_0x6b9d_2023_08_01,1,2024-02-01
CUS_0x6bff,CUS_0x6bff_2023_08_01,1,2024-02-01
CUS_0x6cad,CUS_0x6cad_2023_08_01,0,2024-02-01
CUS_0x6cae,CUS_0x6cae_2023_08_01,1,2024-02-01
CUS_0x6ce,CUS_0x6ce_2023_08_01,0,2024-02-01
CUS_0x6de6,CUS_0x6de6_2023_08_01,0,2024-02-01
CUS_0x6df9,CUS_0x6df9_2023_08_01,0,2024-02-01
CUS_0x6e3b,CUS_0x6e3b_2023_08_01,0,2024-02-01
CUS_0x6fbc,CUS_0x6fbc_2023_08_01,1,2024-02-01
CUS_0x6fbf,CUS_0x6fbf_2023_08_01,1,2024-02-01
CUS_0x7044,CUS_0x7044_2023_08_01,0,2024-02-01
CUS_0x705e,CUS_0x705e_2023_08_01,0,2024-02-01
CUS_0x70f2,CUS_0x70f2_2023_08_01,1,2024-02-01
CUS_0x7129,CUS_0x7129_2023_08_01,1,2024-02-01
CUS_0x71a,CUS_0x71a_2023_08_01,1,2024-02-01
CUS_0x720f,CUS_0x720f_2023_08_01,0,2024-02-01
CUS_0x7245,CUS_0x7245_2023_08_01,0,2024-02-01
CUS_0x725f,CUS_0x725f_2023_08_01,1,2024-02-01
CUS_0x727f,CUS_0x727f_2023_08_01,0,2024-02-01
CUS_0x729,CUS_0x729_2023_08_01,1,2024-02-01
CUS_0x72d2,CUS_0x72d2_2023_08_01,1,2024-02-01
CUS_0x7315,CUS_0x7315_2023_08_01,0,2024-02-01
CUS_0x7334,CUS_0x7334_2023_08_01,0,2024-02-01
CUS_0x7357,CUS_0x7357_2023_08_01,0,2024-02-01
CUS_0x741b,CUS_0x741b_2023_08_01,0,2024-02-01
CUS_0x7467,CUS_0x7467_2023_08_01,0,2024-02-01
CUS_0x74b1,CUS_0x74b1_2023_08_01,1,2024-02-01
CUS_0x74bf,CUS_0x74bf_2023_08_01,0,2024-02-01
CUS_0x74f5,CUS_0x74f5_2023_08_01,0,2024-02-01
CUS_0x7523,CUS_0x7523_2023_08_01,1,2024-02-01
CUS_0x7541,CUS_0x7541_2023_08_01,0,2024-02-01
CUS_0x75ba,CUS_0x75ba_2023_08_01,0,2024-02-01
CUS_0x7677,CUS_0x7677_2023_08_01,0,2024-02-01
CUS_0x7756,CUS_0x7756_2023_08_01,0,2024-02-01
CUS_0x778b,CUS_0x778b_2023_08_01,0,2024-02-01
CUS_0x77a2,CUS_0x77a2_2023_08_01,0,2024-02-01
CUS_0x77da,CUS_0x77da_2023_08_01,1,2024-02-01
CUS_0x787f,CUS_0x787f_2023_08_01,0,2024-02-01
CUS_0x798f,CUS_0x798f_2023_08_01,1,2024-02-01
CUS_0x79c8,CUS_0x79c8_2023_08_01,0,2024-02-01
CUS_0x7a05,CUS_0x7a05_2023_08_01,0,2024-02-01
CUS_0x7a4c,CUS_0x7a4c_2023_08_01,0,2024-02-01
CUS_0x7a56,CUS_0x7a56_2023_08_01,1,2024-02-01
CUS_0x7a68,CUS_0x7a68_2023_08_01,0,2024-02-01
CUS_0x7ab6,CUS_0x7ab6_2023_08_01,0,2024-02-01
CUS_0x7ac7,CUS_0x7ac7_2023_08_01,1,2024-02-01
CUS_0x7bf0,CUS_0x7bf0_2023_08_01,1,2024-02-01
CUS_0x7cf,CUS_0x7cf_2023_08_01,1,2024-02-01
CUS_0x7d80,CUS_0x7d80_2023_08_01,0,2024-02-01
CUS_0x7db4,CUS_0x7db4_2023_08_01,0,2024-02-01
CUS_0x7e51,CUS_0x7e51_2023_08_01,0,2024-02-01
CUS_0x7e86,CUS_0x7e86_2023_08_01,1,2024-02-01
CUS_0x7ea8,CUS_0x7ea8_2023_08_01,1,2024-02-01
CUS_0x7f10,CUS_0x7f10_2023_08_01,1,2024-02-01
CUS_0x7fa0,CUS_0x7fa0_2023_08_01,0,2024-02-01
CUS_0x7fe,CUS_0x7fe_2023_08_01,0,2024-02-01
CUS_0x80b1,CUS_0x80b1_2023_08_01,0,2024-02-01
CUS_0x80b7,CUS_0x80b7_2023_08_01,1,2024-02-01
CUS_0x8112,CUS_0x8112_2023_08_01,1,2024-02-01
CUS_0x8153,CUS_0x8153_2023_08_01,0,2024-02-01
CUS_0x8197,CUS_0x8197_2023_08_01,0,2024-02-01
CUS_0x81ac,CUS_0x81ac_2023_08_01,0,2024-02-01
CUS_0x81bb,CUS_0x81bb_2023_08_01,0,2024-02-01
CUS_0x8291,CUS_0x8291_2023_08_01,1,2024-02-01
CUS_0x8340,CUS_0x8340_2023_08_01,1,2024-02-01
CUS_0x837e,CUS_0x837e_2023_08_01,0,2024-02-01
CUS_0x83bd,CUS_0x83bd_2023_08_01,1,2024-02-01
CUS_0x84b,CUS_0x84b_2023_08_01,0,2024-02-01
CUS_0x84d,CUS_0x84d_2023_08_01,0,2024-02-01
CUS_0x853c,CUS_0x853c_2023_08_01,0,2024-02-01
CUS_0x853f,CUS_0x853f_2023_08_01,0,2024-02-01
CUS_0x854e,CUS_0x854e_2023_08_01,0,2024-02-01
CUS_0x858a,CUS_0x858a_2023_08_01,1,2024-02-01
CUS_0x8680,CUS_0x8680_2023_08_01,1,2024-02-01
CUS_0x8681,CUS_0x8681_2023_08_01,0,2024-02-01
CUS_0x872e,CUS_0x872e_2023_08_01,0,2024-02-01
CUS_0x88c3,CUS_0x88c3_2023_08_01,0,2024-02-01
CUS_0x89ba,CUS_0x89ba_2023_08_01,0,2024-02-01
CUS_0x89be,CUS_0x89be_2023_08_01,1,2024-02-01
CUS_0x89d2,CUS_0x89d2_2023_08_01,0,2024-02-01
CUS_0x8b3,CUS_0x8b3_2023_08_01,0,2024-02-01
CUS_0x8b44,CUS_0x8b44_2023_08_01,1,2024-02-01
CUS_0x8b78,CUS_0x8b78_2023_08_01,0,2024-02-01
CUS_0x8bb3,CUS_0x8bb3_2023_08_01,0,2024-02-01
CUS_0x8bb9,CUS_0x8bb9_2023_08_01,0,2024-02-01
CUS_0x8c8d,CUS_0x8c8d_2023_08_01,1,2024-02-01
CUS_0x8ca,CUS_0x8ca_2023_08_01,0,2024-02-01
CUS_0x8cd2,CUS_0x8cd2_2023_08_01,0,2024-02-01
CUS_0x8cf6,CUS_0x8cf6_2023_08_01,0,2024-02-01
CUS_0x8d0f,CUS_0x8d0f_2023_08_01,0,2024-02-01
CUS_0x5067,CUS_0x5067_2024_05_01,1,2024-11-01
CUS_0x510c,CUS_0x510c_2024_05_01,0,2024-11-01
CUS_0x5353,CUS_0x5353_2024_05_01,1,2024-11-01
CUS_0x5379,CUS_0x5379_2024_05_01,0,2024-11-01
CUS_0x5392,CUS_0x5392_2024_05_01,0,2024-11-01
CUS_0x53bf,CUS_0x53bf_2024_05_01,1,2024-11-01
CUS_0x544d,CUS_0x544d_2024_05_01,1,2024-11-01
CUS_0x54a4,CUS_0x54a4_2024_05_01,0,2024-11-01
CUS_0x552f,CUS_0x552f_2024_05_01,0,2024-11-01
CUS_0x55a1,CUS_0x55a1_2024_05_01,0,2024-11-01
CUS_0x55d3,CUS_0x55d3_2024_05_01,1,2024-11-01
CUS_0x55e6,CUS_0x55e6_2024_05_01,0,2024-11-01
CUS_0x56a5,CUS_0x56a5_2024_05_01,0,2024-11-01
CUS_0x56f5,CUS_0x56f5_2024_05_01,0,2024-11-01
CUS_0x583c,CUS_0x583c_2024_05_01,0,2024-11-01
CUS_0x58d4,CUS_0x58d4_2024_05_01,0,2024-11-01
CUS_0x5953,CUS_0x5953_2024_05_01,0,2024-11-01
CUS_0x59cd,CUS_0x59cd_2024_05_01,0,2024-11-01
CUS_0x5b0d,CUS_0x5b0d_2024_05_01,0,2024-11-01
CUS_0x5b28,CUS_0x5b28_2024_05_01,1,2024-11-01
CUS_0x5bcb,CUS_0x5bcb_2024_05_01,1,2024-11-01
CUS_0x5c5,CUS_0x5c5_2024_05_01,0,2024-11-01
CUS_0x5cdf,CUS_0x5cdf_2024_05_01,0,2024-11-01
CUS_0x5d4f,CUS_0x5d4f_2024_05_01,0,2024-11-01
CUS_0x5e53,CUS_0x5e53_2024_05_01,1,2024-11-01
CUS_0x5f3d,CUS_0x5f3d_2024_05_01,1,2024-11-01
CUS_0x5f7a,CUS_0x5f7a_2024_05_01,0,2024-11-01
CUS_0x5fc5,CUS_0x5fc5_2024_05_01,0,2024-11-01
CUS_0x6156,CUS_0x6156_2024_05_01,1,2024-11-01
CUS_0x61d5,CUS_0x61d5_2024_05_01,1,2024-11-01
CUS_0x61e0,CUS_0x61e0_2024_05_01,0,2024-11-01
CUS_0x6236,CUS_0x6236_2024_05_01,1,2024-11-01
CUS_0x624e,CUS_0x624e_2024_05_01,0,2024-11-01
CUS_0x6282,CUS_0x6282_2024_05_01,0,2024-11-01
CUS_0x6294,CUS_0x6294_2024_05_01,0,2024-11-01
CUS_0x62f8,CUS_0x62f8_2024_05_01,1,2024-11-01
CUS_0x6320,CUS_0x6320_2024_05_01,0,2024-11-01
CUS_0x63b7,CUS_0x63b7_2024_05_01,0,2024-11-01
CUS_0x63f1,CUS_0x63f1_2024_05_01,0,2024-11-01
CUS_0x640e,CUS_0x640e_2024_05_01,0,2024-11-01
CUS_0x641e,CUS_0x641e_2024_05_01,0,2024-11-01
CUS_0x648c,CUS_0x648c_2024_05_01,0,2024-11-01
CUS_0x64ed,CUS_0x64ed_2024_05_01,0,2024-11-01
CUS_0x65cf,CUS_0x65cf_2024_05_01,0,2024-11-01
CUS_0x6698,CUS_0x6698_2024_05_01,0,2024-11-01
CUS_0x66e0,CUS_0x66e0_2024_05_01,0,2024-11-01
CUS_0x670c,CUS_0x670c_2024_05_01,0,2024-11-01
CUS_0x6786,CUS_0x6786_2024_05_01,1,2024-11-01
CUS_0x679e,CUS_0x679e_2024_05_01,1,2024-11-01
CUS_0x67b5,CUS_0x67b5_2024_05_01,0,2024-11-01
CUS_0x67bb,CUS_0x67bb_2024_05_01,0,2024-11-01
CUS_0x6807,CUS_0x6807_2024_05_01,1,2024-11-01
CUS_0x6854,CUS_0x6854_2024_05_01,0,2024-11-01
CUS_0x68b4,CUS_0x68b4_2024_05_01,0,2024-11-01
CUS_0x68be,CUS_0x68be_2024_05_01,0,2024-11-01
CUS_0x691,CUS_0x691_2024_05_01,1,2024-11-01
CUS_0x6947,CUS_0x6947_2024_05_01,1,2024-11-01
CUS_0x69a9,CUS_0x69a9_2024_05_01,0,2024-11-01
CUS_0x6a33,CUS_0x6a33_2024_05_01,1,2024-11-01
CUS_0x6a84,CUS_0x6a84_2024_05_01,1,2024-11-01
CUS_0x6b13,CUS_0x6b13_2024_05_01,0,2024-11-01
CUS_0x6b56,CUS_0x6b56_2024_05_01,0,2024-11-01
CUS_0x6ba7,CUS_0x6ba7_2024_05_01,0,2024-11-01
CUS_0x6c24,CUS_0x6c24_2024_05_01,1,2024-11-01
CUS_0x6cc3,CUS_0x6cc3_2024_05_01,1,2024-11-01
CUS_0x6ce0,CUS_0x6ce0_2024_05_01,1,2024-11-01
CUS_0x6ced,CUS_0x6ced_2024_05_01,1,2024-11-01
CUS_0x6d25,CUS_0x6d25_2024_05_01,0,2024-11-01
CUS_0x6dc5,CUS_0x6dc5_2024_05_01,0,2024-11-01
CUS_0x6e7,CUS_0x6e7_2024_05_01,0,2024-11-01
CUS_0x6eb9,CUS_0x6eb9_2024_05_01,1,2024-11-01
CUS_0x6f59,CUS_0x6f59_2024_05_01,0,2024-11-01
CUS_0x6f5f,CUS_0x6f5f_2024_05_01,0,2024-11-01
CUS_0x6f74,CUS_0x6f74_2024_05_01,1,2024-11-01
CUS_0x7042,CUS_0x7042_2024_05_01,1,2024-11-01
CUS_0x711e,CUS_0x711e_2024_05_01,0,2024-11-01
CUS_0x717e,CUS_0x717e_2024_05_01,0,2024-11-01
CUS_0x7226,CUS_0x7226_2024_05_01,0,2024-11-01
CUS_0x724a,CUS_0x724a_2024_05_01,0,2024-11-01
CUS_0x7319,CUS_0x7319_2024_05_01,0,2024-11-01
CUS_0x734d,CUS_0x734d_2024_05_01,0,2024-11-01
CUS_0x7387,CUS_0x7387_2024_05_01,1,2024-11-01
CUS_0x738b,CUS_0x738b_2024_05_01,0,2024-11-01
CUS_0x73c1,CUS_0x73c1_2024_05_01,1,2024-11-01
CUS_0x7414,CUS_0x7414_2024_05_01,0,2024-11-01
CUS_0x753,CUS_0x753_2024_05_01,1,2024-11-01
CUS_0x7546,CUS_0x7546_2024_05_01,0,2024-11-01
CUS_0x755e,CUS_0x755e_2024_05_01,0,2024-11-01
CUS_0x7594,CUS_0x7594_2024_05_01,0,2024-11-01
CUS_0x761b,CUS_0x761b_2024_05_01,0,2024-11-01
CUS_0x766b,CUS_0x766b_2024_05_01,0,2024-11-01
CUS_0x76ad,CUS_0x76ad_2024_05_01,0,2024-11-01
CUS_0x76b8,CUS_0x76b8_2024_05_01,0,2024-11-01
CUS_0x7736,CUS_0x7736_2024_05_01,0,2024-11-01
CUS_0x77f8,CUS_0x77f8_2024_05_01,0,2024-11-01
CUS_0x77fc,CUS_0x77fc_2024_05_01,0,2024-11-01
CUS_0x785,CUS_0x785_2024_05_01,0,2024-11-01
CUS_0x786,CUS_0x786_2024_05_01,0,2024-11-01
CUS_0x78d,CUS_0x78d_2024_05_01,0,2024-11-01
CUS_0x7925,CUS_0x7925_2024_05_01,0,2024-11-01
CUS_0x793f,CUS_0x793f_2024_05_01,1,2024-11-01
CUS_0x7982,CUS_0x7982_2024_05_01,0,2024-11-01
CUS_0x79d5,CUS_0x79d5_2024_05_01,1,2024-11-01
CUS_0x7a24,CUS_0x7a24_2024_05_01,0,2024-11-01
CUS_0x7a50,CUS_0x7a50_2024_05_01,0,2024-11-01
CUS_0x7a9f,CUS_0x7a9f_2024_05_01,1,2024-11-01
CUS_0x7b30,CUS_0x7b30_2024_05_01,0,2024-11-01
CUS_0x7d5e,CUS_0x7d5e_2024_05_01,0,2024-11-01
CUS_0x7e25,CUS_0x7e25_2024_05_01,0,2024-11-01
CUS_0x7e30,CUS_0x7e30_2024_05_01,0,2024-11-01
CUS_0x7f08,CUS_0x7f08_2024_05_01,0,2024-11-01
CUS_0x7f4b,CUS_0x7f4b_2024_05_01,1,2024-11-01
CUS_0x7fe3,CUS_0x7fe3_2024_05_01,1,2024-11-01
CUS_0x80f4,CUS_0x80f4_2024_05_01,1,2024-11-01
CUS_0x81f5,CUS_0x81f5_2024_05_01,0,2024-11-01
CUS_0x8201,CUS_0x8201_2024_05_01,0,2024-11-01
CUS_0x82d,CUS_0x82d_2024_05_01,0,2024-11-01
CUS_0x82dd,CUS_0x82dd_2024_05_01,0,2024-11-01
CUS_0x82ff,CUS_0x82ff_2024_05_01,0,2024-11-01
CUS_0x830e,CUS_0x830e_2024_05_01,0,2024-11-01
CUS_0x8318,CUS_0x8318_2024_05_01,0,2024-11-01
CUS_0x8336,CUS_0x8336_2024_05_01,1,2024-11-01
CUS_0x8363,CUS_0x8363_2024_05_01,0,2024-11-01
CUS_0x8380,CUS_0x8380_2024_05_01,1,2024-11-01
CUS_0x839e,CUS_0x839e_2024_05_01,0,2024-11-01
CUS_0x83a1,CUS_0x83a1_2024_05_01,0,2024-11-01
CUS_0x8417,CUS_0x8417_2024_05_01,0,2024-11-01
CUS_0x843,CUS_0x843_2024_05_01,0,2024-11-01
CUS_0x8430,CUS_0x8430_2024_05_01,0,2024-11-01
CUS_0x8464,CUS_0x8464_2024_05_01,0,2024-11-01
CUS_0x848d,CUS_0x848d_2024_05_01,1,2024-11-01
CUS_0x849d,CUS_0x849d_2024_05_01,0,2024-11-01
CUS_0x84c,CUS_0x84c_2024_05_01,0,2024-11-01
CUS_0x850f,CUS_0x850f_2024_05_01,0,2024-11-01
CUS_0x8543,CUS_0x8543_2024_05_01,0,2024-11-01
CUS_0x8588,CUS_0x8588_2024_05_01,0,2024-11-01
CUS_0x8670,CUS_0x8670_2024_05_01,0,2024-11-01
CUS_0x8696,CUS_0x8696_2024_05_01,0,2024-11-01
CUS_0x86b8,CUS_0x86b8_2024_05_01,0,2024-11-01
CUS_0x875,CUS_0x875_2024_05_01,0,2024-11-01
CUS_0x878d,CUS_0x878d_2024_05_01,0,2024-11-01
CUS_0x87f6,CUS_0x87f6_2024_05_01,0,2024-11-01
CUS_0x8854,CUS_0x8854_2024_05_01,0,2024-11-01
CUS_0x8892,CUS_0x8892_2024_05_01,0,2024-11-01
CUS_0x8917,CUS_0x8917_2024_05_01,0,2024-11-01
CUS_0x8936,CUS_0x8936_2024_05_01,1,2024-11-01
CUS_0x89ab,CUS_0x89ab_2024_05_01,0,2024-11-01
CUS_0x8a04,CUS_0x8a04_2024_05_01,0,2024-11-01
CUS_0x8a0f,CUS_0x8a0f_2024_05_01,1,2024-11-01
CUS_0x8b6d,CUS_0x8b6d_2024_05_01,0,2024-11-01
CUS_0x8bde,CUS_0x8bde_2024_05_01,0,2024-11-01
CUS_0x8c9e,CUS_0x8c9e_2024_05_01,0,2024-11-01
CUS_0x8d3f,CUS_0x8d3f_2024_05_01,0,2024-11-01
CUS_0x8d46,CUS_0x8d46_2024_05_01,1,2024-11-01
CUS_0x8d48,CUS_0x8d48_2024_05_01,0,2024-11-01
CUS_0x1108,CUS_0x1108_2024_07_01,1,2025-01-01
CUS_0x13b5,CUS_0x13b5_2024_07_01,0,2025-01-01
CUS_0x13b8,CUS_0x13b8_2024_07_01,0,2025-01-01
CUS_0x144f,CUS_0x144f_2024_07_01,1,2025-01-01
CUS_0x14ec,CUS_0x14ec_2024_07_01,1,2025-01-01
CUS_0x1595,CUS_0x1595_2024_07_01,0,2025-01-01
CUS_0x15ec,CUS_0x15ec_2024_07_01,0,2025-01-01
CUS_0x16fd,CUS_0x16fd_2024_07_01,1,2025-01-01
CUS_0x183d,CUS_0x183d_2024_07_01,1,2025-01-01
CUS_0x183e,CUS_0x183e_2024_07_01,0,2025-01-01
CUS_0x1a56,CUS_0x1a56_2024_07_01,0,2025-01-01
CUS_0x1abe,CUS_0x1abe_2024_07_01,1,2025-01-01
CUS_0x1b02,CUS_0x1b02_2024_07_01,0,2025-01-01
CUS_0x1b41,CUS_0x1b41_2024_07_01,0,2025-01-01
CUS_0x1b85,CUS_0x1b85_2024_07_01,0,2025-01-01
CUS_0x1bb7,CUS_0x1bb7_2024_07_01,1,2025-01-01
CUS_0x1c82,CUS_0x1c82_2024_07_01,0,2025-01-01
CUS_0x1cd5,CUS_0x1cd5_2024_07_01,0,2025-01-01
CUS_0x1dbb,CUS_0x1dbb_2024_07_01,1,2025-01-01
CUS_0x1dd3,CUS_0x1dd3_2024_07_01,0,2025-01-01
CUS_0x1e8d,CUS_0x1e8d_2024_07_01,0,2025-01-01
CUS_0x1eae,CUS_0x1eae_2024_07_01,0,2025-01-01
CUS_0x1ebc,CUS_0x1ebc_2024_07_01,0,2025-01-01
CUS_0x1fc1,CUS_0x1fc1_2024_07_01,0,2025-01-01
CUS_0x2031,CUS_0x2031_2024_07_01,0,2025-01-01
CUS_0x20a3,CUS_0x20a3_2024_07_01,0,2025-01-01
CUS_0x21b7,CUS_0x21b7_2024_07_01,1,2025-01-01
CUS_0x22b9,CUS_0x22b9_2024_07_01,1,2025-01-01
CUS_0x22ba,CUS_0x22ba_2024_07_01,0,2025-01-01
CUS_0x235c,CUS_0x235c_2024_07_01,0,2025-01-01
CUS_0x248e,CUS_0x248e_2024_07_01,0,2025-01-01
CUS_0x24a1,CUS_0x24a1_2024_07_01,1,2025-01-01
CUS_0x251e,CUS_0x251e_2024_07_01,1,2025-01-01
CUS_0x2579,CUS_0x2579_2024_07_01,0,2025-01-01
CUS_0x259a,CUS_0x259a_2024_07_01,1,2025-01-01
CUS_0x268f,CUS_0x268f_2024_07_01,1,2025-01-01
CUS_0x277e,CUS_0x277e_2024_07_01,0,2025-01-01
CUS_0x27d8,CUS_0x27d8_2024_07_01,0,2025-01-01
CUS_0x27e0,CUS_0x27e0_2024_07_01,0,2025-01-01
CUS_0x28e7,CUS_0x28e7_2024_07_01,0,2025-01-01
CUS_0x28f5,CUS_0x28f5_2024_07_01,0,2025-01-01
CUS_0x2a85,CUS_0x2a85_2024_07_01,1,2025-01-01
CUS_0x2a9f,CUS_0x2a9f_2024_07_01,1,2025-01-01
CUS_0x2abb,CUS_0x2abb_2024_07_01,0,2025-01-01
CUS_0x2ac3,CUS_0x2ac3_2024_07_01,0,2025-01-01
CUS_0x2ad1,CUS_0x2ad1_2024_07_01,0,2025-01-01
CUS_0x2ad8,CUS_0x2ad8_2024_07_01,0,2025-01-01
CUS_0x2bce,CUS_0x2bce_2024_07_01,1,2025-01-01
CUS_0x2c31,CUS_0x2c31_2024_07_01,0,2025-01-01
CUS_0x2c40,CUS_0x2c40_2024_07_01,0,2025-01-01
CUS_0x2c42,CUS_0x2c42_2024_07_01,0,2025-01-01
CUS_0x2c4c,CUS_0x2c4c_2024_07_01,1,2025-01-01
CUS_0x2c4f,CUS_0x2c4f_2024_07_01,0,2025-01-01
CUS_0x2cd4,CUS_0x2cd4_2024_07_01,1,2025-01-01
CUS_0x2d37,CUS_0x2d37_2024_07_01,1,2025-01-01
CUS_0x2d83,CUS_0x2d83_2024_07_01,0,2025-01-01
CUS_0x2df7,CUS_0x2df7_2024_07_01,0,2025-01-01
CUS_0x2e0c,CUS_0x2e0c_2024_07_01,0,2025-01-01
CUS_0x2e5f,CUS_0x2e5f_2024_07_01,1,2025-01-01
CUS_0x2e96,CUS_0x2e96_2024_07_01,0,2025-01-01
CUS_0x2e9b,CUS_0x2e9b_2024_07_01,1,2025-01-01
CUS_0x2eb3,CUS_0x2eb3_2024_07_01,0,2025-01-01
CUS_0x2f6c,CUS_0x2f6c_2024_07_01,0,2025-01-01
CUS_0x2f7a,CUS_0x2f7a_2024_07_01,0,2025-01-01
CUS_0x2fd7,CUS_0x2fd7_2024_07_01,0,2025-01-01
CUS_0x2ff8,CUS_0x2ff8_2024_07_01,0,2025-01-01
CUS_0x30de,CUS_0x30de_2024_07_01,0,2025-01-01
CUS_0x30e3,CUS_0x30e3_2024_07_01,1,2025-01-01
CUS_0x30f0,CUS_0x30f0_2024_07_01,1,2025-01-01
CUS_0x3124,CUS_0x3124_2024_07_01,0,2025-01-01
CUS_0x3139,CUS_0x3139_2024_07_01,0,2025-01-01
CUS_0x3175,CUS_0x3175_2024_07_01,0,2025-01-01
CUS_0x3240,CUS_0x3240_2024_07_01,0,2025-01-01
CUS_0x32be,CUS_0x32be_2024_07_01,0,2025-01-01
CUS_0x32df,CUS_0x32df_2024_07_01,0,2025-01-01
CUS_0x32fa,CUS_0x32fa_2024_07_01,0,2025-01-01
CUS_0x335e,CUS_0x335e_2024_07_01,1,2025-01-01
CUS_0x335f,CUS_0x335f_2024_07_01,0,2025-01-01
CUS_0x33ba,CUS_0x33ba_2024_07_01,0,2025-01-01
CUS_0x33eb,CUS_0x33eb_2024_07_01,0,2025-01-01
CUS_0x34a2,CUS_0x34a2_2024_07_01,0,2025-01-01
CUS_0x34b6,CUS_0x34b6_2024_07_01,0,2025-01-01
CUS_0x34e1,CUS_0x34e1_2024_07_01,1,2025-01-01
CUS_0x3551,CUS_0x3551_2024_07_01,0,2025-01-01
CUS_0x36ed,CUS_0x36ed_2024_07_01,0,2025-01-01
CUS_0x3702,CUS_0x3702_2024_07_01,0,2025-01-01
CUS_0x374c,CUS_0x374c_2024_07_01,1,2025-01-01
CUS_0x37d2,CUS_0x37d2_2024_07_01,0,2025-01-01
CUS_0x37e6,CUS_0x37e6_2024_07_01,0,2025-01-01
CUS_0x37fb,CUS_0x37fb_2024_07_01,0,2025-01-01
CUS_0x3852,CUS_0x3852_2024_07_01,1,2025-01-01
CUS_0x3896,CUS_0x3896_2024_07_01,0,2025-01-01
CUS_0x38a1,CUS_0x38a1_2024_07_01,0,2025-01-01
CUS_0x38b4,CUS_0x38b4_2024_07_01,0,2025-01-01
CUS_0x38cd,CUS_0x38cd_2024_07_01,0,2025-01-01
CUS_0x3909,CUS_0x3909_2024_07_01,0,2025-01-01
CUS_0x3974,CUS_0x3974_2024_07_01,0,2025-01-01
CUS_0x3aa1,CUS_0x3aa1_2024_07_01,1,2025-01-01
CUS_0x3aa7,CUS_0x3aa7_2024_07_01,1,2025-01-01
CUS_0x3ae7,CUS_0x3ae7_2024_07_01,1,2025-01-01
CUS_0x3cfe,CUS_0x3cfe_2024_07_01,0,2025-01-01
CUS_0x3d0e,CUS_0x3d0e_2024_07_01,0,2025-01-01
CUS_0x3d44,CUS_0x3d44_2024_07_01,0,2025-01-01
CUS_0x3d6d,CUS_0x3d6d_2024_07_01,0,2025-01-01
CUS_0x3d76,CUS_0x3d76_2024_07_01,0,2025-01-01
CUS_0x3d77,CUS_0x3d77_2024_07_01,0,2025-01-01
CUS_0x3d79,CUS_0x3d79_2024_07_01,0,2025-01-01
CUS_0x3de6,CUS_0x3de6_2024_07_01,0,2025-01-01
CUS_0x3eb6,CUS_0x3eb6_2024_07_01,0,2025-01-01
CUS_0x3f5b,CUS_0x3f5b_2024_07_01,0,2025-01-01
CUS_0x3f89,CUS_0x3f89_2024_07_01,1,2025-01-01
CUS_0x406d,CUS_0x406d_2024_07_01,1,2025-01-01
CUS_0x40c,CUS_0x40c_2024_07_01,0,2025-01-01
CUS_0x40cf,CUS_0x40cf_2024_07_01,0,2025-01-01
CUS_0x40df,CUS_0x40df_2024_07_01,0,2025-01-01
CUS_0x411,CUS_0x411_2024_07_01,1,2025-01-01
CUS_0x413,CUS_0x413_2024_07_01,0,2025-01-01
CUS_0x4192,CUS_0x4192_2024_07_01,0,2025-01-01
CUS_0x4203,CUS_0x4203_2024_07_01,0,2025-01-01
CUS_0x4213,CUS_0x4213_2024_07_01,0,2025-01-01
CUS_0x421d,CUS_0x421d_2024_07_01,1,2025-01-01
CUS_0x4282,CUS_0x4282_2024_07_01,0,2025-01-01
CUS_0x4298,CUS_0x4298_2024_07_01,1,2025-01-01
CUS_0x42ab,CUS_0x42ab_2024_07_01,1,2025-01-01
CUS_0x42ca,CUS_0x42ca_2024_07_01,0,2025-01-01
CUS_0x432a,CUS_0x432a_2024_07_01,0,2025-01-01
CUS_0x435c,CUS_0x435c_2024_07_01,1,2025-01-01
CUS_0x4424,CUS_0x4424_2024_07_01,0,2025-01-01
CUS_0x44c0,CUS_0x44c0_2024_07_01,1,2025-01-01
CUS_0x450b,CUS_0x450b_2024_07_01,1,2025-01-01
CUS_0x4518,CUS_0x4518_2024_07_01,0,2025-01-01
CUS_0x457b,CUS_0x457b_2024_07_01,1,2025-01-01
CUS_0x4590,CUS_0x4590_2024_07_01,0,2025-01-01
CUS_0x4661,CUS_0x4661_2024_07_01,0,2025-01-01
CUS_0x46dd,CUS_0x46dd_2024_07_01,0,2025-01-01
CUS_0x4716,CUS_0x4716_2024_07_01,0,2025-01-01
CUS_0x4768,CUS_0x4768_2024_07_01,0,2025-01-01
CUS_0x47af,CUS_0x47af_2024_07_01,0,2025-01-01
CUS_0x47e5,CUS_0x47e5_2024_07_01,0,2025-01-01
CUS_0x47e8,CUS_0x47e8_2024_07_01,1,2025-01-01
CUS_0x4824,CUS_0x4824_2024_07_01,1,2025-01-01
CUS_0x4829,CUS_0x4829_2024_07_01,0,2025-01-01
CUS_0x4863,CUS_0x4863_2024_07_01,0,2025-01-01
CUS_0x48e6,CUS_0x48e6_2024_07_01,0,2025-01-01
CUS_0x48ed,CUS_0x48ed_2024_07_01,0,2025-01-01
CUS_0x48fe,CUS_0x48fe_2024_07_01,0,2025-01-01
CUS_0x4947,CUS_0x4947_2024_07_01,1,2025-01-01
CUS_0x49b0,CUS_0x49b0_2024_07_01,1,2025-01-01
CUS_0x49b8,CUS_0x49b8_2024_07_01,0,2025-01-01
CUS_0x49b9,CUS_0x49b9_2024_07_01,0,2025-01-01
CUS_0x49da,CUS_0x49da_2024_07_01,0,2025-01-01
CUS_0x49dd,CUS_0x49dd_2024_07_01,0,2025-01-01
CUS_0x4a02,CUS_0x4a02_2024_07_01,0,2025-01-01
CUS_0x4a18,CUS_0x4a18_2024_07_01,0,2025-01-01
CUS_0x4a82,CUS_0x4a82_2024_07_01,0,2025-01-01
CUS_0x4a83,CUS_0x4a83_2024_07_01,0,2025-01-01
CUS_0x4a96,CUS_0x4a96_2024_07_01,0,2025-01-01
CUS_0x4b86,CUS_0x4b86_2024_07_01,1,2025-01-01
CUS_0x4bef,CUS_0x4bef_2024_07_01,1,2025-01-01
CUS_0x4c0,CUS_0x4c0_2024_07_01,0,2025-01-01
CUS_0x4c49,CUS_0x4c49_2024_07_01,0,2025-01-01
CUS_0x4c4a,CUS_0x4c4a_2024_07_01,0,2025-01-01
CUS_0x4d1c,CUS_0x4d1c_2024_07_01,0,2025-01-01
CUS_0x4d75,CUS_0x4d75_2024_07_01,0,2025-01-01
CUS_0x4da1,CUS_0x4da1_2024_07_01,0,2025-01-01
CUS_0x4ead,CUS_0x4ead_2024_07_01,1,2025-01-01
CUS_0x4ee1,CUS_0x4ee1_2024_07_01,0,2025-01-01
CUS_0x4f3,CUS_0x4f3_2024_07_01,0,2025-01-01
CUS_0x5097,CUS_0x5097_2023_09_01,0,2024-03-01
CUS_0x50a2,CUS_0x50a2_2023_09_01,0,2024-03-01
CUS_0x50b5,CUS_0x50b5_2023_09_01,1,2024-03-01
CUS_0x50b9,CUS_0x50b9_2023_09_01,0,2024-03-01
CUS_0x5117,CUS_0x5117_2023_09_01,1,2024-03-01
CUS_0x511c,CUS_0x511c_2023_09_01,1,2024-03-01
CUS_0x5198,CUS_0x5198_2023_09_01,1,2024-03-01
CUS_0x51b4,CUS_0x51b4_2023_09_01,1,2024-03-01
CUS_0x5292,CUS_0x5292_2023_09_01,0,2024-03-01
CUS_0x534a,CUS_0x534a_2023_09_01,0,2024-03-01
CUS_0x5360,CUS_0x5360_2023_09_01,1,2024-03-01
CUS_0x544a,CUS_0x544a_2023_09_01,0,2024-03-01
CUS_0x545e,CUS_0x545e_2023_09_01,0,2024-03-01
CUS_0x54c0,CUS_0x54c0_2023_09_01,0,2024-03-01
CUS_0x54fd,CUS_0x54fd_2023_09_01,0,2024-03-01
CUS_0x5502,CUS_0x5502_2023_09_01,0,2024-03-01
CUS_0x5578,CUS_0x5578_2023_09_01,0,2024-03-01
CUS_0x5602,CUS_0x5602_2023_09_01,1,2024-03-01
CUS_0x5604,CUS_0x5604_2023_09_01,0,2024-03-01
CUS_0x5607,CUS_0x5607_2023_09_01,1,2024-03-01
CUS_0x5632,CUS_0x5632_2023_09_01,0,2024-03-01
CUS_0x5647,CUS_0x5647_2023_09_01,0,2024-03-01
CUS_0x56b4,CUS_0x56b4_2023_09_01,0,2024-03-01
CUS_0x56bd,CUS_0x56bd_2023_09_01,0,2024-03-01
CUS_0x56d1,CUS_0x56d1_2023_09_01,0,2024-03-01
CUS_0x56d3,CUS_0x56d3_2023_09_01,1,2024-03-01
CUS_0x5704,CUS_0x5704_2023_09_01,0,2024-03-01
CUS_0x572,CUS_0x572_2023_09_01,0,2024-03-01
CUS_0x576d,CUS_0x576d_2023_09_01,1,2024-03-01
CUS_0x589a,CUS_0x589a_2023_09_01,0,2024-03-01
CUS_0x58ea,CUS_0x58ea_2023_09_01,0,2024-03-01
CUS_0x5952,CUS_0x5952_2023_09_01,1,2024-03-01
CUS_0x599e,CUS_0x599e_2023_09_01,0,2024-03-01
CUS_0x5ae3,CUS_0x5ae3_2023_09_01,0,2024-03-01
CUS_0x5af5,CUS_0x5af5_2023_09_01,1,2024-03-01
CUS_0x5b04,CUS_0x5b04_2023_09_01,0,2024-03-01
CUS_0x5b25,CUS_0x5b25_2023_09_01,1,2024-03-01
CUS_0x5cfd,CUS_0x5cfd_2023_09_01,0,2024-03-01
CUS_0x5dc2,CUS_0x5dc2_2023_09_01,0,2024-03-01
CUS_0x5e73,CUS_0x5e73_2023_09_01,0,2024-03-01
CUS_0x5f89,CUS_0x5f89_2023_09_01,0,2024-03-01
CUS_0x5fec,CUS_0x5fec_2023_09_01,0,2024-03-01
CUS_0x6048,CUS_0x6048_2023_09_01,1,2024-03-01
CUS_0x60c8,CUS_0x60c8_2023_09_01,0,2024-03-01
CUS_0x6112,CUS_0x6112_2023_09_01,0,2024-03-01
CUS_0x617c,CUS_0x617c_2023_09_01,1,2024-03-01
CUS_0x6207,CUS_0x6207_2023_09_01,0,2024-03-01
CUS_0x6277,CUS_0x6277_2023_09_01,1,2024-03-01
CUS_0x62a6,CUS_0x62a6_2023_09_01,0,2024-03-01
CUS_0x6347,CUS_0x6347_2023_09_01,0,2024-03-01
CUS_0x639,CUS_0x639_2023_09_01,0,2024-03-01
CUS_0x63c3,CUS_0x63c3_2023_09_01,0,2024-03-01
CUS_0x6427,CUS_0x6427_2023_09_01,0,2024-03-01
CUS_0x6468,CUS_0x6468_2023_09_01,0,2024-03-01
CUS_0x64d4,CUS_0x64d4_2023_09_01,0,2024-03-01
CUS_0x652f,CUS_0x652f_2023_09_01,0,2024-03-01
CUS_0x6569,CUS_0x6569_2023_09_01,0,2024-03-01
CUS_0x65b1,CUS_0x65b1_2023_09_01,1,2024-03-01
CUS_0x65bd,CUS_0x65bd_2023_09_01,1,2024-03-01
CUS_0x661b,CUS_0x661b_2023_09_01,0,2024-03-01
CUS_0x666b,CUS_0x666b_2023_09_01,0,2024-03-01
CUS_0x6683,CUS_0x6683_2023_09_01,0,2024-03-01
CUS_0x67dc,CUS_0x67dc_2023_09_01,0,2024-03-01
CUS_0x682b,CUS_0x682b_2023_09_01,0,2024-03-01
CUS_0x684a,CUS_0x684a_2023_09_01,0,2024-03-01
CUS_0x68e1,CUS_0x68e1_2023_09_01,0,2024-03-01
CUS_0x6c58,CUS_0x6c58_2023_09_01,0,2024-03-01
CUS_0x6c8e,CUS_0x6c8e_2023_09_01,0,2024-03-01
CUS_0x6cf6,CUS_0x6cf6_2023_09_01,0,2024-03-01
CUS_0x6e35,CUS_0x6e35_2023_09_01,1,2024-03-01
CUS_0x6e43,CUS_0x6e43_2023_09_01,0,2024-03-01
CUS_0x6e6c,CUS_0x6e6c_2023_09_01,0,2024-03-01
CUS_0x6eb3,CUS_0x6eb3_2023_09_01,0,2024-03-01
CUS_0x6f0b,CUS_0x6f0b_2023_09_01,0,2024-03-01
CUS_0x6f7b,CUS_0x6f7b_2023_09_01,0,2024-03-01
CUS_0x6f88,CUS_0x6f88_2023_09_01,1,2024-03-01
CUS_0x6fb4,CUS_0x6fb4_2023_09_01,0,2024-03-01
CUS_0x6fbb,CUS_0x6fbb_2023_09_01,0,2024-03-01
CUS_0x7029,CUS_0x7029_2023_09_01,0,2024-03-01
CUS_0x7148,CUS_0x7148_2023_09_01,0,2024-03-01
CUS_0x71e0,CUS_0x71e0_2023_09_01,0,2024-03-01
CUS_0x7278,CUS_0x7278_2023_09_01,1,2024-03-01
CUS_0x72a0,CUS_0x72a0_2023_09_01,0,2024-03-01
CUS_0x73b3,CUS_0x73b3_2023_09_01,1,2024-03-01
CUS_0x741,CUS_0x741_2023_09_01,0,2024-03-01
CUS_0x7459,CUS_0x7459_2023_09_01,0,2024-03-01
CUS_0x74a6,CUS_0x74a6_2023_09_01,0,2024-03-01
CUS_0x74c,CUS_0x74c_2023_09_01,0,2024-03-01
CUS_0x7547,CUS_0x7547_2023_09_01,1,2024-03-01
CUS_0x7558,CUS_0x7558_2023_09_01,0,2024-03-01
CUS_0x75a0,CUS_0x75a0_2023_09_01,0,2024-03-01
CUS_0x75d3,CUS_0x75d3_2023_09_01,0,2024-03-01
CUS_0x75fb,CUS_0x75fb_2023_09_01,1,2024-03-01
CUS_0x765b,CUS_0x765b_2023_09_01,0,2024-03-01
CUS_0x7694,CUS_0x7694_2023_09_01,1,2024-03-01
CUS_0x77ac,CUS_0x77ac_2023_09_01,1,2024-03-01
CUS_0x77f6,CUS_0x77f6_2023_09_01,0,2024-03-01
CUS_0x7801,CUS_0x7801_2023_09_01,0,2024-03-01
CUS_0x781a,CUS_0x781a_2023_09_01,0,2024-03-01
CUS_0x789f,CUS_0x789f_2023_09_01,1,2024-03-01
CUS_0x78bf,CUS_0x78bf_2023_09_01,1,2024-03-01
CUS_0x797,CUS_0x797_2023_09_01,0,2024-03-01
CUS_0x79b8,CUS_0x79b8_2023_09_01,1,2024-03-01
CUS_0x7ad8,CUS_0x7ad8_2023_09_01,1,2024-03-01
CUS_0x7b2f,CUS_0x7b2f_2023_09_01,0,2024-03-01
CUS_0x7bee,CUS_0x7bee_2023_09_01,0,2024-03-01
CUS_0x7c68,CUS_0x7c68_2023_09_01,0,2024-03-01
CUS_0x7d3b,CUS_0x7d3b_2023_09_01,0,2024-03-01
CUS_0x7d48,CUS_0x7d48_2023_09_01,1,2024-03-01
CUS_0x7d8a,CUS_0x7d8a_2023_09_01,1,2024-03-01
CUS_0x7dee,CUS_0x7dee_2023_09_01,0,2024-03-01
CUS_0x7e0f,CUS_0x7e0f_2023_09_01,0,2024-03-01
CUS_0x7e3f,CUS_0x7e3f_2023_09_01,0,2024-03-01
CUS_0x7e67,CUS_0x7e67_2023_09_01,0,2024-03-01
CUS_0x7e6f,CUS_0x7e6f_2023_09_01,0,2024-03-01
CUS_0x7f07,CUS_0x7f07_2023_09_01,0,2024-03-01
CUS_0x80c0,CUS_0x80c0_2023_09_01,0,2024-03-01
CUS_0x8167,CUS_0x8167_2023_09_01,0,2024-03-01
CUS_0x81d4,CUS_0x81d4_2023_09_01,0,2024-03-01
CUS_0x82cb,CUS_0x82cb_2023_09_01,1,2024-03-01
CUS_0x8459,CUS_0x8459_2023_09_01,0,2024-03-01
CUS_0x8558,CUS_0x8558_2023_09_01,0,2024-03-01
CUS_0x8568,CUS_0x8568_2023_09_01,0,2024-03-01
CUS_0x856c,CUS_0x856c_2023_09_01,1,2024-03-01
CUS_0x8593,CUS_0x8593_2023_09_01,0,2024-03-01
CUS_0x867e,CUS_0x867e_2023_09_01,1,2024-03-01
CUS_0x869,CUS_0x869_2023_09_01,0,2024-03-01
CUS_0x86aa,CUS_0x86aa_2023_09_01,0,2024-03-01
CUS_0x87b8,CUS_0x87b8_2023_09_01,0,2024-03-01
CUS_0x87f0,CUS_0x87f0_2023_09_01,0,2024-03-01
CUS_0x8816,CUS_0x8816_2023_09_01,0,2024-03-01
CUS_0x884a,CUS_0x884a_2023_09_01,0,2024-03-01
CUS_0x8880,CUS_0x8880_2023_09_01,0,2024-03-01
CUS_0x8888,CUS_0x8888_2023_09_01,0,2024-03-01
CUS_0x88a0,CUS_0x88a0_2023_09_01,0,2024-03-01
CUS_0x88e5,CUS_0x88e5_2023_09_01,0,2024-03-01
CUS_0x8957,CUS_0x8957_2023_09_01,0,2024-03-01
CUS_0x8ac8,CUS_0x8ac8_2023_09_01,0,2024-03-01
CUS_0x8b1f,CUS_0x8b1f_2023_09_01,0,2024-03-01
CUS_0x8b26,CUS_0x8b26_2023_09_01,1,2024-03-01
CUS_0x8b4,CUS_0x8b4_2023_09_01,0,2024-03-01
CUS_0x8b7c,CUS_0x8b7c_2023_09_01,0,2024-03-01
CUS_0x8b90,CUS_0x8b90_2023_09_01,0,2024-03-01
CUS_0x8bc6,CUS_0x8bc6_2023_09_01,1,2024-03-01
CUS_0x8bf2,CUS_0x8bf2_2023_09_01,1,2024-03-01
CUS_0x8c8a,CUS_0x8c8a_2023_09_01,1,2024-03-01
CUS_0x8c90,CUS_0x8c90_2023_09_01,0,2024-03-01
CUS_0x8cc9,CUS_0x8cc9_2023_09_01,0,2024-03-01
CUS_0x8cdf,CUS_0x8cdf_2023_09_01,0,2024-03-01
CUS_0x8ce4,CUS_0x8ce4_2023_09_01,1,2024-03-01
CUS_0x8d04,CUS_0x8d04_2023_09_01,0,2024-03-01
CUS_0x8d17,CUS_0x8d17_2023_09_01,0,2024-03-01
CUS_0x8d2b,CUS_0x8d2b_2023_09_01,1,2024-03-01
CUS_0x8d38,CUS_0x8d38_2023_09_01,0,2024-03-01
CUS_0x8d60,CUS_0x8d60_2023_09_01,1,2024-03-01
CUS_0x8d74,CUS_0x8d74_2023_09_01,0,2024-03-01
CUS_0x8da9,CUS_0x8da9_2023_09_01,0,2024-03-01
CUS_0x5044,CUS_0x5044_2024_01_01,0,2024-07-01
CUS_0x5082,CUS_0x5082_2024_01_01,0,2024-07-01
CUS_0x5087,CUS_0x5087_2024_01_01,0,2024-07-01
CUS_0x50e6,CUS_0x50e6_2024_01_01,0,2024-07-01
CUS_0x50e9,CUS_0x50e9_2024_01_01,0,2024-07-01
CUS_0x51db,CUS_0x51db_2024_01_01,0,2024-07-01
CUS_0x5213,CUS_0x5213_2024_01_01,0,2024-07-01
CUS_0x52c2,CUS_0x52c2_2024_01_01,0,2024-07-01
CUS_0x5338,CUS_0x5338_2024_01_01,0,2024-07-01
CUS_0x5391,CUS_0x5391_2024_01_01,0,2024-07-01
CUS_0x542d,CUS_0x542d_2024_01_01,1,2024-07-01
CUS_0x54a8,CUS_0x54a8_2024_01_01,1,2024-07-01
CUS_0x54d7,CUS_0x54d7_2024_01_01,0,2024-07-01
CUS_0x55c6,CUS_0x55c6_2024_01_01,0,2024-07-01
CUS_0x55eb,CUS_0x55eb_2024_01_01,0,2024-07-01
CUS_0x55f1,CUS_0x55f1_2024_01_01,1,2024-07-01
CUS_0x55f5,CUS_0x55f5_2024_01_01,0,2024-07-01
CUS_0x566f,CUS_0x566f_2024_01_01,0,2024-07-01
CUS_0x56a9,CUS_0x56a9_2024_01_01,0,2024-07-01
CUS_0x56b2,CUS_0x56b2_2024_01_01,0,2024-07-01
CUS_0x575d,CUS_0x575d_2024_01_01,0,2024-07-01
CUS_0x5775,CUS_0x5775_2024_01_01,0,2024-07-01
CUS_0x57e5,CUS_0x57e5_2024_01_01,0,2024-07-01
CUS_0x5825,CUS_0x5825_2024_01_01,1,2024-07-01
CUS_0x585c,CUS_0x585c_2024_01_01,0,2024-07-01
CUS_0x5862,CUS_0x5862_2024_01_01,1,2024-07-01
CUS_0x5872,CUS_0x5872_2024_01_01,1,2024-07-01
CUS_0x5899,CUS_0x5899_2024_01_01,1,2024-07-01
CUS_0x58cd,CUS_0x58cd_2024_01_01,0,2024-07-01
CUS_0x5984,CUS_0x5984_2024_01_01,1,2024-07-01
CUS_0x59a9,CUS_0x59a9_2024_01_01,0,2024-07-01
CUS_0x5a53,CUS_0x5a53_2024_01_01,0,2024-07-01
CUS_0x5a6d,CUS_0x5a6d_2024_01_01,1,2024-07-01
CUS_0x5ab,CUS_0x5ab_2024_01_01,0,2024-07-01
CUS_0x5ac4,CUS_0x5ac4_2024_01_01,1,2024-07-01
CUS_0x5b5,CUS_0x5b5_2024_01_01,1,2024-07-01
CUS_0x5b88,CUS_0x5b88_2024_01_01,0,2024-07-01
CUS_0x5bb7,CUS_0x5bb7_2024_01_01,0,2024-07-01
CUS_0x5bb9,CUS_0x5bb9_2024_01_01,1,2024-07-01
CUS_0x5bdb,CUS_0x5bdb_2024_01_01,0,2024-07-01
CUS_0x5c2f,CUS_0x5c2f_2024_01_01,1,2024-07-01
CUS_0x5c4f,CUS_0x5c4f_2024_01_01,0,2024-07-01
CUS_0x5d0c,CUS_0x5d0c_2024_01_01,1,2024-07-01
CUS_0x5d1a,CUS_0x5d1a_2024_01_01,0,2024-07-01
CUS_0x5dfa,CUS_0x5dfa_2024_01_01,0,2024-07-01
CUS_0x5e43,CUS_0x5e43_2024_01_01,0,2024-07-01
CUS_0x5e61,CUS_0x5e61_2024_01_01,0,2024-07-01
CUS_0x5f3f,CUS_0x5f3f_2024_01_01,1,2024-07-01
CUS_0x5f81,CUS_0x5f81_2024_01_01,0,2024-07-01
CUS_0x6058,CUS_0x6058_2024_01_01,1,2024-07-01
CUS_0x6087,CUS_0x6087_2024_01_01,1,2024-07-01
CUS_0x60aa,CUS_0x60aa_2024_01_01,1,2024-07-01
CUS_0x60ca,CUS_0x60ca_2024_01_01,0,2024-07-01
CUS_0x612b,CUS_0x612b_2024_01_01,0,2024-07-01
CUS_0x6160,CUS_0x6160_2024_01_01,1,2024-07-01
CUS_0x6184,CUS_0x6184_2024_01_01,0,2024-07-01
CUS_0x61a4,CUS_0x61a4_2024_01_01,0,2024-07-01
CUS_0x61a5,CUS_0x61a5_2024_01_01,1,2024-07-01
CUS_0x62c3,CUS_0x62c3_2024_01_01,0,2024-07-01
CUS_0x634d,CUS_0x634d_2024_01_01,0,2024-07-01
CUS_0x635e,CUS_0x635e_2024_01_01,1,2024-07-01
CUS_0x6574,CUS_0x6574_2024_01_01,1,2024-07-01
CUS_0x66a7,CUS_0x66a7_2024_01_01,1,2024-07-01
CUS_0x66ef,CUS_0x66ef_2024_01_01,0,2024-07-01
CUS_0x6700,CUS_0x6700_2024_01_01,0,2024-07-01
CUS_0x673c,CUS_0x673c_2024_01_01,0,2024-07-01
CUS_0x6754,CUS_0x6754_2024_01_01,1,2024-07-01
CUS_0x67c6,CUS_0x67c6_2024_01_01,1,2024-07-01
CUS_0x67e,CUS_0x67e_2024_01_01,0,2024-07-01
CUS_0x6826,CUS_0x6826_2024_01_01,0,2024-07-01
CUS_0x68ef,CUS_0x68ef_2024_01_01,0,2024-07-01
CUS_0x691b,CUS_0x691b_2024_01_01,0,2024-07-01
CUS_0x6945,CUS_0x6945_2024_01_01,0,2024-07-01
CUS_0x6950,CUS_0x6950_2024_01_01,0,2024-07-01
CUS_0x69b4,CUS_0x69b4_2024_01_01,0,2024-07-01
CUS_0x6aa4,CUS_0x6aa4_2024_01_01,1,2024-07-01
CUS_0x6b15,CUS_0x6b15_2024_01_01,0,2024-07-01
CUS_0x6b76,CUS_0x6b76_2024_01_01,0,2024-07-01
CUS_0x6bc3,CUS_0x6bc3_2024_01_01,0,2024-07-01
CUS_0x6be5,CUS_0x6be5_2024_01_01,0,2024-07-01
CUS_0x6c17,CUS_0x6c17_2024_01_01,0,2024-07-01
CUS_0x6ddb,CUS_0x6ddb_2024_01_01,1,2024-07-01
CUS_0x6f64,CUS_0x6f64_2024_01_01,0,2024-07-01
CUS_0x6fbe,CUS_0x6fbe_2024_01_01,0,2024-07-01
CUS_0x7011,CUS_0x7011_2024_01_01,1,2024-07-01
CUS_0x7015,CUS_0x7015_2024_01_01,1,2024-07-01
CUS_0x709b,CUS_0x709b_2024_01_01,0,2024-07-01
CUS_0x70ac,CUS_0x70ac_2024_01_01,0,2024-07-01
CUS_0x70b3,CUS_0x70b3_2024_01_01,0,2024-07-01
CUS_0x7165,CUS_0x7165_2024_01_01,0,2024-07-01
CUS_0x719f,CUS_0x719f_2024_01_01,0,2024-07-01
CUS_0x71c1,CUS_0x71c1_2024_01_01,0,2024-07-01
CUS_0x71ca,CUS_0x71ca_2024_01_01,0,2024-07-01
CUS_0x7258,CUS_0x7258_2024_01_01,1,2024-07-01
CUS_0x7307,CUS_0x7307_2024_01_01,0,2024-07-01
CUS_0x7330,CUS_0x7330_2024_01_01,0,2024-07-01
CUS_0x738c,CUS_0x738c_2024_01_01,0,2024-07-01
CUS_0x73a5,CUS_0x73a5_2024_01_01,1,2024-07-01
CUS_0x745b,CUS_0x745b_2024_01_01,0,2024-07-01
CUS_0x7480,CUS_0x7480_2024_01_01,0,2024-07-01
CUS_0x7500,CUS_0x7500_2024_01_01,0,2024-07-01
CUS_0x7622,CUS_0x7622_2024_01_01,0,2024-07-01
CUS_0x76b,CUS_0x76b_2024_01_01,0,2024-07-01
CUS_0x7755,CUS_0x7755_2024_01_01,1,2024-07-01
CUS_0x7853,CUS_0x7853_2024_01_01,1,2024-07-01
CUS_0x7878,CUS_0x7878_2024_01_01,0,2024-07-01
CUS_0x79e4,CUS_0x79e4_2024_01_01,0,2024-07-01
CUS_0x79f7,CUS_0x79f7_2024_01_01,0,2024-07-01
CUS_0x7a12,CUS_0x7a12_2024_01_01,0,2024-07-01
CUS_0x7a8,CUS_0x7a8_2024_01_01,0,2024-07-01
CUS_0x7ad9,CUS_0x7ad9_2024_01_01,0,2024-07-01
CUS_0x7b14,CUS_0x7b14_2024_01_01,0,2024-07-01
CUS_0x7b47,CUS_0x7b47_2024_01_01,0,2024-07-01
CUS_0x7bc5,CUS_0x7bc5_2024_01_01,1,2024-07-01
CUS_0x7cce,CUS_0x7cce_2024_01_01,1,2024-07-01
CUS_0x7d1e,CUS_0x7d1e_2024_01_01,1,2024-07-01
CUS_0x7d45,CUS_0x7d45_2024_01_01,0,2024-07-01
CUS_0x7d8e,CUS_0x7d8e_2024_01_01,0,2024-07-01
CUS_0x7dac,CUS_0x7dac_2024_01_01,0,2024-07-01
CUS_0x7eb0,CUS_0x7eb0_2024_01_01,0,2024-07-01
CUS_0x7f63,CUS_0x7f63_2024_01_01,0,2024-07-01
CUS_0x805b,CUS_0x805b_2024_01_01,0,2024-07-01
CUS_0x80b3,CUS_0x80b3_2024_01_01,0,2024-07-01
CUS_0x8125,CUS_0x8125_2024_01_01,0,2024-07-01
CUS_0x8234,CUS_0x8234_2024_01_01,1,2024-07-01
CUS_0x82c1,CUS_0x82c1_2024_01_01,0,2024-07-01
CUS_0x837f,CUS_0x837f_2024_01_01,0,2024-07-01
CUS_0x8449,CUS_0x8449_2024_01_01,0,2024-07-01
CUS_0x84f3,CUS_0x84f3_2024_01_01,0,2024-07-01
CUS_0x8506,CUS_0x8506_2024_01_01,0,2024-07-01
CUS_0x8521,CUS_0x8521_2024_01_01,0,2024-07-01
CUS_0x853d,CUS_0x853d_2024_01_01,0,2024-07-01
CUS_0x8559,CUS_0x8559_2024_01_01,1,2024-07-01
CUS_0x8627,CUS_0x8627_2024_01_01,0,2024-07-01
CUS_0x8636,CUS_0x8636_2024_01_01,0,2024-07-01
CUS_0x863b,CUS_0x863b_2024_01_01,1,2024-07-01
CUS_0x8684,CUS_0x8684_2024_01_01,0,2024-07-01
CUS_0x86e7,CUS_0x86e7_2024_01_01,1,2024-07-01
CUS_0x879d,CUS_0x879d_2024_01_01,1,2024-07-01
CUS_0x88c1,CUS_0x88c1_2024_01_01,0,2024-07-01
CUS_0x88c7,CUS_0x88c7_2024_01_01,0,2024-07-01
CUS_0x88fa,CUS_0x88fa_2024_01_01,0,2024-07-01
CUS_0x8991,CUS_0x8991_2024_01_01,0,2024-07-01
CUS_0x8a0d,CUS_0x8a0d_2024_01_01,0,2024-07-01
CUS_0x8a29,CUS_0x8a29_2024_01_01,0,2024-07-01
CUS_0x8a62,CUS_0x8a62_2024_01_01,0,2024-07-01
CUS_0x8a68,CUS_0x8a68_2024_01_01,1,2024-07-01
CUS_0x8acd,CUS_0x8acd_2024_01_01,0,2024-07-01
CUS_0x8b09,CUS_0x8b09_2024_01_01,0,2024-07-01
CUS_0x8b74,CUS_0x8b74_2024_01_01,0,2024-07-01
CUS_0x8bbd,CUS_0x8bbd_2024_01_01,0,2024-07-01
CUS_0x8c3,CUS_0x8c3_2024_01_01,1,2024-07-01
CUS_0x8c69,CUS_0x8c69_2024_01_01,0,2024-07-01
CUS_0x8c77,CUS_0x8c77_2024_01_01,0,2024-07-01
CUS_0x8c88,CUS_0x8c88_2024_01_01,1,2024-07-01
CUS_0x8cc5,CUS_0x8cc5_2024_01_01,0,2024-07-01
CUS_0x8d16,CUS_0x8d16_2024_01_01,0,2024-07-01
CUS_0x8da2,CUS_0x8da2_2024_01_01,0,2024-07-01
CUS_0x8e38,CUS_0x8e38_2024_01_01,0,2024-07-01
CUS_0x5035,CUS_0x5035_2023_12_01,0,2024-06-01
CUS_0x5131,CUS_0x5131_2023_12_01,0,2024-06-01
CUS_0x5135,CUS_0x5135_2023_12_01,1,2024-06-01
CUS_0x5182,CUS_0x5182_2023_12_01,1,2024-06-01
CUS_0x5239,CUS_0x5239_2023_12_01,1,2024-06-01
CUS_0x5262,CUS_0x5262_2023_12_01,0,2024-06-01
CUS_0x5280,CUS_0x5280_2023_12_01,0,2024-06-01
CUS_0x5344,CUS_0x5344_2023_12_01,0,2024-06-01
CUS_0x535d,CUS_0x535d_2023_12_01,0,2024-06-01
CUS_0x5426,CUS_0x5426_2023_12_01,1,2024-06-01
CUS_0x5495,CUS_0x5495_2023_12_01,0,2024-06-01
CUS_0x54a7,CUS_0x54a7_2023_12_01,0,2024-06-01
CUS_0x54b2,CUS_0x54b2_2023_12_01,0,2024-06-01
CUS_0x54c6,CUS_0x54c6_2023_12_01,0,2024-06-01
CUS_0x5572,CUS_0x5572_2023_12_01,0,2024-06-01
CUS_0x55f,CUS_0x55f_2023_12_01,0,2024-06-01
CUS_0x5629,CUS_0x5629_2023_12_01,1,2024-06-01
CUS_0x5761,CUS_0x5761_2023_12_01,1,2024-06-01
CUS_0x5840,CUS_0x5840_2023_12_01,0,2024-06-01
CUS_0x584a,CUS_0x584a_2023_12_01,1,2024-06-01
CUS_0x589c,CUS_0x589c_2023_12_01,0,2024-06-01
CUS_0x59dd,CUS_0x59dd_2023_12_01,0,2024-06-01
CUS_0x5a03,CUS_0x5a03_2023_12_01,0,2024-06-01
CUS_0x5a0c,CUS_0x5a0c_2023_12_01,1,2024-06-01
CUS_0x5a58,CUS_0x5a58_2023_12_01,1,2024-06-01
CUS_0x5a7b,CUS_0x5a7b_2023_12_01,1,2024-06-01
CUS_0x5a95,CUS_0x5a95_2023_12_01,0,2024-06-01
CUS_0x5aa1,CUS_0x5aa1_2023_12_01,0,2024-06-01
CUS_0x5b57,CUS_0x5b57_2023_12_01,0,2024-06-01
CUS_0x5b9c,CUS_0x5b9c_2023_12_01,0,2024-06-01
CUS_0x5bf8,CUS_0x5bf8_2023_12_01,0,2024-06-01
CUS_0x5bff,CUS_0x5bff_2023_12_01,0,2024-06-01
CUS_0x5cb8,CUS_0x5cb8_2023_12_01,0,2024-06-01
CUS_0x5ccb,CUS_0x5ccb_2023_12_01,1,2024-06-01
CUS_0x5d1c,CUS_0x5d1c_2023_12_01,0,2024-06-01
CUS_0x5d6d,CUS_0x5d6d_2023_12_01,0,2024-06-01
CUS_0x5df,CUS_0x5df_2023_12_01,0,2024-06-01
CUS_0x5e06,CUS_0x5e06_2023_12_01,0,2024-06-01
CUS_0x5e3e,CUS_0x5e3e_2023_12_01,1,2024-06-01
CUS_0x5f2f,CUS_0x5f2f_2023_12_01,0,2024-06-01
CUS_0x5f34,CUS_0x5f34_2023_12_01,0,2024-06-01
CUS_0x5f86,CUS_0x5f86_2023_12_01,0,2024-06-01
CUS_0x5f90,CUS_0x5f90_2023_12_01,1,2024-06-01
CUS_0x5f92,CUS_0x5f92_2023_12_01,1,2024-06-01
CUS_0x5fc2,CUS_0x5fc2_2023_12_01,1,2024-06-01
CUS_0x6068,CUS_0x6068_2023_12_01,0,2024-06-01
CUS_0x60b6,CUS_0x60b6_2023_12_01,0,2024-06-01
CUS_0x6109,CUS_0x6109_2023_12_01,0,2024-06-01
CUS_0x6119,CUS_0x6119_2023_12_01,0,2024-06-01
CUS_0x618b,CUS_0x618b_2023_12_01,1,2024-06-01
CUS_0x6213,CUS_0x6213_2023_12_01,0,2024-06-01
CUS_0x62ec,CUS_0x62ec_2023_12_01,0,2024-06-01
CUS_0x632,CUS_0x632_2023_12_01,1,2024-06-01
CUS_0x6428,CUS_0x6428_2023_12_01,0,2024-06-01
CUS_0x6590,CUS_0x6590_2023_12_01,0,2024-06-01
CUS_0x65ca,CUS_0x65ca_2023_12_01,0,2024-06-01
CUS_0x65f6,CUS_0x65f6_2023_12_01,0,2024-06-01
CUS_0x65fc,CUS_0x65fc_2023_12_01,0,2024-06-01
CUS_0x66a1,CUS_0x66a1_2023_12_01,0,2024-06-01
CUS_0x66f5,CUS_0x66f5_2023_12_01,1,2024-06-01
CUS_0x6735,CUS_0x6735_2023_12_01,0,2024-06-01
CUS_0x67a4,CUS_0x67a4_2023_12_01,1,2024-06-01
CUS_0x67cd,CUS_0x67cd_2023_12_01,0,2024-06-01
CUS_0x67e5,CUS_0x67e5_2023_12_01,1,2024-06-01
CUS_0x6894,CUS_0x6894_2023_12_01,0,2024-06-01
CUS_0x6901,CUS_0x6901_2023_12_01,0,2024-06-01
CUS_0x692a,CUS_0x692a_2023_12_01,1,2024-06-01
CUS_0x698b,CUS_0x698b_2023_12_01,0,2024-06-01
CUS_0x6993,CUS_0x6993_2023_12_01,0,2024-06-01
CUS_0x6a11,CUS_0x6a11_2023_12_01,0,2024-06-01
CUS_0x6a14,CUS_0x6a14_2023_12_01,0,2024-06-01
CUS_0x6a61,CUS_0x6a61_2023_12_01,0,2024-06-01
CUS_0x6aca,CUS_0x6aca_2023_12_01,0,2024-06-01
CUS_0x6acc,CUS_0x6acc_2023_12_01,0,2024-06-01
CUS_0x6b44,CUS_0x6b44_2023_12_01,0,2024-06-01
CUS_0x6c49,CUS_0x6c49_2023_12_01,1,2024-06-01
CUS_0x6c91,CUS_0x6c91_2023_12_01,0,2024-06-01
CUS_0x6cce,CUS_0x6cce_2023_12_01,1,2024-06-01
CUS_0x6d1a,CUS_0x6d1a_2023_12_01,1,2024-06-01
CUS_0x6d35,CUS_0x6d35_2023_12_01,0,2024-06-01
CUS_0x6d6e,CUS_0x6d6e_2023_12_01,0,2024-06-01
CUS_0x6e19,CUS_0x6e19_2023_12_01,1,2024-06-01
CUS_0x6e91,CUS_0x6e91_2023_12_01,1,2024-06-01
CUS_0x6f0f,CUS_0x6f0f_2023_12_01,0,2024-06-01
CUS_0x6f9,CUS_0x6f9_2023_12_01,1,2024-06-01
CUS_0x6f93,CUS_0x6f93_2023_12_01,0,2024-06-01
CUS_0x7081,CUS_0x7081_2023_12_01,0,2024-06-01
CUS_0x709,CUS_0x709_2023_12_01,0,2024-06-01
CUS_0x710a,CUS_0x710a_2023_12_01,1,2024-06-01
CUS_0x71ab,CUS_0x71ab_2023_12_01,0,2024-06-01
CUS_0x71e2,CUS_0x71e2_2023_12_01,0,2024-06-01
CUS_0x7312,CUS_0x7312_2023_12_01,0,2024-06-01
CUS_0x732d,CUS_0x732d_2023_12_01,0,2024-06-01
CUS_0x73a6,CUS_0x73a6_2023_12_01,1,2024-06-01
CUS_0x743f,CUS_0x743f_2023_12_01,0,2024-06-01
CUS_0x744f,CUS_0x744f_2023_12_01,0,2024-06-01
CUS_0x74e8,CUS_0x74e8_2023_12_01,1,2024-06-01
CUS_0x758f,CUS_0x758f_2023_12_01,0,2024-06-01
CUS_0x7671,CUS_0x7671_2023_12_01,1,2024-06-01
CUS_0x769d,CUS_0x769d_2023_12_01,1,2024-06-01
CUS_0x786d,CUS_0x786d_2023_12_01,0,2024-06-01
CUS_0x78ca,CUS_0x78ca_2023_12_01,0,2024-06-01
CUS_0x78e8,CUS_0x78e8_2023_12_01,1,2024-06-01
CUS_0x7906,CUS_0x7906_2023_12_01,1,2024-06-01
CUS_0x7974,CUS_0x7974_2023_12_01,0,2024-06-01
CUS_0x79c0,CUS_0x79c0_2023_12_01,1,2024-06-01
CUS_0x7a14,CUS_0x7a14_2023_12_01,0,2024-06-01
CUS_0x7a22,CUS_0x7a22_2023_12_01,0,2024-06-01
CUS_0x7a26,CUS_0x7a26_2023_12_01,0,2024-06-01
CUS_0x7a32,CUS_0x7a32_2023_12_01,0,2024-06-01
CUS_0x7a7f,CUS_0x7a7f_2023_12_01,0,2024-06-01
CUS_0x7a8e,CUS_0x7a8e_2023_12_01,0,2024-06-01
CUS_0x7ab3,CUS_0x7ab3_2023_12_01,0,2024-06-01
CUS_0x7af8,CUS_0x7af8_2023_12_01,0,2024-06-01
CUS_0x7b38,CUS_0x7b38_2023_12_01,1,2024-06-01
CUS_0x7c0d,CUS_0x7c0d_2023_12_01,1,2024-06-01
CUS_0x7c79,CUS_0x7c79_2023_12_01,0,2024-06-01
CUS_0x7c88,CUS_0x7c88_2023_12_01,0,2024-06-01
CUS_0x7d66,CUS_0x7d66_2023_12_01,0,2024-06-01
CUS_0x7d6e,CUS_0x7d6e_2023_12_01,0,2024-06-01
CUS_0x7dab,CUS_0x7dab_2023_12_01,0,2024-06-01
CUS_0x7de1,CUS_0x7de1_2023_12_01,1,2024-06-01
CUS_0x7de5,CUS_0x7de5_2023_12_01,1,2024-06-01
CUS_0x7e6c,CUS_0x7e6c_2023_12_01,0,2024-06-01
CUS_0x7ef5,CUS_0x7ef5_2023_12_01,0,2024-06-01
CUS_0x7efc,CUS_0x7efc_2023_12_01,0,2024-06-01
CUS_0x7f3f,CUS_0x7f3f_2023_12_01,0,2024-06-01
CUS_0x7f6c,CUS_0x7f6c_2023_12_01,0,2024-06-01
CUS_0x7f73,CUS_0x7f73_2023_12_01,0,2024-06-01
CUS_0x7fa8,CUS_0x7fa8_2023_12_01,1,2024-06-01
CUS_0x804d,CUS_0x804d_2023_12_01,0,2024-06-01
CUS_0x80fd,CUS_0x80fd_2023_12_01,1,2024-06-01
CUS_0x812c,CUS_0x812c_2023_12_01,0,2024-06-01
CUS_0x8138,CUS_0x8138_2023_12_01,0,2024-06-01
CUS_0x81d,CUS_0x81d_2023_12_01,0,2024-06-01
CUS_0x81d7,CUS_0x81d7_2023_12_01,0,2024-06-01
CUS_0x827f,CUS_0x827f_2023_12_01,0,2024-06-01
CUS_0x8304,CUS_0x8304_2023_12_01,0,2024-06-01
CUS_0x837,CUS_0x837_2023_12_01,1,2024-06-01
CUS_0x8391,CUS_0x8391_2023_12_01,0,2024-06-01
CUS_0x839b,CUS_0x839b_2023_12_01,0,2024-06-01
CUS_0x83c3,CUS_0x83c3_2023_12_01,1,2024-06-01
CUS_0x83e8,CUS_0x83e8_2023_12_01,0,2024-06-01
CUS_0x8440,CUS_0x8440_2023_12_01,0,2024-06-01
CUS_0x8442,CUS_0x8442_2023_12_01,0,2024-06-01
CUS_0x84a8,CUS_0x84a8_2023_12_01,0,2024-06-01
CUS_0x867d,CUS_0x867d_2023_12_01,0,2024-06-01
CUS_0x868,CUS_0x868_2023_12_01,1,2024-06-01
CUS_0x86d9,CUS_0x86d9_2023_12_01,0,2024-06-01
CUS_0x8766,CUS_0x8766_2023_12_01,0,2024-06-01
CUS_0x87a4,CUS_0x87a4_2023_12_01,0,2024-06-01
CUS_0x8804,CUS_0x8804_2023_12_01,1,2024-06-01
CUS_0x881c,CUS_0x881c_2023_12_01,1,2024-06-01
CUS_0x8822,CUS_0x8822_2023_12_01,0,2024-06-01
CUS_0x8927,CUS_0x8927_2023_12_01,0,2024-06-01
CUS_0x8990,CUS_0x8990_2023_12_01,0,2024-06-01
CUS_0x89a6,CUS_0x89a6_2023_12_01,0,2024-06-01
CUS_0x89bd,CUS_0x89bd_2023_12_01,1,2024-06-01
CUS_0x89cb,CUS_0x89cb_2023_12_01,0,2024-06-01
CUS_0x89e,CUS_0x89e_2023_12_01,0,2024-06-01
CUS_0x8af0,CUS_0x8af0_2023_12_01,1,2024-06-01
CUS_0x8b11,CUS_0x8b11_2023_12_01,0,2024-06-01
CUS_0x8c47,CUS_0x8c47_2023_12_01,1,2024-06-01
CUS_0x8c7b,CUS_0x8c7b_2023_12_01,1,2024-06-01
CUS_0x8cf9,CUS_0x8cf9_2023_12_01,1,2024-06-01
CUS_0x8d12,CUS_0x8d12_2023_12_01,0,2024-06-01
CUS_0x8d7b,CUS_0x8d7b_2023_12_01,0,2024-06-01
CUS_0x8d91,CUS_0x8d91_2023_12_01,1,2024-06-01
CUS_0x8d9a,CUS_0x8d9a_2023_12_01,0,2024-06-01
CUS_0x8dbe,CUS_0x8dbe_2023_12_01,0,2024-06-01
CUS_0x8dc4,CUS_0x8dc4_2023_12_01,1,2024-06-01
CUS_0x1048,CUS_0x1048_2024_02_01,1,2024-08-01
CUS_0x10c0,CUS_0x10c0_2024_02_01,1,2024-08-01
CUS_0x115c,CUS_0x115c_2024_02_01,0,2024-08-01
CUS_0x12b6,CUS_0x12b6_2024_02_01,0,2024-08-01
CUS_0x12b8,CUS_0x12b8_2024_02_01,1,2024-08-01
CUS_0x12ef,CUS_0x12ef_2024_02_01,0,2024-08-01
CUS_0x134d,CUS_0x134d_2024_02_01,0,2024-08-01
CUS_0x13c2,CUS_0x13c2_2024_02_01,0,2024-08-01
CUS_0x1414,CUS_0x1414_2024_02_01,0,2024-08-01
CUS_0x1470,CUS_0x1470_2024_02_01,0,2024-08-01
CUS_0x15cc,CUS_0x15cc_2024_02_01,1,2024-08-01
CUS_0x15da,CUS_0x15da_2024_02_01,0,2024-08-01
CUS_0x15f7,CUS_0x15f7_2024_02_01,1,2024-08-01
CUS_0x1739,CUS_0x1739_2024_02_01,1,2024-08-01
CUS_0x178b,CUS_0x178b_2024_02_01,0,2024-08-01
CUS_0x17ec,CUS_0x17ec_2024_02_01,0,2024-08-01
CUS_0x18f4,CUS_0x18f4_2024_02_01,0,2024-08-01
CUS_0x1914,CUS_0x1914_2024_02_01,1,2024-08-01
CUS_0x1935,CUS_0x1935_2024_02_01,0,2024-08-01
CUS_0x194b,CUS_0x194b_2024_02_01,1,2024-08-01
CUS_0x19fc,CUS_0x19fc_2024_02_01,0,2024-08-01
CUS_0x1b3a,CUS_0x1b3a_2024_02_01,0,2024-08-01
CUS_0x1bb0,CUS_0x1bb0_2024_02_01,0,2024-08-01
CUS_0x1bbf,CUS_0x1bbf_2024_02_01,1,2024-08-01
CUS_0x1bef,CUS_0x1bef_2024_02_01,0,2024-08-01
CUS_0x1c24,CUS_0x1c24_2024_02_01,0,2024-08-01
CUS_0x1c31,CUS_0x1c31_2024_02_01,1,2024-08-01
CUS_0x1d3d,CUS_0x1d3d_2024_02_01,1,2024-08-01
CUS_0x1e50,CUS_0x1e50_2024_02_01,0,2024-08-01
CUS_0x1ef9,CUS_0x1ef9_2024_02_01,0,2024-08-01
CUS_0x1f4f,CUS_0x1f4f_2024_02_01,0,2024-08-01
CUS_0x1f91,CUS_0x1f91_2024_02_01,0,2024-08-01
CUS_0x1fa5,CUS_0x1fa5_2024_02_01,0,2024-08-01
CUS_0x1fcc,CUS_0x1fcc_2024_02_01,0,2024-08-01
CUS_0x2032,CUS_0x2032_2024_02_01,1,2024-08-01
CUS_0x20c4,CUS_0x20c4_2024_02_01,1,2024-08-01
CUS_0x2127,CUS_0x2127_2024_02_01,0,2024-08-01
CUS_0x2170,CUS_0x2170_2024_02_01,0,2024-08-01
CUS_0x2226,CUS_0x2226_2024_02_01,0,2024-08-01
CUS_0x230c,CUS_0x230c_2024_02_01,1,2024-08-01
CUS_0x231f,CUS_0x231f_2024_02_01,0,2024-08-01
CUS_0x2358,CUS_0x2358_2024_02_01,0,2024-08-01
CUS_0x2365,CUS_0x2365_2024_02_01,1,2024-08-01
CUS_0x237d,CUS_0x237d_2024_02_01,0,2024-08-01
CUS_0x23d8,CUS_0x23d8_2024_02_01,0,2024-08-01
CUS_0x2438,CUS_0x2438_2024_02_01,0,2024-08-01
CUS_0x25be,CUS_0x25be_2024_02_01,0,2024-08-01
CUS_0x25cd,CUS_0x25cd_2024_02_01,1,2024-08-01
CUS_0x264c,CUS_0x264c_2024_02_01,0,2024-08-01
CUS_0x2654,CUS_0x2654_2024_02_01,0,2024-08-01
CUS_0x26ff,CUS_0x26ff_2024_02_01,0,2024-08-01
CUS_0x277a,CUS_0x277a_2024_02_01,1,2024-08-01
CUS_0x2825,CUS_0x2825_2024_02_01,0,2024-08-01
CUS_0x2855,CUS_0x2855_2024_02_01,1,2024-08-01
CUS_0x2881,CUS_0x2881_2024_02_01,1,2024-08-01
CUS_0x28a4,CUS_0x28a4_2024_02_01,0,2024-08-01
CUS_0x28f1,CUS_0x28f1_2024_02_01,0,2024-08-01
CUS_0x2a27,CUS_0x2a27_2024_02_01,1,2024-08-01
CUS_0x2a30,CUS_0x2a30_2024_02_01,0,2024-08-01
CUS_0x2a36,CUS_0x2a36_2024_02_01,0,2024-08-01
CUS_0x2a91,CUS_0x2a91_2024_02_01,0,2024-08-01
CUS_0x2ba9,CUS_0x2ba9_2024_02_01,0,2024-08-01
CUS_0x2beb,CUS_0x2beb_2024_02_01,1,2024-08-01
CUS_0x2c3c,CUS_0x2c3c_2024_02_01,1,2024-08-01
CUS_0x2d6f,CUS_0x2d6f_2024_02_01,0,2024-08-01
CUS_0x2d9f,CUS_0x2d9f_2024_02_01,0,2024-08-01
CUS_0x2daf,CUS_0x2daf_2024_02_01,0,2024-08-01
CUS_0x2dca,CUS_0x2dca_2024_02_01,1,2024-08-01
CUS_0x2e72,CUS_0x2e72_2024_02_01,1,2024-08-01
CUS_0x2f0b,CUS_0x2f0b_2024_02_01,1,2024-08-01
CUS_0x2f52,CUS_0x2f52_2024_02_01,0,2024-08-01
CUS_0x2fd8,CUS_0x2fd8_2024_02_01,0,2024-08-01
CUS_0x2fe0,CUS_0x2fe0_2024_02_01,0,2024-08-01
CUS_0x2ffe,CUS_0x2ffe_2024_02_01,0,2024-08-01
CUS_0x3007,CUS_0x3007_2024_02_01,0,2024-08-01
CUS_0x3066,CUS_0x3066_2024_02_01,0,2024-08-01
CUS_0x30c6,CUS_0x30c6_2024_02_01,0,2024-08-01
CUS_0x30ca,CUS_0x30ca_2024_02_01,0,2024-08-01
CUS_0x3257,CUS_0x3257_2024_02_01,0,2024-08-01
CUS_0x3276,CUS_0x3276_2024_02_01,0,2024-08-01
CUS_0x3279,CUS_0x3279_2024_02_01,1,2024-08-01
CUS_0x32e2,CUS_0x32e2_2024_02_01,0,2024-08-01
CUS_0x3313,CUS_0x3313_2024_02_01,0,2024-08-01
CUS_0x333f,CUS_0x333f_2024_02_01,0,2024-08-01
CUS_0x3394,CUS_0x3394_2024_02_01,0,2024-08-01
CUS_0x3401,CUS_0x3401_2024_02_01,1,2024-08-01
CUS_0x350e,CUS_0x350e_2024_02_01,0,2024-08-01
CUS_0x3554,CUS_0x3554_2024_02_01,0,2024-08-01
CUS_0x364f,CUS_0x364f_2024_02_01,1,2024-08-01
CUS_0x36ac,CUS_0x36ac_2024_02_01,0,2024-08-01
CUS_0x36e1,CUS_0x36e1_2024_02_01,0,2024-08-01
CUS_0x3769,CUS_0x3769_2024_02_01,0,2024-08-01
CUS_0x376f,CUS_0x376f_2024_02_01,0,2024-08-01
CUS_0x37e5,CUS_0x37e5_2024_02_01,0,2024-08-01
CUS_0x37ea,CUS_0x37ea_2024_02_01,0,2024-08-01
CUS_0x38ad,CUS_0x38ad_2024_02_01,1,2024-08-01
CUS_0x38c6,CUS_0x38c6_2024_02_01,0,2024-08-01
CUS_0x38ca,CUS_0x38ca_2024_02_01,0,2024-08-01
CUS_0x3a39,CUS_0x3a39_2024_02_01,0,2024-08-01
CUS_0x3a85,CUS_0x3a85_2024_02_01,0,2024-08-01
CUS_0x3ade,CUS_0x3ade_2024_02_01,0,2024-08-01
CUS_0x3afa,CUS_0x3afa_2024_02_01,1,2024-08-01
CUS_0x3b83,CUS_0x3b83_2024_02_01,1,2024-08-01
CUS_0x3ba0,CUS_0x3ba0_2024_02_01,0,2024-08-01
CUS_0x3baa,CUS_0x3baa_2024_02_01,0,2024-08-01
CUS_0x3c5e,CUS_0x3c5e_2024_02_01,1,2024-08-01
CUS_0x3c96,CUS_0x3c96_2024_02_01,0,2024-08-01
CUS_0x3cf1,CUS_0x3cf1_2024_02_01,1,2024-08-01
CUS_0x3d73,CUS_0x3d73_2024_02_01,0,2024-08-01
CUS_0x3dd5,CUS_0x3dd5_2024_02_01,0,2024-08-01
CUS_0x3df0,CUS_0x3df0_2024_02_01,0,2024-08-01
CUS_0x3e57,CUS_0x3e57_2024_02_01,0,2024-08-01
CUS_0x3ed3,CUS_0x3ed3_2024_02_01,0,2024-08-01
CUS_0x3ee4,CUS_0x3ee4_2024_02_01,0,2024-08-01
CUS_0x3ef5,CUS_0x3ef5_2024_02_01,1,2024-08-01
CUS_0x3f5f,CUS_0x3f5f_2024_02_01,1,2024-08-01
CUS_0x3fdf,CUS_0x3fdf_2024_02_01,0,2024-08-01
CUS_0x3ff8,CUS_0x3ff8_2024_02_01,0,2024-08-01
CUS_0x4038,CUS_0x4038_2024_02_01,0,2024-08-01
CUS_0x4046,CUS_0x4046_2024_02_01,0,2024-08-01
CUS_0x407e,CUS_0x407e_2024_02_01,0,2024-08-01
CUS_0x4100,CUS_0x4100_2024_02_01,0,2024-08-01
CUS_0x415f,CUS_0x415f_2024_02_01,0,2024-08-01
CUS_0x4185,CUS_0x4185_2024_02_01,0,2024-08-01
CUS_0x4196,CUS_0x4196_2024_02_01,0,2024-08-01
CUS_0x4218,CUS_0x4218_2024_02_01,0,2024-08-01
CUS_0x4242,CUS_0x4242_2024_02_01,0,2024-08-01
CUS_0x42e6,CUS_0x42e6_2024_02_01,0,2024-08-01
CUS_0x4339,CUS_0x4339_2024_02_01,1,2024-08-01
CUS_0x437,CUS_0x437_2024_02_01,0,2024-08-01
CUS_0x4379,CUS_0x4379_2024_02_01,0,2024-08-01
CUS_0x4380,CUS_0x4380_2024_02_01,1,2024-08-01
CUS_0x438d,CUS_0x438d_2024_02_01,0,2024-08-01
CUS_0x43b8,CUS_0x43b8_2024_02_01,0,2024-08-01
CUS_0x43bc,CUS_0x43bc_2024_02_01,0,2024-08-01
CUS_0x4434,CUS_0x4434_2024_02_01,0,2024-08-01
CUS_0x444b,CUS_0x444b_2024_02_01,1,2024-08-01
CUS_0x458f,CUS_0x458f_2024_02_01,0,2024-08-01
CUS_0x467e,CUS_0x467e_2024_02_01,0,2024-08-01
CUS_0x46b6,CUS_0x46b6_2024_02_01,0,2024-08-01
CUS_0x46eb,CUS_0x46eb_2024_02_01,0,2024-08-01
CUS_0x478,CUS_0x478_2024_02_01,0,2024-08-01
CUS_0x480f,CUS_0x480f_2024_02_01,0,2024-08-01
CUS_0x4812,CUS_0x4812_2024_02_01,0,2024-08-01
CUS_0x4822,CUS_0x4822_2024_02_01,1,2024-08-01
CUS_0x4889,CUS_0x4889_2024_02_01,1,2024-08-01
CUS_0x48a3,CUS_0x48a3_2024_02_01,0,2024-08-01
CUS_0x48a6,CUS_0x48a6_2024_02_01,0,2024-08-01
CUS_0x4946,CUS_0x4946_2024_02_01,1,2024-08-01
CUS_0x4a05,CUS_0x4a05_2024_02_01,0,2024-08-01
CUS_0x4a70,CUS_0x4a70_2024_02_01,1,2024-08-01
CUS_0x4b3c,CUS_0x4b3c_2024_02_01,0,2024-08-01
CUS_0x4b9f,CUS_0x4b9f_2024_02_01,0,2024-08-01
CUS_0x4bda,CUS_0x4bda_2024_02_01,0,2024-08-01
CUS_0x4bf7,CUS_0x4bf7_2024_02_01,0,2024-08-01
CUS_0x4c6c,CUS_0x4c6c_2024_02_01,0,2024-08-01
CUS_0x4c89,CUS_0x4c89_2024_02_01,1,2024-08-01
CUS_0x4d19,CUS_0x4d19_2024_02_01,0,2024-08-01
CUS_0x4d98,CUS_0x4d98_2024_02_01,0,2024-08-01
CUS_0x4dfb,CUS_0x4dfb_2024_02_01,0,2024-08-01
CUS_0x4e7d,CUS_0x4e7d_2024_02_01,0,2024-08-01
CUS_0x4edc,CUS_0x4edc_2024_02_01,0,2024-08-01
CUS_0x4ef0,CUS_0x4ef0_2024_02_01,1,2024-08-01
CUS_0x4f4d,CUS_0x4f4d_2024_02_01,1,2024-08-01
CUS_0x4f52,CUS_0x4f52_2024_02_01,0,2024-08-01
CUS_0x4f88,CUS_0x4f88_2024_02_01,1,2024-08-01
CUS_0x102e,CUS_0x102e_2024_04_01,1,2024-10-01
CUS_0x109d,CUS_0x109d_2024_04_01,0,2024-10-01
CUS_0x112e,CUS_0x112e_2024_04_01,0,2024-10-01
CUS_0x1183,CUS_0x1183_2024_04_01,0,2024-10-01
CUS_0x1220,CUS_0x1220_2024_04_01,0,2024-10-01
CUS_0x1226,CUS_0x1226_2024_04_01,0,2024-10-01
CUS_0x1343,CUS_0x1343_2024_04_01,0,2024-10-01
CUS_0x13c7,CUS_0x13c7_2024_04_01,1,2024-10-01
CUS_0x13d5,CUS_0x13d5_2024_04_01,0,2024-10-01
CUS_0x1422,CUS_0x1422_2024_04_01,1,2024-10-01
CUS_0x14ce,CUS_0x14ce_2024_04_01,0,2024-10-01
CUS_0x1528,CUS_0x1528_2024_04_01,0,2024-10-01
CUS_0x1534,CUS_0x1534_2024_04_01,1,2024-10-01
CUS_0x1628,CUS_0x1628_2024_04_01,1,2024-10-01
CUS_0x16cf,CUS_0x16cf_2024_04_01,0,2024-10-01
CUS_0x16d4,CUS_0x16d4_2024_04_01,0,2024-10-01
CUS_0x17fb,CUS_0x17fb_2024_04_01,0,2024-10-01
CUS_0x18ef,CUS_0x18ef_2024_04_01,0,2024-10-01
CUS_0x18f7,CUS_0x18f7_2024_04_01,0,2024-10-01
CUS_0x193c,CUS_0x193c_2024_04_01,1,2024-10-01
CUS_0x1968,CUS_0x1968_2024_04_01,1,2024-10-01
CUS_0x1999,CUS_0x1999_2024_04_01,0,2024-10-01
CUS_0x1a03,CUS_0x1a03_2024_04_01,0,2024-10-01
CUS_0x1a53,CUS_0x1a53_2024_04_01,0,2024-10-01
CUS_0x1a5a,CUS_0x1a5a_2024_04_01,0,2024-10-01
CUS_0x1a85,CUS_0x1a85_2024_04_01,1,2024-10-01
CUS_0x1ba2,CUS_0x1ba2_2024_04_01,0,2024-10-01
CUS_0x1c26,CUS_0x1c26_2024_04_01,1,2024-10-01
CUS_0x1c98,CUS_0x1c98_2024_04_01,0,2024-10-01
CUS_0x1cc3,CUS_0x1cc3_2024_04_01,1,2024-10-01
CUS_0x1d15,CUS_0x1d15_2024_04_01,0,2024-10-01
CUS_0x1d2c,CUS_0x1d2c_2024_04_01,0,2024-10-01
CUS_0x1d4e,CUS_0x1d4e_2024_04_01,0,2024-10-01
CUS_0x1dd4,CUS_0x1dd4_2024_04_01,0,2024-10-01
CUS_0x1ec9,CUS_0x1ec9_2024_04_01,1,2024-10-01
CUS_0x1ed2,CUS_0x1ed2_2024_04_01,1,2024-10-01
CUS_0x1ed5,CUS_0x1ed5_2024_04_01,1,2024-10-01
CUS_0x1edc,CUS_0x1edc_2024_04_01,0,2024-10-01
CUS_0x1f9c,CUS_0x1f9c_2024_04_01,0,2024-10-01
CUS_0x1fbd,CUS_0x1fbd_2024_04_01,0,2024-10-01
CUS_0x20db,CUS_0x20db_2024_04_01,0,2024-10-01
CUS_0x2102,CUS_0x2102_2024_04_01,0,2024-10-01
CUS_0x21bb,CUS_0x21bb_2024_04_01,0,2024-10-01
CUS_0x21c1,CUS_0x21c1_2024_04_01,0,2024-10-01
CUS_0x21e9,CUS_0x21e9_2024_04_01,1,2024-10-01
CUS_0x2258,CUS_0x2258_2024_04_01,0,2024-10-01
CUS_0x228c,CUS_0x228c_2024_04_01,0,2024-10-01
CUS_0x22d0,CUS_0x22d0_2024_04_01,0,2024-10-01
CUS_0x22f8,CUS_0x22f8_2024_04_01,0,2024-10-01
CUS_0x234a,CUS_0x234a_2024_04_01,0,2024-10-01
CUS_0x235a,CUS_0x235a_2024_04_01,0,2024-10-01
CUS_0x23c8,CUS_0x23c8_2024_04_01,0,2024-10-01
CUS_0x23dd,CUS_0x23dd_2024_04_01,0,2024-10-01
CUS_0x23f3,CUS_0x23f3_2024_04_01,1,2024-10-01
CUS_0x240d,CUS_0x240d_2024_04_01,0,2024-10-01
CUS_0x2468,CUS_0x2468_2024_04_01,1,2024-10-01
CUS_0x2483,CUS_0x2483_2024_04_01,0,2024-10-01
CUS_0x2484,CUS_0x2484_2024_04_01,0,2024-10-01
CUS_0x24ae,CUS_0x24ae_2024_04_01,0,2024-10-01
CUS_0x24e3,CUS_0x24e3_2024_04_01,0,2024-10-01
CUS_0x24ee,CUS_0x24ee_2024_04_01,1,2024-10-01
CUS_0x2714,CUS_0x2714_2024_04_01,1,2024-10-01
CUS_0x272a,CUS_0x272a_2024_04_01,0,2024-10-01
CUS_0x2808,CUS_0x2808_2024_04_01,0,2024-10-01
CUS_0x2813,CUS_0x2813_2024_04_01,0,2024-10-01
CUS_0x2823,CUS_0x2823_2024_04_01,0,2024-10-01
CUS_0x2863,CUS_0x2863_2024_04_01,0,2024-10-01
CUS_0x2876,CUS_0x2876_2024_04_01,1,2024-10-01
CUS_0x28d0,CUS_0x28d0_2024_04_01,0,2024-10-01
CUS_0x2998,CUS_0x2998_2024_04_01,0,2024-10-01
CUS_0x29d5,CUS_0x29d5_2024_04_01,0,2024-10-01
CUS_0x2a2e,CUS_0x2a2e_2024_04_01,1,2024-10-01
CUS_0x2b11,CUS_0x2b11_2024_04_01,0,2024-10-01
CUS_0x2b2b,CUS_0x2b2b_2024_04_01,0,2024-10-01
CUS_0x2bc7,CUS_0x2bc7_2024_04_01,0,2024-10-01
CUS_0x2c1a,CUS_0x2c1a_2024_04_01,0,2024-10-01
CUS_0x2c1c,CUS_0x2c1c_2024_04_01,0,2024-10-01
CUS_0x2c2b,CUS_0x2c2b_2024_04_01,0,2024-10-01
CUS_0x2c51,CUS_0x2c51_2024_04_01,0,2024-10-01
CUS_0x2c7f,CUS_0x2c7f_2024_04_01,0,2024-10-01
CUS_0x2c94,CUS_0x2c94_2024_04_01,0,2024-10-01
CUS_0x2cd1,CUS_0x2cd1_2024_04_01,1,2024-10-01
CUS_0x2ced,CUS_0x2ced_2024_04_01,0,2024-10-01
CUS_0x2cfe,CUS_0x2cfe_2024_04_01,0,2024-10-01
CUS_0x2d3e,CUS_0x2d3e_2024_04_01,0,2024-10-01
CUS_0x2d84,CUS_0x2d84_2024_04_01,1,2024-10-01
CUS_0x2e15,CUS_0x2e15_2024_04_01,1,2024-10-01
CUS_0x2e22,CUS_0x2e22_2024_04_01,0,2024-10-01
CUS_0x2f7e,CUS_0x2f7e_2024_04_01,1,2024-10-01
CUS_0x2ff3,CUS_0x2ff3_2024_04_01,0,2024-10-01
CUS_0x3003,CUS_0x3003_2024_04_01,0,2024-10-01
CUS_0x3040,CUS_0x3040_2024_04_01,1,2024-10-01
CUS_0x3176,CUS_0x3176_2024_04_01,0,2024-10-01
CUS_0x3195,CUS_0x3195_2024_04_01,0,2024-10-01
CUS_0x31b7,CUS_0x31b7_2024_04_01,0,2024-10-01
CUS_0x32e6,CUS_0x32e6_2024_04_01,0,2024-10-01
CUS_0x3383,CUS_0x3383_2024_04_01,0,2024-10-01
CUS_0x33b5,CUS_0x33b5_2024_04_01,0,2024-10-01
CUS_0x33f0,CUS_0x33f0_2024_04_01,0,2024-10-01
CUS_0x347c,CUS_0x347c_2024_04_01,1,2024-10-01
CUS_0x34a8,CUS_0x34a8_2024_04_01,0,2024-10-01
CUS_0x34b5,CUS_0x34b5_2024_04_01,0,2024-10-01
CUS_0x3582,CUS_0x3582_2024_04_01,0,2024-10-01
CUS_0x3606,CUS_0x3606_2024_04_01,0,2024-10-01
CUS_0x36a1,CUS_0x36a1_2024_04_01,0,2024-10-01
CUS_0x36f2,CUS_0x36f2_2024_04_01,0,2024-10-01
CUS_0x36fd,CUS_0x36fd_2024_04_01,1,2024-10-01
CUS_0x36ff,CUS_0x36ff_2024_04_01,0,2024-10-01
CUS_0x3809,CUS_0x3809_2024_04_01,0,2024-10-01
CUS_0x3821,CUS_0x3821_2024_04_01,1,2024-10-01
CUS_0x38bc,CUS_0x38bc_2024_04_01,0,2024-10-01
CUS_0x38c2,CUS_0x38c2_2024_04_01,0,2024-10-01
CUS_0x3966,CUS_0x3966_2024_04_01,1,2024-10-01
CUS_0x39d7,CUS_0x39d7_2024_04_01,1,2024-10-01
CUS_0x39e5,CUS_0x39e5_2024_04_01,1,2024-10-01
CUS_0x3a57,CUS_0x3a57_2024_04_01,1,2024-10-01
CUS_0x3b33,CUS_0x3b33_2024_04_01,0,2024-10-01
CUS_0x3b4c,CUS_0x3b4c_2024_04_01,0,2024-10-01
CUS_0x3cf7,CUS_0x3cf7_2024_04_01,1,2024-10-01
CUS_0x3d40,CUS_0x3d40_2024_04_01,0,2024-10-01
CUS_0x3d71,CUS_0x3d71_2024_04_01,1,2024-10-01
CUS_0x3de8,CUS_0x3de8_2024_04_01,0,2024-10-01
CUS_0x3f49,CUS_0x3f49_2024_04_01,0,2024-10-01
CUS_0x4068,CUS_0x4068_2024_04_01,1,2024-10-01
CUS_0x4098,CUS_0x4098_2024_04_01,0,2024-10-01
CUS_0x40d,CUS_0x40d_2024_04_01,0,2024-10-01
CUS_0x40d1,CUS_0x40d1_2024_04_01,0,2024-10-01
CUS_0x411d,CUS_0x411d_2024_04_01,1,2024-10-01
CUS_0x41ac,CUS_0x41ac_2024_04_01,0,2024-10-01
CUS_0x41be,CUS_0x41be_2024_04_01,0,2024-10-01
CUS_0x41d3,CUS_0x41d3_2024_04_01,0,2024-10-01
CUS_0x41eb,CUS_0x41eb_2024_04_01,0,2024-10-01
CUS_0x4211,CUS_0x4211_2024_04_01,0,2024-10-01
CUS_0x4250,CUS_0x4250_2024_04_01,0,2024-10-01
CUS_0x42ec,CUS_0x42ec_2024_04_01,0,2024-10-01
CUS_0x432b,CUS_0x432b_2024_04_01,1,2024-10-01
CUS_0x4333,CUS_0x4333_2024_04_01,0,2024-10-01
CUS_0x4354,CUS_0x4354_2024_04_01,0,2024-10-01
CUS_0x43a2,CUS_0x43a2_2024_04_01,1,2024-10-01
CUS_0x43dd,CUS_0x43dd_2024_04_01,0,2024-10-01
CUS_0x4409,CUS_0x4409_2024_04_01,0,2024-10-01
CUS_0x4491,CUS_0x4491_2024_04_01,0,2024-10-01
CUS_0x4517,CUS_0x4517_2024_04_01,0,2024-10-01
CUS_0x460c,CUS_0x460c_2024_04_01,0,2024-10-01
CUS_0x460f,CUS_0x460f_2024_04_01,1,2024-10-01
CUS_0x463e,CUS_0x463e_2024_04_01,1,2024-10-01
CUS_0x4640,CUS_0x4640_2024_04_01,1,2024-10-01
CUS_0x4691,CUS_0x4691_2024_04_01,1,2024-10-01
CUS_0x4712,CUS_0x4712_2024_04_01,1,2024-10-01
CUS_0x4718,CUS_0x4718_2024_04_01,0,2024-10-01
CUS_0x4778,CUS_0x4778_2024_04_01,1,2024-10-01
CUS_0x47b2,CUS_0x47b2_2024_04_01,0,2024-10-01
CUS_0x47c5,CUS_0x47c5_2024_04_01,0,2024-10-01
CUS_0x4807,CUS_0x4807_2024_04_01,0,2024-10-01
CUS_0x4883,CUS_0x4883_2024_04_01,0,2024-10-01
CUS_0x48d,CUS_0x48d_2024_04_01,0,2024-10-01
CUS_0x4900,CUS_0x4900_2024_04_01,1,2024-10-01
CUS_0x493c,CUS_0x493c_2024_04_01,0,2024-10-01
CUS_0x496a,CUS_0x496a_2024_04_01,0,2024-10-01
CUS_0x4973,CUS_0x4973_2024_04_01,0,2024-10-01
CUS_0x49e4,CUS_0x49e4_2024_04_01,0,2024-10-01
CUS_0x4a45,CUS_0x4a45_2024_04_01,1,2024-10-01
CUS_0x4a5,CUS_0x4a5_2024_04_01,0,2024-10-01
CUS_0x4b5a,CUS_0x4b5a_2024_04_01,0,2024-10-01
CUS_0x4c36,CUS_0x4c36_2024_04_01,0,2024-10-01
CUS_0x4c59,CUS_0x4c59_2024_04_01,0,2024-10-01
CUS_0x4c9a,CUS_0x4c9a_2024_04_01,1,2024-10-01
CUS_0x4e42,CUS_0x4e42_2024_04_01,0,2024-10-01
CUS_0x4eef,CUS_0x4eef_2024_04_01,1,2024-10-01
CUS_0x4f29,CUS_0x4f29_2024_04_01,1,2024-10-01
CUS_0x4f57,CUS_0x4f57_2024_04_01,0,2024-10-01
CUS_0x4fa6,CUS_0x4fa6_2024_04_01,1,2024-10-01
CUS_0x4fb8,CUS_0x4fb8_2024_04_01,1,2024-10-01
CUS_0x4fc9,CUS_0x4fc9_2024_04_01,1,2024-10-01
CUS_0x5046,CUS_0x5046_2023_07_01,1,2024-01-01
CUS_0x505c,CUS_0x505c_2023_07_01,1,2024-01-01
CUS_0x50e2,CUS_0x50e2_2023_07_01,1,2024-01-01
CUS_0x51d4,CUS_0x51d4_2023_07_01,0,2024-01-01
CUS_0x51eb,CUS_0x51eb_2023_07_01,0,2024-01-01
CUS_0x5396,CUS_0x5396_2023_07_01,0,2024-01-01
CUS_0x541,CUS_0x541_2023_07_01,0,2024-01-01
CUS_0x543f,CUS_0x543f_2023_07_01,0,2024-01-01
CUS_0x5451,CUS_0x5451_2023_07_01,0,2024-01-01
CUS_0x5488,CUS_0x5488_2023_07_01,0,2024-01-01
CUS_0x55d9,CUS_0x55d9_2023_07_01,1,2024-01-01
CUS_0x564e,CUS_0x564e_2023_07_01,1,2024-01-01
CUS_0x56c5,CUS_0x56c5_2023_07_01,0,2024-01-01
CUS_0x56c8,CUS_0x56c8_2023_07_01,0,2024-01-01
CUS_0x5734,CUS_0x5734_2023_07_01,0,2024-01-01
CUS_0x57a,CUS_0x57a_2023_07_01,0,2024-01-01
CUS_0x582f,CUS_0x582f_2023_07_01,0,2024-01-01
CUS_0x5848,CUS_0x5848_2023_07_01,0,2024-01-01
CUS_0x584b,CUS_0x584b_2023_07_01,0,2024-01-01
CUS_0x59d8,CUS_0x59d8_2023_07_01,1,2024-01-01
CUS_0x5a82,CUS_0x5a82_2023_07_01,0,2024-01-01
CUS_0x5aaa,CUS_0x5aaa_2023_07_01,0,2024-01-01
CUS_0x5c66,CUS_0x5c66_2023_07_01,0,2024-01-01
CUS_0x5c7f,CUS_0x5c7f_2023_07_01,0,2024-01-01
CUS_0x5cc5,CUS_0x5cc5_2023_07_01,0,2024-01-01
CUS_0x5dd6,CUS_0x5dd6_2023_07_01,0,2024-01-01
CUS_0x5e2d,CUS_0x5e2d_2023_07_01,0,2024-01-01
CUS_0x5f0f,CUS_0x5f0f_2023_07_01,0,2024-01-01
CUS_0x5f5d,CUS_0x5f5d_2023_07_01,0,2024-01-01
CUS_0x5f83,CUS_0x5f83_2023_07_01,0,2024-01-01
CUS_0x5fbf,CUS_0x5fbf_2023_07_01,1,2024-01-01
CUS_0x5ff6,CUS_0x5ff6_2023_07_01,1,2024-01-01
CUS_0x6010,CUS_0x6010_2023_07_01,0,2024-01-01
CUS_0x6054,CUS_0x6054_2023_07_01,0,2024-01-01
CUS_0x6092,CUS_0x6092_2023_07_01,1,2024-01-01
CUS_0x6102,CUS_0x6102_2023_07_01,0,2024-01-01
CUS_0x612e,CUS_0x612e_2023_07_01,0,2024-01-01
CUS_0x6148,CUS_0x6148_2023_07_01,1,2024-01-01
CUS_0x61c2,CUS_0x61c2_2023_07_01,0,2024-01-01
CUS_0x6200,CUS_0x6200_2023_07_01,1,2024-01-01
CUS_0x628e,CUS_0x628e_2023_07_01,0,2024-01-01
CUS_0x62cf,CUS_0x62cf_2023_07_01,1,2024-01-01
CUS_0x6322,CUS_0x6322_2023_07_01,0,2024-01-01
CUS_0x643b,CUS_0x643b_2023_07_01,0,2024-01-01
CUS_0x6478,CUS_0x6478_2023_07_01,0,2024-01-01
CUS_0x64a1,CUS_0x64a1_2023_07_01,0,2024-01-01
CUS_0x64a3,CUS_0x64a3_2023_07_01,0,2024-01-01
CUS_0x64a4,CUS_0x64a4_2023_07_01,0,2024-01-01
CUS_0x65d3,CUS_0x65d3_2023_07_01,0,2024-01-01
CUS_0x661d,CUS_0x661d_2023_07_01,1,2024-01-01
CUS_0x6669,CUS_0x6669_2023_07_01,1,2024-01-01
CUS_0x666a,CUS_0x666a_2023_07_01,0,2024-01-01
CUS_0x6672,CUS_0x6672_2023_07_01,0,2024-01-01
CUS_0x6673,CUS_0x6673_2023_07_01,0,2024-01-01
CUS_0x66d4,CUS_0x66d4_2023_07_01,1,2024-01-01
CUS_0x6728,CUS_0x6728_2023_07_01,0,2024-01-01
CUS_0x67a9,CUS_0x67a9_2023_07_01,0,2024-01-01
CUS_0x68f8,CUS_0x68f8_2023_07_01,0,2024-01-01
CUS_0x6928,CUS_0x6928_2023_07_01,1,2024-01-01
CUS_0x69e5,CUS_0x69e5_2023_07_01,0,2024-01-01
CUS_0x6a1a,CUS_0x6a1a_2023_07_01,0,2024-01-01
CUS_0x6a8f,CUS_0x6a8f_2023_07_01,0,2024-01-01
CUS_0x6ab5,CUS_0x6ab5_2023_07_01,0,2024-01-01
CUS_0x6ada,CUS_0x6ada_2023_07_01,0,2024-01-01
CUS_0x6b59,CUS_0x6b59_2023_07_01,1,2024-01-01
CUS_0x6bad,CUS_0x6bad_2023_07_01,0,2024-01-01
CUS_0x6c00,CUS_0x6c00_2023_07_01,1,2024-01-01
CUS_0x6c52,CUS_0x6c52_2023_07_01,1,2024-01-01
CUS_0x6c53,CUS_0x6c53_2023_07_01,0,2024-01-01
CUS_0x6c90,CUS_0x6c90_2023_07_01,1,2024-01-01
CUS_0x6cb4,CUS_0x6cb4_2023_07_01,1,2024-01-01
CUS_0x6cc6,CUS_0x6cc6_2023_07_01,0,2024-01-01
CUS_0x6d3c,CUS_0x6d3c_2023_07_01,0,2024-01-01
CUS_0x6da3,CUS_0x6da3_2023_07_01,0,2024-01-01
CUS_0x6f04,CUS_0x6f04_2023_07_01,1,2024-01-01
CUS_0x6f69,CUS_0x6f69_2023_07_01,1,2024-01-01
CUS_0x6f78,CUS_0x6f78_2023_07_01,0,2024-01-01
CUS_0x6f84,CUS_0x6f84_2023_07_01,0,2024-01-01
CUS_0x6fb1,CUS_0x6fb1_2023_07_01,0,2024-01-01
CUS_0x6fb2,CUS_0x6fb2_2023_07_01,1,2024-01-01
CUS_0x703c,CUS_0x703c_2023_07_01,0,2024-01-01
CUS_0x7080,CUS_0x7080_2023_07_01,1,2024-01-01
CUS_0x70b2,CUS_0x70b2_2023_07_01,0,2024-01-01
CUS_0x7154,CUS_0x7154_2023_07_01,0,2024-01-01
CUS_0x7198,CUS_0x7198_2023_07_01,0,2024-01-01
CUS_0x7283,CUS_0x7283_2023_07_01,0,2024-01-01
CUS_0x73bb,CUS_0x73bb_2023_07_01,0,2024-01-01
CUS_0x73cf,CUS_0x73cf_2023_07_01,1,2024-01-01
CUS_0x73ee,CUS_0x73ee_2023_07_01,0,2024-01-01
CUS_0x7429,CUS_0x7429_2023_07_01,0,2024-01-01
CUS_0x7494,CUS_0x7494_2023_07_01,0,2024-01-01
CUS_0x74fc,CUS_0x74fc_2023_07_01,0,2024-01-01
CUS_0x7551,CUS_0x7551_2023_07_01,0,2024-01-01
CUS_0x75f,CUS_0x75f_2023_07_01,0,2024-01-01
CUS_0x764f,CUS_0x764f_2023_07_01,0,2024-01-01
CUS_0x76fc,CUS_0x76fc_2023_07_01,0,2024-01-01
CUS_0x778e,CUS_0x778e_2023_07_01,0,2024-01-01
CUS_0x7837,CUS_0x7837_2023_07_01,1,2024-01-01
CUS_0x7893,CUS_0x7893_2023_07_01,0,2024-01-01
CUS_0x7960,CUS_0x7960_2023_07_01,1,2024-01-01
CUS_0x79a9,CUS_0x79a9_2023_07_01,1,2024-01-01
CUS_0x7a0b,CUS_0x7a0b_2023_07_01,0,2024-01-01
CUS_0x7a39,CUS_0x7a39_2023_07_01,1,2024-01-01
CUS_0x7ba5,CUS_0x7ba5_2023_07_01,1,2024-01-01
CUS_0x7baf,CUS_0x7baf_2023_07_01,0,2024-01-01
CUS_0x7bf,CUS_0x7bf_2023_07_01,0,2024-01-01
CUS_0x7c2,CUS_0x7c2_2023_07_01,0,2024-01-01
CUS_0x7c4a,CUS_0x7c4a_2023_07_01,1,2024-01-01
CUS_0x7c6,CUS_0x7c6_2023_07_01,0,2024-01-01
CUS_0x7cfb,CUS_0x7cfb_2023_07_01,0,2024-01-01
CUS_0x7da5,CUS_0x7da5_2023_07_01,1,2024-01-01
CUS_0x7dd7,CUS_0x7dd7_2023_07_01,1,2024-01-01
CUS_0x7de0,CUS_0x7de0_2023_07_01,0,2024-01-01
CUS_0x7e0b,CUS_0x7e0b_2023_07_01,1,2024-01-01
CUS_0x7f50,CUS_0x7f50_2023_07_01,0,2024-01-01
CUS_0x7f9c,CUS_0x7f9c_2023_07_01,0,2024-01-01
CUS_0x8072,CUS_0x8072_2023_07_01,0,2024-01-01
CUS_0x809c,CUS_0x809c_2023_07_01,0,2024-01-01
CUS_0x80df,CUS_0x80df_2023_07_01,0,2024-01-01
CUS_0x80f8,CUS_0x80f8_2023_07_01,0,2024-01-01
CUS_0x8110,CUS_0x8110_2023_07_01,0,2024-01-01
CUS_0x81c5,CUS_0x81c5_2023_07_01,0,2024-01-01
CUS_0x81e9,CUS_0x81e9_2023_07_01,0,2024-01-01
CUS_0x83a4,CUS_0x83a4_2023_07_01,1,2024-01-01
CUS_0x83c5,CUS_0x83c5_2023_07_01,1,2024-01-01
CUS_0x83d7,CUS_0x83d7_2023_07_01,0,2024-01-01
CUS_0x83ef,CUS_0x83ef_2023_07_01,0,2024-01-01
CUS_0x84b8,CUS_0x84b8_2023_07_01,1,2024-01-01
CUS_0x84c3,CUS_0x84c3_2023_07_01,1,2024-01-01
CUS_0x857f,CUS_0x857f_2023_07_01,0,2024-01-01
CUS_0x85b,CUS_0x85b_2023_07_01,1,2024-01-01
CUS_0x85cb,CUS_0x85cb_2023_07_01,0,2024-01-01
CUS_0x8600,CUS_0x8600_2023_07_01,0,2024-01-01
CUS_0x870d,CUS_0x870d_2023_07_01,1,2024-01-01
CUS_0x870e,CUS_0x870e_2023_07_01,1,2024-01-01
CUS_0x8783,CUS_0x8783_2023_07_01,0,2024-01-01
CUS_0x87b6,CUS_0x87b6_2023_07_01,0,2024-01-01
CUS_0x8841,CUS_0x8841_2023_07_01,0,2024-01-01
CUS_0x8852,CUS_0x8852_2023_07_01,0,2024-01-01
CUS_0x88e2,CUS_0x88e2_2023_07_01,1,2024-01-01
CUS_0x8a78,CUS_0x8a78_2023_07_01,0,2024-01-01
CUS_0x8ad9,CUS_0x8ad9_2023_07_01,1,2024-01-01
CUS_0x8b29,CUS_0x8b29_2023_07_01,0,2024-01-01
CUS_0x8b5f,CUS_0x8b5f_2023_07_01,0,2024-01-01
CUS_0x8bd6,CUS_0x8bd6_2023_07_01,1,2024-01-01
CUS_0x8c5a,CUS_0x8c5a_2023_07_01,1,2024-01-01
CUS_0x8ce,CUS_0x8ce_2023_07_01,0,2024-01-01
CUS_0x100b,CUS_0x100b_2024_03_01,0,2024-09-01
CUS_0x1096,CUS_0x1096_2024_03_01,1,2024-09-01
CUS_0x111c,CUS_0x111c_2024_03_01,1,2024-09-01
CUS_0x112d,CUS_0x112d_2024_03_01,1,2024-09-01
CUS_0x1204,CUS_0x1204_2024_03_01,1,2024-09-01
CUS_0x12af,CUS_0x12af_2024_03_01,0,2024-09-01
CUS_0x12cb,CUS_0x12cb_2024_03_01,1,2024-09-01
CUS_0x12fc,CUS_0x12fc_2024_03_01,0,2024-09-01
CUS_0x144c,CUS_0x144c_2024_03_01,0,2024-09-01
CUS_0x1546,CUS_0x1546_2024_03_01,0,2024-09-01
CUS_0x1591,CUS_0x1591_2024_03_01,0,2024-09-01
CUS_0x15d5,CUS_0x15d5_2024_03_01,1,2024-09-01
CUS_0x15d9,CUS_0x15d9_2024_03_01,1,2024-09-01
CUS_0x1695,CUS_0x1695_2024_03_01,0,2024-09-01
CUS_0x16b4,CUS_0x16b4_2024_03_01,0,2024-09-01
CUS_0x1713,CUS_0x1713_2024_03_01,1,2024-09-01
CUS_0x1871,CUS_0x1871_2024_03_01,0,2024-09-01
CUS_0x18d8,CUS_0x18d8_2024_03_01,1,2024-09-01
CUS_0x18e5,CUS_0x18e5_2024_03_01,1,2024-09-01
CUS_0x1931,CUS_0x1931_2024_03_01,1,2024-09-01
CUS_0x19b0,CUS_0x19b0_2024_03_01,0,2024-09-01
CUS_0x19b2,CUS_0x19b2_2024_03_01,0,2024-09-01
CUS_0x19c9,CUS_0x19c9_2024_03_01,0,2024-09-01
CUS_0x19cc,CUS_0x19cc_2024_03_01,0,2024-09-01
CUS_0x19f3,CUS_0x19f3_2024_03_01,0,2024-09-01
CUS_0x1ac0,CUS_0x1ac0_2024_03_01,0,2024-09-01
CUS_0x1ac9,CUS_0x1ac9_2024_03_01,0,2024-09-01
CUS_0x1b0b,CUS_0x1b0b_2024_03_01,1,2024-09-01
CUS_0x1b21,CUS_0x1b21_2024_03_01,0,2024-09-01
CUS_0x1b97,CUS_0x1b97_2024_03_01,0,2024-09-01
CUS_0x1d85,CUS_0x1d85_2024_03_01,0,2024-09-01
CUS_0x1e63,CUS_0x1e63_2024_03_01,1,2024-09-01
CUS_0x1ebb,CUS_0x1ebb_2024_03_01,0,2024-09-01
CUS_0x20b2,CUS_0x20b2_2024_03_01,0,2024-09-01
CUS_0x20f3,CUS_0x20f3_2024_03_01,1,2024-09-01
CUS_0x2176,CUS_0x2176_2024_03_01,0,2024-09-01
CUS_0x21f4,CUS_0x21f4_2024_03_01,1,2024-09-01
CUS_0x224a,CUS_0x224a_2024_03_01,0,2024-09-01
CUS_0x2267,CUS_0x2267_2024_03_01,1,2024-09-01
CUS_0x2270,CUS_0x2270_2024_03_01,1,2024-09-01
CUS_0x2308,CUS_0x2308_2024_03_01,0,2024-09-01
CUS_0x2346,CUS_0x2346_2024_03_01,0,2024-09-01
CUS_0x23a1,CUS_0x23a1_2024_03_01,0,2024-09-01
CUS_0x23d6,CUS_0x23d6_2024_03_01,0,2024-09-01
CUS_0x2425,CUS_0x2425_2024_03_01,0,2024-09-01
CUS_0x2508,CUS_0x2508_2024_03_01,1,2024-09-01
CUS_0x25b0,CUS_0x25b0_2024_03_01,1,2024-09-01
CUS_0x2646,CUS_0x2646_2024_03_01,0,2024-09-01
CUS_0x2653,CUS_0x2653_2024_03_01,1,2024-09-01
CUS_0x2717,CUS_0x2717_2024_03_01,0,2024-09-01
CUS_0x2730,CUS_0x2730_2024_03_01,0,2024-09-01
CUS_0x2731,CUS_0x2731_2024_03_01,0,2024-09-01
CUS_0x2788,CUS_0x2788_2024_03_01,1,2024-09-01
CUS_0x27ab,CUS_0x27ab_2024_03_01,0,2024-09-01
CUS_0x27e5,CUS_0x27e5_2024_03_01,0,2024-09-01
CUS_0x2824,CUS_0x2824_2024_03_01,1,2024-09-01
CUS_0x28a3,CUS_0x28a3_2024_03_01,0,2024-09-01
CUS_0x294d,CUS_0x294d_2024_03_01,1,2024-09-01
CUS_0x2959,CUS_0x2959_2024_03_01,1,2024-09-01
CUS_0x29ab,CUS_0x29ab_2024_03_01,0,2024-09-01
CUS_0x2a86,CUS_0x2a86_2024_03_01,1,2024-09-01
CUS_0x2b3b,CUS_0x2b3b_2024_03_01,0,2024-09-01
CUS_0x2bc4,CUS_0x2bc4_2024_03_01,0,2024-09-01
CUS_0x2ccb,CUS_0x2ccb_2024_03_01,0,2024-09-01
CUS_0x2d82,CUS_0x2d82_2024_03_01,0,2024-09-01
CUS_0x2d9a,CUS_0x2d9a_2024_03_01,1,2024-09-01
CUS_0x2db3,CUS_0x2db3_2024_03_01,0,2024-09-01
CUS_0x2e91,CUS_0x2e91_2024_03_01,0,2024-09-01
CUS_0x2eb4,CUS_0x2eb4_2024_03_01,1,2024-09-01
CUS_0x2eff,CUS_0x2eff_2024_03_01,1,2024-09-01
CUS_0x2f1c,CUS_0x2f1c_2024_03_01,0,2024-09-01
CUS_0x2f9b,CUS_0x2f9b_2024_03_01,1,2024-09-01
CUS_0x300b,CUS_0x300b_2024_03_01,1,2024-09-01
CUS_0x309d,CUS_0x309d_2024_03_01,1,2024-09-01
CUS_0x31e8,CUS_0x31e8_2024_03_01,1,2024-09-01
CUS_0x3224,CUS_0x3224_2024_03_01,0,2024-09-01
CUS_0x3243,CUS_0x3243_2024_03_01,1,2024-09-01
CUS_0x32cb,CUS_0x32cb_2024_03_01,1,2024-09-01
CUS_0x3356,CUS_0x3356_2024_03_01,0,2024-09-01
CUS_0x3397,CUS_0x3397_2024_03_01,0,2024-09-01
CUS_0x33dc,CUS_0x33dc_2024_03_01,1,2024-09-01
CUS_0x33ef,CUS_0x33ef_2024_03_01,0,2024-09-01
CUS_0x34d2,CUS_0x34d2_2024_03_01,0,2024-09-01
CUS_0x34d7,CUS_0x34d7_2024_03_01,0,2024-09-01
CUS_0x3655,CUS_0x3655_2024_03_01,0,2024-09-01
CUS_0x373b,CUS_0x373b_2024_03_01,0,2024-09-01
CUS_0x3757,CUS_0x3757_2024_03_01,1,2024-09-01
CUS_0x379e,CUS_0x379e_2024_03_01,0,2024-09-01
CUS_0x37e9,CUS_0x37e9_2024_03_01,1,2024-09-01
CUS_0x3811,CUS_0x3811_2024_03_01,0,2024-09-01
CUS_0x3844,CUS_0x3844_2024_03_01,0,2024-09-01
CUS_0x38a2,CUS_0x38a2_2024_03_01,0,2024-09-01
CUS_0x39c5,CUS_0x39c5_2024_03_01,1,2024-09-01
CUS_0x3a71,CUS_0x3a71_2024_03_01,1,2024-09-01
CUS_0x3b11,CUS_0x3b11_2024_03_01,0,2024-09-01
CUS_0x3b3b,CUS_0x3b3b_2024_03_01,1,2024-09-01
CUS_0x3c87,CUS_0x3c87_2024_03_01,0,2024-09-01
CUS_0x3ccf,CUS_0x3ccf_2024_03_01,0,2024-09-01
CUS_0x3d42,CUS_0x3d42_2024_03_01,1,2024-09-01
CUS_0x3d8e,CUS_0x3d8e_2024_03_01,0,2024-09-01
CUS_0x3e2e,CUS_0x3e2e_2024_03_01,1,2024-09-01
CUS_0x3f1d,CUS_0x3f1d_2024_03_01,0,2024-09-01
CUS_0x3f3,CUS_0x3f3_2024_03_01,0,2024-09-01
CUS_0x3fa8,CUS_0x3fa8_2024_03_01,0,2024-09-01
CUS_0x407c,CUS_0x407c_2024_03_01,0,2024-09-01
CUS_0x40d4,CUS_0x40d4_2024_03_01,1,2024-09-01
CUS_0x40e6,CUS_0x40e6_2024_03_01,0,2024-09-01
CUS_0x40f2,CUS_0x40f2_2024_03_01,1,2024-09-01
CUS_0x41b2,CUS_0x41b2_2024_03_01,0,2024-09-01
CUS_0x41c1,CUS_0x41c1_2024_03_01,0,2024-09-01
CUS_0x41ce,CUS_0x41ce_2024_03_01,0,2024-09-01
CUS_0x429a,CUS_0x429a_2024_03_01,1,2024-09-01
CUS_0x435a,CUS_0x435a_2024_03_01,0,2024-09-01
CUS_0x439a,CUS_0x439a_2024_03_01,0,2024-09-01
CUS_0x43de,CUS_0x43de_2024_03_01,0,2024-09-01
CUS_0x4470,CUS_0x4470_2024_03_01,0,2024-09-01
CUS_0x448a,CUS_0x448a_2024_03_01,0,2024-09-01
CUS_0x454f,CUS_0x454f_2024_03_01,0,2024-09-01
CUS_0x4565,CUS_0x4565_2024_03_01,0,2024-09-01
CUS_0x4567,CUS_0x4567_2024_03_01,0,2024-09-01
CUS_0x45e1,CUS_0x45e1_2024_03_01,0,2024-09-01
CUS_0x46c3,CUS_0x46c3_2024_03_01,0,2024-09-01
CUS_0x46db,CUS_0x46db_2024_03_01,0,2024-09-01
CUS_0x470e,CUS_0x470e_2024_03_01,0,2024-09-01
CUS_0x475f,CUS_0x475f_2024_03_01,0,2024-09-01
CUS_0x47fe,CUS_0x47fe_2024_03_01,0,2024-09-01
CUS_0x485d,CUS_0x485d_2024_03_01,0,2024-09-01
CUS_0x487a,CUS_0x487a_2024_03_01,1,2024-09-01
CUS_0x48ee,CUS_0x48ee_2024_03_01,0,2024-09-01
CUS_0x48f2,CUS_0x48f2_2024_03_01,0,2024-09-01
CUS_0x492c,CUS_0x492c_2024_03_01,0,2024-09-01
CUS_0x4986,CUS_0x4986_2024_03_01,0,2024-09-01
CUS_0x49f5,CUS_0x49f5_2024_03_01,1,2024-09-01
CUS_0x4a5d,CUS_0x4a5d_2024_03_01,0,2024-09-01
CUS_0x4b4,CUS_0x4b4_2024_03_01,0,2024-09-01
CUS_0x4c5c,CUS_0x4c5c_2024_03_01,0,2024-09-01
CUS_0x4d2e,CUS_0x4d2e_2024_03_01,1,2024-09-01
CUS_0x4d50,CUS_0x4d50_2024_03_01,0,2024-09-01
CUS_0x4d68,CUS_0x4d68_2024_03_01,0,2024-09-01
CUS_0x4daa,CUS_0x4daa_2024_03_01,0,2024-09-01
CUS_0x4e22,CUS_0x4e22_2024_03_01,0,2024-09-01
CUS_0x4e24,CUS_0x4e24_2024_03_01,1,2024-09-01
CUS_0x4e3b,CUS_0x4e3b_2024_03_01,0,2024-09-01
CUS_0x4ec9,CUS_0x4ec9_2024_03_01,0,2024-09-01
CUS_0x4f15,CUS_0x4f15_2024_03_01,0,2024-09-01
CUS_0x4f43,CUS_0x4f43_2024_03_01,1,2024-09-01
CUS_0x4f83,CUS_0x4f83_2024_03_01,0,2024-09-01
CUS_0x5055,CUS_0x5055_2023_10_01,0,2024-04-01
CUS_0x511d,CUS_0x511d_2023_10_01,1,2024-04-01
CUS_0x513a,CUS_0x513a_2023_10_01,1,2024-04-01
CUS_0x5148,CUS_0x5148_2023_10_01,0,2024-04-01
CUS_0x5180,CUS_0x5180_2023_10_01,0,2024-04-01
CUS_0x51bf,CUS_0x51bf_2023_10_01,0,2024-04-01
CUS_0x52cb,CUS_0x52cb_2023_10_01,0,2024-04-01
CUS_0x5357,CUS_0x5357_2023_10_01,0,2024-04-01
CUS_0x5369,CUS_0x5369_2023_10_01,0,2024-04-01
CUS_0x5395,CUS_0x5395_2023_10_01,0,2024-04-01
CUS_0x53f9,CUS_0x53f9_2023_10_01,0,2024-04-01
CUS_0x5454,CUS_0x5454_2023_10_01,1,2024-04-01
CUS_0x5474,CUS_0x5474_2023_10_01,0,2024-04-01
CUS_0x5597,CUS_0x5597_2023_10_01,0,2024-04-01
CUS_0x55e0,CUS_0x55e0_2023_10_01,1,2024-04-01
CUS_0x55f6,CUS_0x55f6_2023_10_01,0,2024-04-01
CUS_0x5625,CUS_0x5625_2023_10_01,1,2024-04-01
CUS_0x562b,CUS_0x562b_2023_10_01,0,2024-04-01
CUS_0x5665,CUS_0x5665_2023_10_01,0,2024-04-01
CUS_0x56ad,CUS_0x56ad_2023_10_01,0,2024-04-01
CUS_0x5709,CUS_0x5709_2023_10_01,0,2024-04-01
CUS_0x5793,CUS_0x5793_2023_10_01,0,2024-04-01
CUS_0x5815,CUS_0x5815_2023_10_01,1,2024-04-01
CUS_0x5857,CUS_0x5857_2023_10_01,0,2024-04-01
CUS_0x58f,CUS_0x58f_2023_10_01,0,2024-04-01
CUS_0x5915,CUS_0x5915_2023_10_01,0,2024-04-01
CUS_0x596a,CUS_0x596a_2023_10_01,0,2024-04-01
CUS_0x5a1b,CUS_0x5a1b_2023_10_01,0,2024-04-01
CUS_0x5ab7,CUS_0x5ab7_2023_10_01,0,2024-04-01
CUS_0x5b70,CUS_0x5b70_2023_10_01,0,2024-04-01
CUS_0x5ba1,CUS_0x5ba1_2023_10_01,0,2024-04-01
CUS_0x5be9,CUS_0x5be9_2023_10_01,0,2024-04-01
CUS_0x5c1f,CUS_0x5c1f_2023_10_01,0,2024-04-01
CUS_0x5c94,CUS_0x5c94_2023_10_01,1,2024-04-01
CUS_0x5cbb,CUS_0x5cbb_2023_10_01,0,2024-04-01
CUS_0x5d42,CUS_0x5d42_2023_10_01,0,2024-04-01
CUS_0x5d46,CUS_0x5d46_2023_10_01,0,2024-04-01
CUS_0x5db7,CUS_0x5db7_2023_10_01,0,2024-04-01
CUS_0x5e3b,CUS_0x5e3b_2023_10_01,1,2024-04-01
CUS_0x5e70,CUS_0x5e70_2023_10_01,0,2024-04-01
CUS_0x5ee7,CUS_0x5ee7_2023_10_01,1,2024-04-01
CUS_0x5f64,CUS_0x5f64_2023_10_01,1,2024-04-01
CUS_0x5f9,CUS_0x5f9_2023_10_01,1,2024-04-01
CUS_0x5fd3,CUS_0x5fd3_2023_10_01,0,2024-04-01
CUS_0x6032,CUS_0x6032_2023_10_01,1,2024-04-01
CUS_0x60c0,CUS_0x60c0_2023_10_01,0,2024-04-01
CUS_0x6142,CUS_0x6142_2023_10_01,0,2024-04-01
CUS_0x6197,CUS_0x6197_2023_10_01,1,2024-04-01
CUS_0x628,CUS_0x628_2023_10_01,0,2024-04-01
CUS_0x6399,CUS_0x6399_2023_10_01,0,2024-04-01
CUS_0x64f0,CUS_0x64f0_2023_10_01,0,2024-04-01
CUS_0x6578,CUS_0x6578_2023_10_01,1,2024-04-01
CUS_0x65c5,CUS_0x65c5_2023_10_01,0,2024-04-01
CUS_0x65d0,CUS_0x65d0_2023_10_01,0,2024-04-01
CUS_0x6612,CUS_0x6612_2023_10_01,0,2024-04-01
CUS_0x663,CUS_0x663_2023_10_01,1,2024-04-01
CUS_0x664c,CUS_0x664c_2023_10_01,0,2024-04-01
CUS_0x66fc,CUS_0x66fc_2023_10_01,0,2024-04-01
CUS_0x6749,CUS_0x6749_2023_10_01,1,2024-04-01
CUS_0x67ec,CUS_0x67ec_2023_10_01,0,2024-04-01
CUS_0x6819,CUS_0x6819_2023_10_01,0,2024-04-01
CUS_0x681c,CUS_0x681c_2023_10_01,1,2024-04-01
CUS_0x68ad,CUS_0x68ad_2023_10_01,0,2024-04-01
CUS_0x68d9,CUS_0x68d9_2023_10_01,0,2024-04-01
CUS_0x696c,CUS_0x696c_2023_10_01,0,2024-04-01
CUS_0x69f0,CUS_0x69f0_2023_10_01,0,2024-04-01
CUS_0x6a29,CUS_0x6a29_2023_10_01,0,2024-04-01
CUS_0x6a5f,CUS_0x6a5f_2023_10_01,0,2024-04-01
CUS_0x6b0b,CUS_0x6b0b_2023_10_01,1,2024-04-01
CUS_0x6c27,CUS_0x6c27_2023_10_01,1,2024-04-01
CUS_0x6c83,CUS_0x6c83_2023_10_01,0,2024-04-01
CUS_0x6c88,CUS_0x6c88_2023_10_01,0,2024-04-01
CUS_0x6d04,CUS_0x6d04_2023_10_01,0,2024-04-01
CUS_0x6d17,CUS_0x6d17_2023_10_01,0,2024-04-01
CUS_0x6d1e,CUS_0x6d1e_2023_10_01,1,2024-04-01
CUS_0x6d22,CUS_0x6d22_2023_10_01,0,2024-04-01
CUS_0x6d94,CUS_0x6d94_2023_10_01,0,2024-04-01
CUS_0x6e23,CUS_0x6e23_2023_10_01,1,2024-04-01
CUS_0x6e2b,CUS_0x6e2b_2023_10_01,0,2024-04-01
CUS_0x6e47,CUS_0x6e47_2023_10_01,0,2024-04-01
CUS_0x6f40,CUS_0x6f40_2023_10_01,0,2024-04-01
CUS_0x6f8b,CUS_0x6f8b_2023_10_01,0,2024-04-01
CUS_0x7084,CUS_0x7084_2023_10_01,0,2024-04-01
CUS_0x70e8,CUS_0x70e8_2023_10_01,0,2024-04-01
CUS_0x710e,CUS_0x710e_2023_10_01,0,2024-04-01
CUS_0x71b8,CUS_0x71b8_2023_10_01,0,2024-04-01
CUS_0x71ba,CUS_0x71ba_2023_10_01,1,2024-04-01
CUS_0x71bf,CUS_0x71bf_2023_10_01,0,2024-04-01
CUS_0x7324,CUS_0x7324_2023_10_01,0,2024-04-01
CUS_0x734a,CUS_0x734a_2023_10_01,1,2024-04-01
CUS_0x742c,CUS_0x742c_2023_10_01,0,2024-04-01
CUS_0x744c,CUS_0x744c_2023_10_01,0,2024-04-01
CUS_0x748e,CUS_0x748e_2023_10_01,1,2024-04-01
CUS_0x749e,CUS_0x749e_2023_10_01,0,2024-04-01
CUS_0x74d5,CUS_0x74d5_2023_10_01,1,2024-04-01
CUS_0x754d,CUS_0x754d_2023_10_01,0,2024-04-01
CUS_0x75e8,CUS_0x75e8_2023_10_01,0,2024-04-01
CUS_0x7641,CUS_0x7641_2023_10_01,0,2024-04-01
CUS_0x7699,CUS_0x7699_2023_10_01,0,2024-04-01
CUS_0x76a9,CUS_0x76a9_2023_10_01,0,2024-04-01
CUS_0x7703,CUS_0x7703_2023_10_01,0,2024-04-01
CUS_0x77ec,CUS_0x77ec_2023_10_01,1,2024-04-01
CUS_0x78cd,CUS_0x78cd_2023_10_01,1,2024-04-01
CUS_0x797d,CUS_0x797d_2023_10_01,0,2024-04-01
CUS_0x7a8d,CUS_0x7a8d_2023_10_01,0,2024-04-01
CUS_0x7ace,CUS_0x7ace_2023_10_01,0,2024-04-01
CUS_0x7ba0,CUS_0x7ba0_2023_10_01,0,2024-04-01
CUS_0x7d0b,CUS_0x7d0b_2023_10_01,1,2024-04-01
CUS_0x7d57,CUS_0x7d57_2023_10_01,0,2024-04-01
CUS_0x7dd,CUS_0x7dd_2023_10_01,0,2024-04-01
CUS_0x7df6,CUS_0x7df6_2023_10_01,0,2024-04-01
CUS_0x7e10,CUS_0x7e10_2023_10_01,1,2024-04-01
CUS_0x7e3e,CUS_0x7e3e_2023_10_01,1,2024-04-01
CUS_0x7ea2,CUS_0x7ea2_2023_10_01,0,2024-04-01
CUS_0x7ea4,CUS_0x7ea4_2023_10_01,0,2024-04-01
CUS_0x7efe,CUS_0x7efe_2023_10_01,0,2024-04-01
CUS_0x7fc7,CUS_0x7fc7_2023_10_01,0,2024-04-01
CUS_0x7feb,CUS_0x7feb_2023_10_01,0,2024-04-01
CUS_0x8033,CUS_0x8033_2023_10_01,0,2024-04-01
CUS_0x803c,CUS_0x803c_2023_10_01,0,2024-04-01
CUS_0x8081,CUS_0x8081_2023_10_01,1,2024-04-01
CUS_0x80d7,CUS_0x80d7_2023_10_01,0,2024-04-01
CUS_0x80d8,CUS_0x80d8_2023_10_01,0,2024-04-01
CUS_0x8132,CUS_0x8132_2023_10_01,0,2024-04-01
CUS_0x8144,CUS_0x8144_2023_10_01,0,2024-04-01
CUS_0x8293,CUS_0x8293_2023_10_01,0,2024-04-01
CUS_0x82db,CUS_0x82db_2023_10_01,1,2024-04-01
CUS_0x82fd,CUS_0x82fd_2023_10_01,0,2024-04-01
CUS_0x840a,CUS_0x840a_2023_10_01,0,2024-04-01
CUS_0x84af,CUS_0x84af_2023_10_01,1,2024-04-01
CUS_0x8533,CUS_0x8533_2023_10_01,0,2024-04-01
CUS_0x85e7,CUS_0x85e7_2023_10_01,0,2024-04-01
CUS_0x85e9,CUS_0x85e9_2023_10_01,0,2024-04-01
CUS_0x8718,CUS_0x8718_2023_10_01,0,2024-04-01
CUS_0x8752,CUS_0x8752_2023_10_01,0,2024-04-01
CUS_0x878c,CUS_0x878c_2023_10_01,1,2024-04-01
CUS_0x8793,CUS_0x8793_2023_10_01,0,2024-04-01
CUS_0x87db,CUS_0x87db_2023_10_01,0,2024-04-01
CUS_0x880b,CUS_0x880b_2023_10_01,1,2024-04-01
CUS_0x8974,CUS_0x8974_2023_10_01,0,2024-04-01
CUS_0x89b9,CUS_0x89b9_2023_10_01,0,2024-04-01
CUS_0x8a2b,CUS_0x8a2b_2023_10_01,0,2024-04-01
CUS_0x8b91,CUS_0x8b91_2023_10_01,0,2024-04-01
CUS_0x8bd2,CUS_0x8bd2_2023_10_01,0,2024-04-01
CUS_0x8bd3,CUS_0x8bd3_2023_10_01,1,2024-04-01
CUS_0x8bda,CUS_0x8bda_2023_10_01,0,2024-04-01
CUS_0x8c7c,CUS_0x8c7c_2023_10_01,0,2024-04-01
CUS_0x8d84,CUS_0x8d84_2023_10_01,1,2024-04-01
CUS_0x8da5,CUS_0x8da5_2023_10_01,0,2024-04-01
CUS_0x8e1a,CUS_0x8e1a_2023_10_01,0,2024-04-01
CUS_0x1130,CUS_0x1130_2023_07_01,0,2024-01-01
CUS_0x11d1,CUS_0x11d1_2023_07_01,0,2024-01-01
CUS_0x11eb,CUS_0x11eb_2023_07_01,0,2024-01-01
CUS_0x120c,CUS_0x120c_2023_07_01,1,2024-01-01
CUS_0x124a,CUS_0x124a_2023_07_01,0,2024-01-01
CUS_0x12ce,CUS_0x12ce_2023_07_01,1,2024-01-01
CUS_0x13b0,CUS_0x13b0_2023_07_01,0,2024-01-01
CUS_0x13d6,CUS_0x13d6_2023_07_01,1,2024-01-01
CUS_0x13de,CUS_0x13de_2023_07_01,0,2024-01-01
CUS_0x13ec,CUS_0x13ec_2023_07_01,0,2024-01-01
CUS_0x13f6,CUS_0x13f6_2023_07_01,0,2024-01-01
CUS_0x14a3,CUS_0x14a3_2023_07_01,0,2024-01-01
CUS_0x14b3,CUS_0x14b3_2023_07_01,0,2024-01-01
CUS_0x14b9,CUS_0x14b9_2023_07_01,0,2024-01-01
CUS_0x150c,CUS_0x150c_2023_07_01,0,2024-01-01
CUS_0x15e7,CUS_0x15e7_2023_07_01,0,2024-01-01
CUS_0x1647,CUS_0x1647_2023_07_01,0,2024-01-01
CUS_0x165e,CUS_0x165e_2023_07_01,0,2024-01-01
CUS_0x17e8,CUS_0x17e8_2023_07_01,0,2024-01-01
CUS_0x17f0,CUS_0x17f0_2023_07_01,0,2024-01-01
CUS_0x182d,CUS_0x182d_2023_07_01,0,2024-01-01
CUS_0x184c,CUS_0x184c_2023_07_01,1,2024-01-01
CUS_0x1863,CUS_0x1863_2023_07_01,0,2024-01-01
CUS_0x193b,CUS_0x193b_2023_07_01,0,2024-01-01
CUS_0x1986,CUS_0x1986_2023_07_01,0,2024-01-01
CUS_0x1a16,CUS_0x1a16_2023_07_01,0,2024-01-01
CUS_0x1a44,CUS_0x1a44_2023_07_01,0,2024-01-01
CUS_0x1aeb,CUS_0x1aeb_2023_07_01,0,2024-01-01
CUS_0x1b71,CUS_0x1b71_2023_07_01,0,2024-01-01
CUS_0x1c79,CUS_0x1c79_2023_07_01,1,2024-01-01
CUS_0x1d7b,CUS_0x1d7b_2023_07_01,0,2024-01-01
CUS_0x1dad,CUS_0x1dad_2023_07_01,0,2024-01-01
CUS_0x1e51,CUS_0x1e51_2023_07_01,0,2024-01-01
CUS_0x1ec5,CUS_0x1ec5_2023_07_01,0,2024-01-01
CUS_0x1f04,CUS_0x1f04_2023_07_01,0,2024-01-01
CUS_0x2038,CUS_0x2038_2023_07_01,0,2024-01-01
CUS_0x2064,CUS_0x2064_2023_07_01,0,2024-01-01
CUS_0x2112,CUS_0x2112_2023_07_01,0,2024-01-01
CUS_0x2184,CUS_0x2184_2023_07_01,0,2024-01-01
CUS_0x21e4,CUS_0x21e4_2023_07_01,0,2024-01-01
CUS_0x2243,CUS_0x2243_2023_07_01,0,2024-01-01
CUS_0x2283,CUS_0x2283_2023_07_01,0,2024-01-01
CUS_0x24af,CUS_0x24af_2023_07_01,1,2024-01-01
CUS_0x24cc,CUS_0x24cc_2023_07_01,1,2024-01-01
CUS_0x24e8,CUS_0x24e8_2023_07_01,1,2024-01-01
CUS_0x24e9,CUS_0x24e9_2023_07_01,0,2024-01-01
CUS_0x24f8,CUS_0x24f8_2023_07_01,0,2024-01-01
CUS_0x2517,CUS_0x2517_2023_07_01,1,2024-01-01
CUS_0x2590,CUS_0x2590_2023_07_01,0,2024-01-01
CUS_0x2662,CUS_0x2662_2023_07_01,0,2024-01-01
CUS_0x26a9,CUS_0x26a9_2023_07_01,0,2024-01-01
CUS_0x2784,CUS_0x2784_2023_07_01,1,2024-01-01
CUS_0x282b,CUS_0x282b_2023_07_01,0,2024-01-01
CUS_0x28a7,CUS_0x28a7_2023_07_01,0,2024-01-01
CUS_0x28d8,CUS_0x28d8_2023_07_01,0,2024-01-01
CUS_0x2910,CUS_0x2910_2023_07_01,0,2024-01-01
CUS_0x2bf4,CUS_0x2bf4_2023_07_01,0,2024-01-01
CUS_0x2c5b,CUS_0x2c5b_2023_07_01,0,2024-01-01
CUS_0x2ce1,CUS_0x2ce1_2023_07_01,1,2024-01-01
CUS_0x2d05,CUS_0x2d05_2023_07_01,0,2024-01-01
CUS_0x2d78,CUS_0x2d78_2023_07_01,1,2024-01-01
CUS_0x2d98,CUS_0x2d98_2023_07_01,0,2024-01-01
CUS_0x2df8,CUS_0x2df8_2023_07_01,1,2024-01-01
CUS_0x2ed0,CUS_0x2ed0_2023_07_01,0,2024-01-01
CUS_0x2f59,CUS_0x2f59_2023_07_01,0,2024-01-01
CUS_0x2f7b,CUS_0x2f7b_2023_07_01,0,2024-01-01
CUS_0x2fe4,CUS_0x2fe4_2023_07_01,0,2024-01-01
CUS_0x30eb,CUS_0x30eb_2023_07_01,0,2024-01-01
CUS_0x310f,CUS_0x310f_2023_07_01,0,2024-01-01
CUS_0x317e,CUS_0x317e_2023_07_01,1,2024-01-01
CUS_0x318d,CUS_0x318d_2023_07_01,0,2024-01-01
CUS_0x31b2,CUS_0x31b2_2023_07_01,0,2024-01-01
CUS_0x31bd,CUS_0x31bd_2023_07_01,0,2024-01-01
CUS_0x3221,CUS_0x3221_2023_07_01,0,2024-01-01
CUS_0x3237,CUS_0x3237_2023_07_01,1,2024-01-01
CUS_0x327d,CUS_0x327d_2023_07_01,0,2024-01-01
CUS_0x32a7,CUS_0x32a7_2023_07_01,0,2024-01-01
CUS_0x334d,CUS_0x334d_2023_07_01,0,2024-01-01
CUS_0x33ce,CUS_0x33ce_2023_07_01,0,2024-01-01
CUS_0x33da,CUS_0x33da_2023_07_01,0,2024-01-01
CUS_0x3420,CUS_0x3420_2023_07_01,0,2024-01-01
CUS_0x3442,CUS_0x3442_2023_07_01,0,2024-01-01
CUS_0x3475,CUS_0x3475_2023_07_01,1,2024-01-01
CUS_0x35ac,CUS_0x35ac_2023_07_01,0,2024-01-01
CUS_0x35c3,CUS_0x35c3_2023_07_01,1,2024-01-01
CUS_0x366b,CUS_0x366b_2023_07_01,0,2024-01-01
CUS_0x3672,CUS_0x3672_2023_07_01,0,2024-01-01
CUS_0x36bb,CUS_0x36bb_2023_07_01,0,2024-01-01
CUS_0x374a,CUS_0x374a_2023_07_01,0,2024-01-01
CUS_0x3868,CUS_0x3868_2023_07_01,1,2024-01-01
CUS_0x386e,CUS_0x386e_2023_07_01,1,2024-01-01
CUS_0x38d8,CUS_0x38d8_2023_07_01,0,2024-01-01
CUS_0x3992,CUS_0x3992_2023_07_01,1,2024-01-01
CUS_0x3a1b,CUS_0x3a1b_2023_07_01,0,2024-01-01
CUS_0x3a4d,CUS_0x3a4d_2023_07_01,0,2024-01-01
CUS_0x3aa8,CUS_0x3aa8_2023_07_01,1,2024-01-01
CUS_0x3adb,CUS_0x3adb_2023_07_01,1,2024-01-01
CUS_0x3b66,CUS_0x3b66_2023_07_01,0,2024-01-01
CUS_0x3bc7,CUS_0x3bc7_2023_07_01,0,2024-01-01
CUS_0x3bdb,CUS_0x3bdb_2023_07_01,0,2024-01-01
CUS_0x3c21,CUS_0x3c21_2023_07_01,0,2024-01-01
CUS_0x3c51,CUS_0x3c51_2023_07_01,1,2024-01-01
CUS_0x3cc3,CUS_0x3cc3_2023_07_01,0,2024-01-01
CUS_0x3d3d,CUS_0x3d3d_2023_07_01,0,2024-01-01
CUS_0x3d53,CUS_0x3d53_2023_07_01,0,2024-01-01
CUS_0x3d64,CUS_0x3d64_2023_07_01,1,2024-01-01
CUS_0x3da0,CUS_0x3da0_2023_07_01,0,2024-01-01
CUS_0x3ddc,CUS_0x3ddc_2023_07_01,0,2024-01-01
CUS_0x3e1a,CUS_0x3e1a_2023_07_01,0,2024-01-01
CUS_0x3e5d,CUS_0x3e5d_2023_07_01,0,2024-01-01
CUS_0x3ea1,CUS_0x3ea1_2023_07_01,0,2024-01-01
CUS_0x3f0,CUS_0x3f0_2023_07_01,0,2024-01-01
CUS_0x3f51,CUS_0x3f51_2023_07_01,0,2024-01-01
CUS_0x3f68,CUS_0x3f68_2023_07_01,0,2024-01-01
CUS_0x3f97,CUS_0x3f97_2023_07_01,0,2024-01-01
CUS_0x4017,CUS_0x4017_2023_07_01,1,2024-01-01
CUS_0x4079,CUS_0x4079_2023_07_01,1,2024-01-01
CUS_0x40ad,CUS_0x40ad_2023_07_01,1,2024-01-01
CUS_0x415,CUS_0x415_2023_07_01,0,2024-01-01
CUS_0x4154,CUS_0x4154_2023_07_01,0,2024-01-01
CUS_0x41d5,CUS_0x41d5_2023_07_01,0,2024-01-01
CUS_0x41ee,CUS_0x41ee_2023_07_01,0,2024-01-01
CUS_0x41fc,CUS_0x41fc_2023_07_01,0,2024-01-01
CUS_0x4256,CUS_0x4256_2023_07_01,0,2024-01-01
CUS_0x4269,CUS_0x4269_2023_07_01,0,2024-01-01
CUS_0x4280,CUS_0x4280_2023_07_01,0,2024-01-01
CUS_0x4313,CUS_0x4313_2023_07_01,1,2024-01-01
CUS_0x4372,CUS_0x4372_2023_07_01,0,2024-01-01
CUS_0x4430,CUS_0x4430_2023_07_01,1,2024-01-01
CUS_0x4469,CUS_0x4469_2023_07_01,0,2024-01-01
CUS_0x4519,CUS_0x4519_2023_07_01,0,2024-01-01
CUS_0x4549,CUS_0x4549_2023_07_01,0,2024-01-01
CUS_0x45bd,CUS_0x45bd_2023_07_01,0,2024-01-01
CUS_0x4681,CUS_0x4681_2023_07_01,0,2024-01-01
CUS_0x46e6,CUS_0x46e6_2023_07_01,1,2024-01-01
CUS_0x4791,CUS_0x4791_2023_07_01,1,2024-01-01
CUS_0x47d5,CUS_0x47d5_2023_07_01,1,2024-01-01
CUS_0x47e3,CUS_0x47e3_2023_07_01,1,2024-01-01
CUS_0x4842,CUS_0x4842_2023_07_01,0,2024-01-01
CUS_0x495f,CUS_0x495f_2023_07_01,1,2024-01-01
CUS_0x4976,CUS_0x4976_2023_07_01,0,2024-01-01
CUS_0x49b5,CUS_0x49b5_2023_07_01,0,2024-01-01
CUS_0x49e3,CUS_0x49e3_2023_07_01,0,2024-01-01
CUS_0x4a77,CUS_0x4a77_2023_07_01,0,2024-01-01
CUS_0x4b12,CUS_0x4b12_2023_07_01,0,2024-01-01
CUS_0x4b23,CUS_0x4b23_2023_07_01,1,2024-01-01
CUS_0x4c2b,CUS_0x4c2b_2023_07_01,1,2024-01-01
CUS_0x4c4f,CUS_0x4c4f_2023_07_01,0,2024-01-01
CUS_0x4c96,CUS_0x4c96_2023_07_01,0,2024-01-01
CUS_0x4cfd,CUS_0x4cfd_2023_07_01,0,2024-01-01
CUS_0x4dd1,CUS_0x4dd1_2023_07_01,0,2024-01-01
CUS_0x4dd5,CUS_0x4dd5_2023_07_01,1,2024-01-01
CUS_0x4e0e,CUS_0x4e0e_2023_07_01,0,2024-01-01
CUS_0x4f16,CUS_0x4f16_2023_07_01,0,2024-01-01
CUS_0x4f1a,CUS_0x4f1a_2023_07_01,1,2024-01-01
CUS_0x4f41,CUS_0x4f41_2023_07_01,1,2024-01-01
CUS_0x1000,CUS_0x1000_2023_05_01,1,2023-11-01
CUS_0x108a,CUS_0x108a_2023_05_01,0,2023-11-01
CUS_0x10f9,CUS_0x10f9_2023_05_01,0,2023-11-01
CUS_0x1119,CUS_0x1119_2023_05_01,1,2023-11-01
CUS_0x1192,CUS_0x1192_2023_05_01,0,2023-11-01
CUS_0x11b1,CUS_0x11b1_2023_05_01,0,2023-11-01
CUS_0x12a7,CUS_0x12a7_2023_05_01,0,2023-11-01
CUS_0x12a9,CUS_0x12a9_2023_05_01,0,2023-11-01
CUS_0x1340,CUS_0x1340_2023_05_01,0,2023-11-01
CUS_0x13d1,CUS_0x13d1_2023_05_01,1,2023-11-01
CUS_0x13eb,CUS_0x13eb_2023_05_01,1,2023-11-01
CUS_0x14ba,CUS_0x14ba_2023_05_01,1,2023-11-01
CUS_0x1577,CUS_0x1577_2023_05_01,0,2023-11-01
CUS_0x1616,CUS_0x1616_2023_05_01,0,2023-11-01
CUS_0x168d,CUS_0x168d_2023_05_01,0,2023-11-01
CUS_0x1735,CUS_0x1735_2023_05_01,0,2023-11-01
CUS_0x1786,CUS_0x1786_2023_05_01,0,2023-11-01
CUS_0x17a9,CUS_0x17a9_2023_05_01,0,2023-11-01
CUS_0x17b0,CUS_0x17b0_2023_05_01,0,2023-11-01
CUS_0x17c4,CUS_0x17c4_2023_05_01,1,2023-11-01
CUS_0x1854,CUS_0x1854_2023_05_01,0,2023-11-01
CUS_0x1962,CUS_0x1962_2023_05_01,0,2023-11-01
CUS_0x1a87,CUS_0x1a87_2023_05_01,0,2023-11-01
CUS_0x1b07,CUS_0x1b07_2023_05_01,0,2023-11-01
CUS_0x1b0c,CUS_0x1b0c_2023_05_01,1,2023-11-01
CUS_0x1bf1,CUS_0x1bf1_2023_05_01,0,2023-11-01
CUS_0x1c57,CUS_0x1c57_2023_05_01,0,2023-11-01
CUS_0x1cf3,CUS_0x1cf3_2023_05_01,0,2023-11-01
CUS_0x1d46,CUS_0x1d46_2023_05_01,0,2023-11-01
CUS_0x1db4,CUS_0x1db4_2023_05_01,0,2023-11-01
CUS_0x1e41,CUS_0x1e41_2023_05_01,0,2023-11-01
CUS_0x1e96,CUS_0x1e96_2023_05_01,1,2023-11-01
CUS_0x1ecf,CUS_0x1ecf_2023_05_01,0,2023-11-01
CUS_0x1ee3,CUS_0x1ee3_2023_05_01,1,2023-11-01
CUS_0x1ef1,CUS_0x1ef1_2023_05_01,0,2023-11-01
CUS_0x1f87,CUS_0x1f87_2023_05_01,0,2023-11-01
CUS_0x1fe3,CUS_0x1fe3_2023_05_01,1,2023-11-01
CUS_0x203c,CUS_0x203c_2023_05_01,0,2023-11-01
CUS_0x2043,CUS_0x2043_2023_05_01,0,2023-11-01
CUS_0x20bf,CUS_0x20bf_2023_05_01,0,2023-11-01
CUS_0x20da,CUS_0x20da_2023_05_01,0,2023-11-01
CUS_0x21fa,CUS_0x21fa_2023_05_01,0,2023-11-01
CUS_0x221f,CUS_0x221f_2023_05_01,0,2023-11-01
CUS_0x2240,CUS_0x2240_2023_05_01,0,2023-11-01
CUS_0x2242,CUS_0x2242_2023_05_01,1,2023-11-01
CUS_0x226a,CUS_0x226a_2023_05_01,0,2023-11-01
CUS_0x2296,CUS_0x2296_2023_05_01,0,2023-11-01
CUS_0x22e0,CUS_0x22e0_2023_05_01,1,2023-11-01
CUS_0x2350,CUS_0x2350_2023_05_01,0,2023-11-01
CUS_0x23ae,CUS_0x23ae_2023_05_01,1,2023-11-01
CUS_0x2408,CUS_0x2408_2023_05_01,1,2023-11-01
CUS_0x2473,CUS_0x2473_2023_05_01,0,2023-11-01
CUS_0x247b,CUS_0x247b_2023_05_01,0,2023-11-01
CUS_0x24cf,CUS_0x24cf_2023_05_01,0,2023-11-01
CUS_0x24fc,CUS_0x24fc_2023_05_01,1,2023-11-01
CUS_0x2567,CUS_0x2567_2023_05_01,0,2023-11-01
CUS_0x258b,CUS_0x258b_2023_05_01,1,2023-11-01
CUS_0x26d0,CUS_0x26d0_2023_05_01,0,2023-11-01
CUS_0x270e,CUS_0x270e_2023_05_01,1,2023-11-01
CUS_0x2777,CUS_0x2777_2023_05_01,0,2023-11-01
CUS_0x2803,CUS_0x2803_2023_05_01,0,2023-11-01
CUS_0x280b,CUS_0x280b_2023_05_01,0,2023-11-01
CUS_0x282a,CUS_0x282a_2023_05_01,1,2023-11-01
CUS_0x2879,CUS_0x2879_2023_05_01,1,2023-11-01
CUS_0x2950,CUS_0x2950_2023_05_01,0,2023-11-01
CUS_0x295f,CUS_0x295f_2023_05_01,0,2023-11-01
CUS_0x2976,CUS_0x2976_2023_05_01,0,2023-11-01
CUS_0x2a08,CUS_0x2a08_2023_05_01,1,2023-11-01
CUS_0x2a83,CUS_0x2a83_2023_05_01,0,2023-11-01
CUS_0x2a9a,CUS_0x2a9a_2023_05_01,0,2023-11-01
CUS_0x2ad6,CUS_0x2ad6_2023_05_01,0,2023-11-01
CUS_0x2b94,CUS_0x2b94_2023_05_01,0,2023-11-01
CUS_0x2c18,CUS_0x2c18_2023_05_01,1,2023-11-01
CUS_0x2c54,CUS_0x2c54_2023_05_01,0,2023-11-01
CUS_0x2c6a,CUS_0x2c6a_2023_05_01,1,2023-11-01
CUS_0x2c87,CUS_0x2c87_2023_05_01,0,2023-11-01
CUS_0x2c99,CUS_0x2c99_2023_05_01,1,2023-11-01
CUS_0x2cb1,CUS_0x2cb1_2023_05_01,0,2023-11-01
CUS_0x2db7,CUS_0x2db7_2023_05_01,0,2023-11-01
CUS_0x2dd5,CUS_0x2dd5_2023_05_01,0,2023-11-01
CUS_0x2deb,CUS_0x2deb_2023_05_01,0,2023-11-01
CUS_0x2e5e,CUS_0x2e5e_2023_05_01,0,2023-11-01
CUS_0x2ed7,CUS_0x2ed7_2023_05_01,0,2023-11-01
CUS_0x2ff6,CUS_0x2ff6_2023_05_01,0,2023-11-01
CUS_0x3023,CUS_0x3023_2023_05_01,1,2023-11-01
CUS_0x3077,CUS_0x3077_2023_05_01,0,2023-11-01
CUS_0x3091,CUS_0x3091_2023_05_01,0,2023-11-01
CUS_0x30f7,CUS_0x30f7_2023_05_01,0,2023-11-01
CUS_0x3191,CUS_0x3191_2023_05_01,0,2023-11-01
CUS_0x31d5,CUS_0x31d5_2023_05_01,0,2023-11-01
CUS_0x3201,CUS_0x3201_2023_05_01,0,2023-11-01
CUS_0x32b8,CUS_0x32b8_2023_05_01,0,2023-11-01
CUS_0x3319,CUS_0x3319_2023_05_01,0,2023-11-01
CUS_0x333e,CUS_0x333e_2023_05_01,0,2023-11-01
CUS_0x3340,CUS_0x3340_2023_05_01,1,2023-11-01
CUS_0x347b,CUS_0x347b_2023_05_01,1,2023-11-01
CUS_0x3489,CUS_0x3489_2023_05_01,0,2023-11-01
CUS_0x34c9,CUS_0x34c9_2023_05_01,1,2023-11-01
CUS_0x34ed,CUS_0x34ed_2023_05_01,0,2023-11-01
CUS_0x3507,CUS_0x3507_2023_05_01,0,2023-11-01
CUS_0x35bd,CUS_0x35bd_2023_05_01,0,2023-11-01
CUS_0x35cb,CUS_0x35cb_2023_05_01,0,2023-11-01
CUS_0x35e6,CUS_0x35e6_2023_05_01,1,2023-11-01
CUS_0x36b4,CUS_0x36b4_2023_05_01,0,2023-11-01
CUS_0x3768,CUS_0x3768_2023_05_01,0,2023-11-01
CUS_0x3777,CUS_0x3777_2023_05_01,0,2023-11-01
CUS_0x37e3,CUS_0x37e3_2023_05_01,0,2023-11-01
CUS_0x3866,CUS_0x3866_2023_05_01,1,2023-11-01
CUS_0x38c1,CUS_0x38c1_2023_05_01,0,2023-11-01
CUS_0x3910,CUS_0x3910_2023_05_01,0,2023-11-01
CUS_0x3913,CUS_0x3913_2023_05_01,0,2023-11-01
CUS_0x39d4,CUS_0x39d4_2023_05_01,1,2023-11-01
CUS_0x3a0b,CUS_0x3a0b_2023_05_01,0,2023-11-01
CUS_0x3b2b,CUS_0x3b2b_2023_05_01,0,2023-11-01
CUS_0x3b36,CUS_0x3b36_2023_05_01,0,2023-11-01
CUS_0x3b89,CUS_0x3b89_2023_05_01,0,2023-11-01
CUS_0x3bb8,CUS_0x3bb8_2023_05_01,1,2023-11-01
CUS_0x3be2,CUS_0x3be2_2023_05_01,0,2023-11-01
CUS_0x3c09,CUS_0x3c09_2023_05_01,0,2023-11-01
CUS_0x3c46,CUS_0x3c46_2023_05_01,0,2023-11-01
CUS_0x3d26,CUS_0x3d26_2023_05_01,0,2023-11-01
CUS_0x3d51,CUS_0x3d51_2023_05_01,0,2023-11-01
CUS_0x3d9c,CUS_0x3d9c_2023_05_01,0,2023-11-01
CUS_0x3de0,CUS_0x3de0_2023_05_01,0,2023-11-01
CUS_0x3f18,CUS_0x3f18_2023_05_01,0,2023-11-01
CUS_0x3f6,CUS_0x3f6_2023_05_01,0,2023-11-01
CUS_0x3f9,CUS_0x3f9_2023_05_01,1,2023-11-01
CUS_0x404d,CUS_0x404d_2023_05_01,0,2023-11-01
CUS_0x40a3,CUS_0x40a3_2023_05_01,1,2023-11-01
CUS_0x4122,CUS_0x4122_2023_05_01,1,2023-11-01
CUS_0x412f,CUS_0x412f_2023_05_01,0,2023-11-01
CUS_0x417b,CUS_0x417b_2023_05_01,1,2023-11-01
CUS_0x4182,CUS_0x4182_2023_05_01,0,2023-11-01
CUS_0x41c9,CUS_0x41c9_2023_05_01,0,2023-11-01
CUS_0x41de,CUS_0x41de_2023_05_01,1,2023-11-01
CUS_0x41fa,CUS_0x41fa_2023_05_01,0,2023-11-01
CUS_0x42d2,CUS_0x42d2_2023_05_01,1,2023-11-01
CUS_0x4318,CUS_0x4318_2023_05_01,0,2023-11-01
CUS_0x434c,CUS_0x434c_2023_05_01,0,2023-11-01
CUS_0x4389,CUS_0x4389_2023_05_01,0,2023-11-01
CUS_0x43a7,CUS_0x43a7_2023_05_01,1,2023-11-01
CUS_0x440f,CUS_0x440f_2023_05_01,0,2023-11-01
CUS_0x443a,CUS_0x443a_2023_05_01,0,2023-11-01
CUS_0x446b,CUS_0x446b_2023_05_01,0,2023-11-01
CUS_0x4480,CUS_0x4480_2023_05_01,0,2023-11-01
CUS_0x44a4,CUS_0x44a4_2023_05_01,0,2023-11-01
CUS_0x44bb,CUS_0x44bb_2023_05_01,0,2023-11-01
CUS_0x453a,CUS_0x453a_2023_05_01,0,2023-11-01
CUS_0x45db,CUS_0x45db_2023_05_01,0,2023-11-01
CUS_0x4636,CUS_0x4636_2023_05_01,1,2023-11-01
CUS_0x4638,CUS_0x4638_2023_05_01,0,2023-11-01
CUS_0x464f,CUS_0x464f_2023_05_01,0,2023-11-01
CUS_0x46d2,CUS_0x46d2_2023_05_01,1,2023-11-01
CUS_0x4750,CUS_0x4750_2023_05_01,1,2023-11-01
CUS_0x482d,CUS_0x482d_2023_05_01,0,2023-11-01
CUS_0x48cc,CUS_0x48cc_2023_05_01,0,2023-11-01
CUS_0x4969,CUS_0x4969_2023_05_01,0,2023-11-01
CUS_0x49fe,CUS_0x49fe_2023_05_01,1,2023-11-01
CUS_0x4a9c,CUS_0x4a9c_2023_05_01,0,2023-11-01
CUS_0x4bbb,CUS_0x4bbb_2023_05_01,0,2023-11-01
CUS_0x4be1,CUS_0x4be1_2023_05_01,0,2023-11-01
CUS_0x4ceb,CUS_0x4ceb_2023_05_01,0,2023-11-01
CUS_0x4d33,CUS_0x4d33_2023_05_01,0,2023-11-01
CUS_0x4d3d,CUS_0x4d3d_2023_05_01,1,2023-11-01
CUS_0x4d6d,CUS_0x4d6d_2023_05_01,0,2023-11-01
CUS_0x4da0,CUS_0x4da0_2023_05_01,0,2023-11-01
CUS_0x4dcd,CUS_0x4dcd_2023_05_01,0,2023-11-01
CUS_0x4e14,CUS_0x4e14_2023_05_01,0,2023-11-01
CUS_0x4e47,CUS_0x4e47_2023_05_01,0,2023-11-01
CUS_0x4e8f,CUS_0x4e8f_2023_05_01,1,2023-11-01
CUS_0x4f4f,CUS_0x4f4f_2023_05_01,0,2023-11-01
CUS_0x1015,CUS_0x1015_2023_08_01,0,2024-02-01
CUS_0x1032,CUS_0x1032_2023_08_01,0,2024-02-01
CUS_0x106f,CUS_0x106f_2023_08_01,0,2024-02-01
CUS_0x11c0,CUS_0x11c0_2023_08_01,0,2024-02-01
CUS_0x1255,CUS_0x1255_2023_08_01,0,2024-02-01
CUS_0x12ea,CUS_0x12ea_2023_08_01,0,2024-02-01
CUS_0x1326,CUS_0x1326_2023_08_01,1,2024-02-01
CUS_0x136c,CUS_0x136c_2023_08_01,1,2024-02-01
CUS_0x138f,CUS_0x138f_2023_08_01,1,2024-02-01
CUS_0x13e7,CUS_0x13e7_2023_08_01,1,2024-02-01
CUS_0x143a,CUS_0x143a_2023_08_01,0,2024-02-01
CUS_0x1453,CUS_0x1453_2023_08_01,0,2024-02-01
CUS_0x1471,CUS_0x1471_2023_08_01,0,2024-02-01
CUS_0x14cf,CUS_0x14cf_2023_08_01,0,2024-02-01
CUS_0x15c4,CUS_0x15c4_2023_08_01,0,2024-02-01
CUS_0x15f2,CUS_0x15f2_2023_08_01,1,2024-02-01
CUS_0x1661,CUS_0x1661_2023_08_01,1,2024-02-01
CUS_0x1676,CUS_0x1676_2023_08_01,0,2024-02-01
CUS_0x1709,CUS_0x1709_2023_08_01,0,2024-02-01
CUS_0x17c5,CUS_0x17c5_2023_08_01,0,2024-02-01
CUS_0x181a,CUS_0x181a_2023_08_01,0,2024-02-01
CUS_0x1848,CUS_0x1848_2023_08_01,1,2024-02-01
CUS_0x1864,CUS_0x1864_2023_08_01,0,2024-02-01
CUS_0x1869,CUS_0x1869_2023_08_01,0,2024-02-01
CUS_0x18d4,CUS_0x18d4_2023_08_01,0,2024-02-01
CUS_0x192d,CUS_0x192d_2023_08_01,1,2024-02-01
CUS_0x1930,CUS_0x1930_2023_08_01,0,2024-02-01
CUS_0x1941,CUS_0x1941_2023_08_01,1,2024-02-01
CUS_0x1ab9,CUS_0x1ab9_2023_08_01,0,2024-02-01
CUS_0x1b4d,CUS_0x1b4d_2023_08_01,0,2024-02-01
CUS_0x1bc0,CUS_0x1bc0_2023_08_01,0,2024-02-01
CUS_0x1bdf,CUS_0x1bdf_2023_08_01,1,2024-02-01
CUS_0x1c83,CUS_0x1c83_2023_08_01,0,2024-02-01
CUS_0x1d1c,CUS_0x1d1c_2023_08_01,0,2024-02-01
CUS_0x1d21,CUS_0x1d21_2023_08_01,0,2024-02-01
CUS_0x1dc1,CUS_0x1dc1_2023_08_01,1,2024-02-01
CUS_0x1ec2,CUS_0x1ec2_2023_08_01,0,2024-02-01
CUS_0x1f49,CUS_0x1f49_2023_08_01,0,2024-02-01
CUS_0x1fbb,CUS_0x1fbb_2023_08_01,0,2024-02-01
CUS_0x2037,CUS_0x2037_2023_08_01,0,2024-02-01
CUS_0x2083,CUS_0x2083_2023_08_01,0,2024-02-01
CUS_0x20ac,CUS_0x20ac_2023_08_01,0,2024-02-01
CUS_0x2181,CUS_0x2181_2023_08_01,0,2024-02-01
CUS_0x2238,CUS_0x2238_2023_08_01,0,2024-02-01
CUS_0x22ea,CUS_0x22ea_2023_08_01,0,2024-02-01
CUS_0x23c1,CUS_0x23c1_2023_08_01,0,2024-02-01
CUS_0x2443,CUS_0x2443_2023_08_01,1,2024-02-01
CUS_0x248f,CUS_0x248f_2023_08_01,0,2024-02-01
CUS_0x2493,CUS_0x2493_2023_08_01,1,2024-02-01
CUS_0x24bb,CUS_0x24bb_2023_08_01,0,2024-02-01
CUS_0x25ce,CUS_0x25ce_2023_08_01,0,2024-02-01
CUS_0x25f1,CUS_0x25f1_2023_08_01,0,2024-02-01
CUS_0x2657,CUS_0x2657_2023_08_01,0,2024-02-01
CUS_0x26be,CUS_0x26be_2023_08_01,0,2024-02-01
CUS_0x26d4,CUS_0x26d4_2023_08_01,1,2024-02-01
CUS_0x2761,CUS_0x2761_2023_08_01,0,2024-02-01
CUS_0x27a9,CUS_0x27a9_2023_08_01,0,2024-02-01
CUS_0x27fb,CUS_0x27fb_2023_08_01,0,2024-02-01
CUS_0x288b,CUS_0x288b_2023_08_01,0,2024-02-01
CUS_0x2890,CUS_0x2890_2023_08_01,1,2024-02-01
CUS_0x28b4,CUS_0x28b4_2023_08_01,0,2024-02-01
CUS_0x28ba,CUS_0x28ba_2023_08_01,0,2024-02-01
CUS_0x28d2,CUS_0x28d2_2023_08_01,0,2024-02-01
CUS_0x2907,CUS_0x2907_2023_08_01,0,2024-02-01
CUS_0x2923,CUS_0x2923_2023_08_01,1,2024-02-01
CUS_0x294b,CUS_0x294b_2023_08_01,0,2024-02-01
CUS_0x29d8,CUS_0x29d8_2023_08_01,1,2024-02-01
CUS_0x29ef,CUS_0x29ef_2023_08_01,0,2024-02-01
CUS_0x29fa,CUS_0x29fa_2023_08_01,0,2024-02-01
CUS_0x2a68,CUS_0x2a68_2023_08_01,0,2024-02-01
CUS_0x2a69,CUS_0x2a69_2023_08_01,0,2024-02-01
CUS_0x2aac,CUS_0x2aac_2023_08_01,1,2024-02-01
CUS_0x2aff,CUS_0x2aff_2023_08_01,0,2024-02-01
CUS_0x2b06,CUS_0x2b06_2023_08_01,0,2024-02-01
CUS_0x2b58,CUS_0x2b58_2023_08_01,0,2024-02-01
CUS_0x2b73,CUS_0x2b73_2023_08_01,0,2024-02-01
CUS_0x2b8a,CUS_0x2b8a_2023_08_01,1,2024-02-01
CUS_0x2ba8,CUS_0x2ba8_2023_08_01,0,2024-02-01
CUS_0x2be8,CUS_0x2be8_2023_08_01,0,2024-02-01
CUS_0x2c90,CUS_0x2c90_2023_08_01,1,2024-02-01
CUS_0x2cf4,CUS_0x2cf4_2023_08_01,0,2024-02-01
CUS_0x2e50,CUS_0x2e50_2023_08_01,1,2024-02-01
CUS_0x2ea1,CUS_0x2ea1_2023_08_01,0,2024-02-01
CUS_0x2ec3,CUS_0x2ec3_2023_08_01,0,2024-02-01
CUS_0x2fec,CUS_0x2fec_2023_08_01,0,2024-02-01
CUS_0x301b,CUS_0x301b_2023_08_01,0,2024-02-01
CUS_0x301d,CUS_0x301d_2023_08_01,0,2024-02-01
CUS_0x3065,CUS_0x3065_2023_08_01,0,2024-02-01
CUS_0x30d0,CUS_0x30d0_2023_08_01,1,2024-02-01
CUS_0x3183,CUS_0x3183_2023_08_01,0,2024-02-01
CUS_0x3190,CUS_0x3190_2023_08_01,0,2024-02-01
CUS_0x319c,CUS_0x319c_2023_08_01,0,2024-02-01
CUS_0x3264,CUS_0x3264_2023_08_01,0,2024-02-01
CUS_0x32ba,CUS_0x32ba_2023_08_01,0,2024-02-01
CUS_0x3325,CUS_0x3325_2023_08_01,0,2024-02-01
CUS_0x3359,CUS_0x3359_2023_08_01,0,2024-02-01
CUS_0x34a9,CUS_0x34a9_2023_08_01,1,2024-02-01
CUS_0x34ce,CUS_0x34ce_2023_08_01,1,2024-02-01
CUS_0x35fe,CUS_0x35fe_2023_08_01,0,2024-02-01
CUS_0x362a,CUS_0x362a_2023_08_01,0,2024-02-01
CUS_0x365f,CUS_0x365f_2023_08_01,0,2024-02-01
CUS_0x36b0,CUS_0x36b0_2023_08_01,0,2024-02-01
CUS_0x36f3,CUS_0x36f3_2023_08_01,0,2024-02-01
CUS_0x3787,CUS_0x3787_2023_08_01,0,2024-02-01
CUS_0x37d5,CUS_0x37d5_2023_08_01,1,2024-02-01
CUS_0x37ec,CUS_0x37ec_2023_08_01,1,2024-02-01
CUS_0x38b8,CUS_0x38b8_2023_08_01,0,2024-02-01
CUS_0x394a,CUS_0x394a_2023_08_01,0,2024-02-01
CUS_0x3bd2,CUS_0x3bd2_2023_08_01,0,2024-02-01
CUS_0x3bfd,CUS_0x3bfd_2023_08_01,0,2024-02-01
CUS_0x3cd2,CUS_0x3cd2_2023_08_01,0,2024-02-01
CUS_0x3d16,CUS_0x3d16_2023_08_01,0,2024-02-01
CUS_0x3e34,CUS_0x3e34_2023_08_01,1,2024-02-01
CUS_0x3e75,CUS_0x3e75_2023_08_01,0,2024-02-01
CUS_0x3faa,CUS_0x3faa_2023_08_01,1,2024-02-01
CUS_0x3fc2,CUS_0x3fc2_2023_08_01,0,2024-02-01
CUS_0x3fcb,CUS_0x3fcb_2023_08_01,0,2024-02-01
CUS_0x3fe8,CUS_0x3fe8_2023_08_01,1,2024-02-01
CUS_0x404c,CUS_0x404c_2023_08_01,0,2024-02-01
CUS_0x4052,CUS_0x4052_2023_08_01,0,2024-02-01
CUS_0x407a,CUS_0x407a_2023_08_01,0,2024-02-01
CUS_0x4127,CUS_0x4127_2023_08_01,1,2024-02-01
CUS_0x4148,CUS_0x4148_2023_08_01,1,2024-02-01
CUS_0x4200,CUS_0x4200_2023_08_01,0,2024-02-01
CUS_0x425,CUS_0x425_2023_08_01,0,2024-02-01
CUS_0x4274,CUS_0x4274_2023_08_01,0,2024-02-01
CUS_0x4287,CUS_0x4287_2023_08_01,1,2024-02-01
CUS_0x42db,CUS_0x42db_2023_08_01,0,2024-02-01
CUS_0x437a,CUS_0x437a_2023_08_01,0,2024-02-01
CUS_0x43cf,CUS_0x43cf_2023_08_01,0,2024-02-01
CUS_0x443e,CUS_0x443e_2023_08_01,0,2024-02-01
CUS_0x446,CUS_0x446_2023_08_01,1,2024-02-01
CUS_0x4460,CUS_0x4460_2023_08_01,0,2024-02-01
CUS_0x4482,CUS_0x4482_2023_08_01,0,2024-02-01
CUS_0x44b9,CUS_0x44b9_2023_08_01,0,2024-02-01
CUS_0x44d2,CUS_0x44d2_2023_08_01,0,2024-02-01
CUS_0x4563,CUS_0x4563_2023_08_01,0,2024-02-01
CUS_0x45b,CUS_0x45b_2023_08_01,1,2024-02-01
CUS_0x45e5,CUS_0x45e5_2023_08_01,0,2024-02-01
CUS_0x45f1,CUS_0x45f1_2023_08_01,0,2024-02-01
CUS_0x4601,CUS_0x4601_2023_08_01,1,2024-02-01
CUS_0x46bf,CUS_0x46bf_2023_08_01,0,2024-02-01
CUS_0x46ea,CUS_0x46ea_2023_08_01,0,2024-02-01
CUS_0x4844,CUS_0x4844_2023_08_01,1,2024-02-01
CUS_0x48dc,CUS_0x48dc_2023_08_01,0,2024-02-01
CUS_0x4967,CUS_0x4967_2023_08_01,1,2024-02-01
CUS_0x4993,CUS_0x4993_2023_08_01,0,2024-02-01
CUS_0x4999,CUS_0x4999_2023_08_01,0,2024-02-01
CUS_0x49fa,CUS_0x49fa_2023_08_01,0,2024-02-01
CUS_0x4ab4,CUS_0x4ab4_2023_08_01,0,2024-02-01
CUS_0x4ad5,CUS_0x4ad5_2023_08_01,0,2024-02-01
CUS_0x4aeb,CUS_0x4aeb_2023_08_01,1,2024-02-01
CUS_0x4b44,CUS_0x4b44_2023_08_01,0,2024-02-01
CUS_0x4b5d,CUS_0x4b5d_2023_08_01,0,2024-02-01
CUS_0x4bc0,CUS_0x4bc0_2023_08_01,0,2024-02-01
CUS_0x4cab,CUS_0x4cab_2023_08_01,0,2024-02-01
CUS_0x4cf1,CUS_0x4cf1_2023_08_01,1,2024-02-01
CUS_0x4d01,CUS_0x4d01_2023_08_01,0,2024-02-01
CUS_0x4d1,CUS_0x4d1_2023_08_01,0,2024-02-01
CUS_0x4d71,CUS_0x4d71_2023_08_01,1,2024-02-01
CUS_0x4d8b,CUS_0x4d8b_2023_08_01,0,2024-02-01
CUS_0x4e43,CUS_0x4e43_2023_08_01,1,2024-02-01
CUS_0x4e71,CUS_0x4e71_2023_08_01,0,2024-02-01
CUS_0x4ea9,CUS_0x4ea9_2023_08_01,1,2024-02-01
CUS_0x4f0a,CUS_0x4f0a_2023_08_01,1,2024-02-01
CUS_0x4f2f,CUS_0x4f2f_2023_08_01,0,2024-02-01
CUS_0x4f31,CUS_0x4f31_2023_08_01,0,2024-02-01
CUS_0x4f49,CUS_0x4f49_2023_08_01,0,2024-02-01
CUS_0x4fac,CUS_0x4fac_2023_08_01,1,2024-02-01
CUS_0x4fb1,CUS_0x4fb1_2023_08_01,1,2024-02-01
CUS_0x4fee,CUS_0x4fee_2023_08_01,0,2024-02-01
CUS_0x10dd,CUS_0x10dd_2024_06_01,0,2024-12-01
CUS_0x1109,CUS_0x1109_2024_06_01,1,2024-12-01
CUS_0x1286,CUS_0x1286_2024_06_01,0,2024-12-01
CUS_0x12a8,CUS_0x12a8_2024_06_01,0,2024-12-01
CUS_0x1309,CUS_0x1309_2024_06_01,0,2024-12-01
CUS_0x13f8,CUS_0x13f8_2024_06_01,0,2024-12-01
CUS_0x1472,CUS_0x1472_2024_06_01,0,2024-12-01
CUS_0x15a3,CUS_0x15a3_2024_06_01,0,2024-12-01
CUS_0x15f4,CUS_0x15f4_2024_06_01,0,2024-12-01
CUS_0x15f8,CUS_0x15f8_2024_06_01,0,2024-12-01
CUS_0x1640,CUS_0x1640_2024_06_01,1,2024-12-01
CUS_0x1699,CUS_0x1699_2024_06_01,1,2024-12-01
CUS_0x16b1,CUS_0x16b1_2024_06_01,0,2024-12-01
CUS_0x16c4,CUS_0x16c4_2024_06_01,0,2024-12-01
CUS_0x16d5,CUS_0x16d5_2024_06_01,0,2024-12-01
CUS_0x172d,CUS_0x172d_2024_06_01,1,2024-12-01
CUS_0x1743,CUS_0x1743_2024_06_01,1,2024-12-01
CUS_0x17e9,CUS_0x17e9_2024_06_01,0,2024-12-01
CUS_0x17f3,CUS_0x17f3_2024_06_01,0,2024-12-01
CUS_0x180f,CUS_0x180f_2024_06_01,0,2024-12-01
CUS_0x18ab,CUS_0x18ab_2024_06_01,0,2024-12-01
CUS_0x18e8,CUS_0x18e8_2024_06_01,0,2024-12-01
CUS_0x1a4b,CUS_0x1a4b_2024_06_01,0,2024-12-01
CUS_0x1a9f,CUS_0x1a9f_2024_06_01,1,2024-12-01
CUS_0x1b0a,CUS_0x1b0a_2024_06_01,0,2024-12-01
CUS_0x1b88,CUS_0x1b88_2024_06_01,1,2024-12-01
CUS_0x1b8a,CUS_0x1b8a_2024_06_01,0,2024-12-01
CUS_0x1d51,CUS_0x1d51_2024_06_01,0,2024-12-01
CUS_0x1f00,CUS_0x1f00_2024_06_01,0,2024-12-01
CUS_0x1f33,CUS_0x1f33_2024_06_01,0,2024-12-01
CUS_0x2010,CUS_0x2010_2024_06_01,0,2024-12-01
CUS_0x2080,CUS_0x2080_2024_06_01,0,2024-12-01
CUS_0x20c8,CUS_0x20c8_2024_06_01,0,2024-12-01
CUS_0x2141,CUS_0x2141_2024_06_01,1,2024-12-01
CUS_0x21f2,CUS_0x21f2_2024_06_01,0,2024-12-01
CUS_0x2353,CUS_0x2353_2024_06_01,1,2024-12-01
CUS_0x238c,CUS_0x238c_2024_06_01,0,2024-12-01
CUS_0x23a4,CUS_0x23a4_2024_06_01,1,2024-12-01
CUS_0x23ad,CUS_0x23ad_2024_06_01,0,2024-12-01
CUS_0x23ff,CUS_0x23ff_2024_06_01,0,2024-12-01
CUS_0x240c,CUS_0x240c_2024_06_01,1,2024-12-01
CUS_0x244e,CUS_0x244e_2024_06_01,0,2024-12-01
CUS_0x254e,CUS_0x254e_2024_06_01,0,2024-12-01
CUS_0x259d,CUS_0x259d_2024_06_01,0,2024-12-01
CUS_0x2647,CUS_0x2647_2024_06_01,1,2024-12-01
CUS_0x2719,CUS_0x2719_2024_06_01,1,2024-12-01
CUS_0x271a,CUS_0x271a_2024_06_01,1,2024-12-01
CUS_0x2798,CUS_0x2798_2024_06_01,0,2024-12-01
CUS_0x2816,CUS_0x2816_2024_06_01,1,2024-12-01
CUS_0x28b5,CUS_0x28b5_2024_06_01,0,2024-12-01
CUS_0x28cb,CUS_0x28cb_2024_06_01,0,2024-12-01
CUS_0x28e3,CUS_0x28e3_2024_06_01,0,2024-12-01
CUS_0x28f3,CUS_0x28f3_2024_06_01,0,2024-12-01
CUS_0x2934,CUS_0x2934_2024_06_01,0,2024-12-01
CUS_0x29b2,CUS_0x29b2_2024_06_01,0,2024-12-01
CUS_0x29d2,CUS_0x29d2_2024_06_01,0,2024-12-01
CUS_0x2ae9,CUS_0x2ae9_2024_06_01,0,2024-12-01
CUS_0x2b7d,CUS_0x2b7d_2024_06_01,1,2024-12-01
CUS_0x2b84,CUS_0x2b84_2024_06_01,1,2024-12-01
CUS_0x2b8c,CUS_0x2b8c_2024_06_01,1,2024-12-01
CUS_0x2b8e,CUS_0x2b8e_2024_06_01,0,2024-12-01
CUS_0x2ca9,CUS_0x2ca9_2024_06_01,0,2024-12-01
CUS_0x2d02,CUS_0x2d02_2024_06_01,0,2024-12-01
CUS_0x2d48,CUS_0x2d48_2024_06_01,1,2024-12-01
CUS_0x2d52,CUS_0x2d52_2024_06_01,1,2024-12-01
CUS_0x2d81,CUS_0x2d81_2024_06_01,0,2024-12-01
CUS_0x2db4,CUS_0x2db4_2024_06_01,1,2024-12-01
CUS_0x2dd2,CUS_0x2dd2_2024_06_01,0,2024-12-01
CUS_0x2e10,CUS_0x2e10_2024_06_01,1,2024-12-01
CUS_0x2e19,CUS_0x2e19_2024_06_01,0,2024-12-01
CUS_0x2e76,CUS_0x2e76_2024_06_01,0,2024-12-01
CUS_0x2ed4,CUS_0x2ed4_2024_06_01,0,2024-12-01
CUS_0x2f38,CUS_0x2f38_2024_06_01,0,2024-12-01
CUS_0x2f49,CUS_0x2f49_2024_06_01,0,2024-12-01
CUS_0x2f91,CUS_0x2f91_2024_06_01,1,2024-12-01
CUS_0x301f,CUS_0x301f_2024_06_01,0,2024-12-01
CUS_0x30fc,CUS_0x30fc_2024_06_01,0,2024-12-01
CUS_0x3134,CUS_0x3134_2024_06_01,0,2024-12-01
CUS_0x3159,CUS_0x3159_2024_06_01,0,2024-12-01
CUS_0x333c,CUS_0x333c_2024_06_01,0,2024-12-01
CUS_0x335a,CUS_0x335a_2024_06_01,1,2024-12-01
CUS_0x3374,CUS_0x3374_2024_06_01,0,2024-12-01
CUS_0x33b8,CUS_0x33b8_2024_06_01,1,2024-12-01
CUS_0x3407,CUS_0x3407_2024_06_01,1,2024-12-01
CUS_0x3439,CUS_0x3439_2024_06_01,0,2024-12-01
CUS_0x345e,CUS_0x345e_2024_06_01,1,2024-12-01
CUS_0x3463,CUS_0x3463_2024_06_01,0,2024-12-01
CUS_0x3482,CUS_0x3482_2024_06_01,0,2024-12-01
CUS_0x3556,CUS_0x3556_2024_06_01,0,2024-12-01
CUS_0x3592,CUS_0x3592_2024_06_01,0,2024-12-01
CUS_0x36c7,CUS_0x36c7_2024_06_01,0,2024-12-01
CUS_0x36d4,CUS_0x36d4_2024_06_01,0,2024-12-01
CUS_0x370c,CUS_0x370c_2024_06_01,0,2024-12-01
CUS_0x3722,CUS_0x3722_2024_06_01,0,2024-12-01
CUS_0x3756,CUS_0x3756_2024_06_01,0,2024-12-01
CUS_0x375e,CUS_0x375e_2024_06_01,1,2024-12-01
CUS_0x376e,CUS_0x376e_2024_06_01,0,2024-12-01
CUS_0x385d,CUS_0x385d_2024_06_01,0,2024-12-01
CUS_0x38e6,CUS_0x38e6_2024_06_01,1,2024-12-01
CUS_0x392a,CUS_0x392a_2024_06_01,0,2024-12-01
CUS_0x3941,CUS_0x3941_2024_06_01,0,2024-12-01
CUS_0x39d6,CUS_0x39d6_2024_06_01,0,2024-12-01
CUS_0x3a02,CUS_0x3a02_2024_06_01,0,2024-12-01
CUS_0x3a30,CUS_0x3a30_2024_06_01,0,2024-12-01
CUS_0x3aa9,CUS_0x3aa9_2024_06_01,1,2024-12-01
CUS_0x3ad2,CUS_0x3ad2_2024_06_01,1,2024-12-01
CUS_0x3aeb,CUS_0x3aeb_2024_06_01,0,2024-12-01
CUS_0x3b46,CUS_0x3b46_2024_06_01,1,2024-12-01
CUS_0x3bd6,CUS_0x3bd6_2024_06_01,0,2024-12-01
CUS_0x3c41,CUS_0x3c41_2024_06_01,0,2024-12-01
CUS_0x3ce2,CUS_0x3ce2_2024_06_01,1,2024-12-01
CUS_0x3d78,CUS_0x3d78_2024_06_01,1,2024-12-01
CUS_0x3e4d,CUS_0x3e4d_2024_06_01,1,2024-12-01
CUS_0x3e65,CUS_0x3e65_2024_06_01,0,2024-12-01
CUS_0x3e85,CUS_0x3e85_2024_06_01,0,2024-12-01
CUS_0x3ea4,CUS_0x3ea4_2024_06_01,0,2024-12-01
CUS_0x3ec0,CUS_0x3ec0_2024_06_01,0,2024-12-01
CUS_0x3eed,CUS_0x3eed_2024_06_01,0,2024-12-01
CUS_0x3f6a,CUS_0x3f6a_2024_06_01,1,2024-12-01
CUS_0x3f75,CUS_0x3f75_2024_06_01,0,2024-12-01
CUS_0x402d,CUS_0x402d_2024_06_01,0,2024-12-01
CUS_0x4080,CUS_0x4080_2024_06_01,1,2024-12-01
CUS_0x414d,CUS_0x414d_2024_06_01,0,2024-12-01
CUS_0x434a,CUS_0x434a_2024_06_01,1,2024-12-01
CUS_0x434d,CUS_0x434d_2024_06_01,0,2024-12-01
CUS_0x4387,CUS_0x4387_2024_06_01,1,2024-12-01
CUS_0x4390,CUS_0x4390_2024_06_01,0,2024-12-01
CUS_0x4448,CUS_0x4448_2024_06_01,1,2024-12-01
CUS_0x4453,CUS_0x4453_2024_06_01,0,2024-12-01
CUS_0x44c3,CUS_0x44c3_2024_06_01,0,2024-12-01
CUS_0x45af,CUS_0x45af_2024_06_01,0,2024-12-01
CUS_0x45f4,CUS_0x45f4_2024_06_01,0,2024-12-01
CUS_0x460d,CUS_0x460d_2024_06_01,0,2024-12-01
CUS_0x461,CUS_0x461_2024_06_01,0,2024-12-01
CUS_0x4669,CUS_0x4669_2024_06_01,0,2024-12-01
CUS_0x46a2,CUS_0x46a2_2024_06_01,0,2024-12-01
CUS_0x470d,CUS_0x470d_2024_06_01,0,2024-12-01
CUS_0x4781,CUS_0x4781_2024_06_01,0,2024-12-01
CUS_0x47ef,CUS_0x47ef_2024_06_01,1,2024-12-01
CUS_0x4866,CUS_0x4866_2024_06_01,0,2024-12-01
CUS_0x4884,CUS_0x4884_2024_06_01,0,2024-12-01
CUS_0x48d2,CUS_0x48d2_2024_06_01,1,2024-12-01
CUS_0x4905,CUS_0x4905_2024_06_01,0,2024-12-01
CUS_0x4922,CUS_0x4922_2024_06_01,0,2024-12-01
CUS_0x495e,CUS_0x495e_2024_06_01,0,2024-12-01
CUS_0x4972,CUS_0x4972_2024_06_01,0,2024-12-01
CUS_0x49ff,CUS_0x49ff_2024_06_01,1,2024-12-01
CUS_0x4a8a,CUS_0x4a8a_2024_06_01,0,2024-12-01
CUS_0x4aad,CUS_0x4aad_2024_06_01,1,2024-12-01
CUS_0x4aba,CUS_0x4aba_2024_06_01,0,2024-12-01
CUS_0x4adb,CUS_0x4adb_2024_06_01,0,2024-12-01
CUS_0x4af4,CUS_0x4af4_2024_06_01,0,2024-12-01
CUS_0x4b18,CUS_0x4b18_2024_06_01,0,2024-12-01
CUS_0x4b42,CUS_0x4b42_2024_06_01,1,2024-12-01
CUS_0x4b61,CUS_0x4b61_2024_06_01,0,2024-12-01
CUS_0x4bb4,CUS_0x4bb4_2024_06_01,1,2024-12-01
CUS_0x4bdc,CUS_0x4bdc_2024_06_01,0,2024-12-01
CUS_0x4bdd,CUS_0x4bdd_2024_06_01,0,2024-12-01
CUS_0x4d7a,CUS_0x4d7a_2024_06_01,1,2024-12-01
CUS_0x4d90,CUS_0x4d90_2024_06_01,0,2024-12-01
CUS_0x4da9,CUS_0x4da9_2024_06_01,1,2024-12-01
CUS_0x4de6,CUS_0x4de6_2024_06_01,0,2024-12-01
CUS_0x4e05,CUS_0x4e05_2024_06_01,0,2024-12-01
CUS_0x4e07,CUS_0x4e07_2024_06_01,1,2024-12-01
CUS_0x4ef2,CUS_0x4ef2_2024_06_01,0,2024-12-01
CUS_0x4f3e,CUS_0x4f3e_2024_06_01,0,2024-12-01
CUS_0x4f73,CUS_0x4f73_2024_06_01,0,2024-12-01
CUS_0x4fc4,CUS_0x4fc4_2024_06_01,0,2024-12-01
CUS_0x8f19,CUS_0x8f19_2023_10_01,1,2024-04-01
CUS_0x8f86,CUS_0x8f86_2023_10_01,1,2024-04-01
CUS_0x8fd9,CUS_0x8fd9_2023_10_01,1,2024-04-01
CUS_0x9027,CUS_0x9027_2023_10_01,0,2024-04-01
CUS_0x9038,CUS_0x9038_2023_10_01,0,2024-04-01
CUS_0x9074,CUS_0x9074_2023_10_01,0,2024-04-01
CUS_0x9076,CUS_0x9076_2023_10_01,0,2024-04-01
CUS_0x9095,CUS_0x9095_2023_10_01,1,2024-04-01
CUS_0x9151,CUS_0x9151_2023_10_01,0,2024-04-01
CUS_0x9167,CUS_0x9167_2023_10_01,0,2024-04-01
CUS_0x924e,CUS_0x924e_2023_10_01,0,2024-04-01
CUS_0x932,CUS_0x932_2023_10_01,0,2024-04-01
CUS_0x9348,CUS_0x9348_2023_10_01,0,2024-04-01
CUS_0x9352,CUS_0x9352_2023_10_01,0,2024-04-01
CUS_0x93e,CUS_0x93e_2023_10_01,0,2024-04-01
CUS_0x940d,CUS_0x940d_2023_10_01,0,2024-04-01
CUS_0x9412,CUS_0x9412_2023_10_01,1,2024-04-01
CUS_0x9448,CUS_0x9448_2023_10_01,0,2024-04-01
CUS_0x944e,CUS_0x944e_2023_10_01,0,2024-04-01
CUS_0x9486,CUS_0x9486_2023_10_01,1,2024-04-01
CUS_0x94c5,CUS_0x94c5_2023_10_01,0,2024-04-01
CUS_0x958e,CUS_0x958e_2023_10_01,0,2024-04-01
CUS_0x95e7,CUS_0x95e7_2023_10_01,1,2024-04-01
CUS_0x95eb,CUS_0x95eb_2023_10_01,0,2024-04-01
CUS_0x963e,CUS_0x963e_2023_10_01,0,2024-04-01
CUS_0x96a6,CUS_0x96a6_2023_10_01,0,2024-04-01
CUS_0x96da,CUS_0x96da_2023_10_01,0,2024-04-01
CUS_0x9754,CUS_0x9754_2023_10_01,0,2024-04-01
CUS_0x975d,CUS_0x975d_2023_10_01,1,2024-04-01
CUS_0x97a,CUS_0x97a_2023_10_01,0,2024-04-01
CUS_0x97d1,CUS_0x97d1_2023_10_01,1,2024-04-01
CUS_0x97da,CUS_0x97da_2023_10_01,1,2024-04-01
CUS_0x97e1,CUS_0x97e1_2023_10_01,1,2024-04-01
CUS_0x9828,CUS_0x9828_2023_10_01,1,2024-04-01
CUS_0x9860,CUS_0x9860_2023_10_01,1,2024-04-01
CUS_0x98e7,CUS_0x98e7_2023_10_01,1,2024-04-01
CUS_0x995b,CUS_0x995b_2023_10_01,0,2024-04-01
CUS_0x9970,CUS_0x9970_2023_10_01,0,2024-04-01
CUS_0x99c6,CUS_0x99c6_2023_10_01,0,2024-04-01
CUS_0x9a51,CUS_0x9a51_2023_10_01,0,2024-04-01
CUS_0x9ae8,CUS_0x9ae8_2023_10_01,0,2024-04-01
CUS_0x9aef,CUS_0x9aef_2023_10_01,0,2024-04-01
CUS_0x9b9e,CUS_0x9b9e_2023_10_01,0,2024-04-01
CUS_0x9ba5,CUS_0x9ba5_2023_10_01,0,2024-04-01
CUS_0x9bc1,CUS_0x9bc1_2023_10_01,0,2024-04-01
CUS_0x9c09,CUS_0x9c09_2023_10_01,0,2024-04-01
CUS_0x9d73,CUS_0x9d73_2023_10_01,0,2024-04-01
CUS_0x9df0,CUS_0x9df0_2023_10_01,0,2024-04-01
CUS_0x9e95,CUS_0x9e95_2023_10_01,0,2024-04-01
CUS_0x9eec,CUS_0x9eec_2023_10_01,0,2024-04-01
CUS_0xa0a6,CUS_0xa0a6_2023_10_01,0,2024-04-01
CUS_0xa106,CUS_0xa106_2023_10_01,0,2024-04-01
CUS_0xa18f,CUS_0xa18f_2023_10_01,1,2024-04-01
CUS_0xa19,CUS_0xa19_2023_10_01,0,2024-04-01
CUS_0xa226,CUS_0xa226_2023_10_01,0,2024-04-01
CUS_0xa2ca,CUS_0xa2ca_2023_10_01,0,2024-04-01
CUS_0xa2f5,CUS_0xa2f5_2023_10_01,0,2024-04-01
CUS_0xa335,CUS_0xa335_2023_10_01,1,2024-04-01
CUS_0xa439,CUS_0xa439_2023_10_01,0,2024-04-01
CUS_0xa447,CUS_0xa447_2023_10_01,0,2024-04-01
CUS_0xa4b6,CUS_0xa4b6_2023_10_01,0,2024-04-01
CUS_0xa4f9,CUS_0xa4f9_2023_10_01,0,2024-04-01
CUS_0xa630,CUS_0xa630_2023_10_01,0,2024-04-01
CUS_0xa6d5,CUS_0xa6d5_2023_10_01,0,2024-04-01
CUS_0xa6db,CUS_0xa6db_2023_10_01,0,2024-04-01
CUS_0xa6f6,CUS_0xa6f6_2023_10_01,0,2024-04-01
CUS_0xa6f9,CUS_0xa6f9_2023_10_01,0,2024-04-01
CUS_0xa7d0,CUS_0xa7d0_2023_10_01,0,2024-04-01
CUS_0xa814,CUS_0xa814_2023_10_01,0,2024-04-01
CUS_0xa82c,CUS_0xa82c_2023_10_01,0,2024-04-01
CUS_0xa8c,CUS_0xa8c_2023_10_01,0,2024-04-01
CUS_0xa8ed,CUS_0xa8ed_2023_10_01,1,2024-04-01
CUS_0xa940,CUS_0xa940_2023_10_01,0,2024-04-01
CUS_0xa95d,CUS_0xa95d_2023_10_01,0,2024-04-01
CUS_0xa9d1,CUS_0xa9d1_2023_10_01,1,2024-04-01
CUS_0xaad9,CUS_0xaad9_2023_10_01,0,2024-04-01
CUS_0xaadf,CUS_0xaadf_2023_10_01,0,2024-04-01
CUS_0xab3a,CUS_0xab3a_2023_10_01,0,2024-04-01
CUS_0xab9e,CUS_0xab9e_2023_10_01,0,2024-04-01
CUS_0xabb5,CUS_0xabb5_2023_10_01,0,2024-04-01
CUS_0xac3b,CUS_0xac3b_2023_10_01,0,2024-04-01
CUS_0xac54,CUS_0xac54_2023_10_01,0,2024-04-01
CUS_0xae93,CUS_0xae93_2023_10_01,1,2024-04-01
CUS_0xaf1b,CUS_0xaf1b_2023_10_01,1,2024-04-01
CUS_0xaf81,CUS_0xaf81_2023_10_01,1,2024-04-01
CUS_0xafc3,CUS_0xafc3_2023_10_01,0,2024-04-01
CUS_0xafce,CUS_0xafce_2023_10_01,0,2024-04-01
CUS_0xb004,CUS_0xb004_2023_10_01,0,2024-04-01
CUS_0xb013,CUS_0xb013_2023_10_01,0,2024-04-01
CUS_0xb014,CUS_0xb014_2023_10_01,0,2024-04-01
CUS_0xb021,CUS_0xb021_2023_10_01,1,2024-04-01
CUS_0xb037,CUS_0xb037_2023_10_01,0,2024-04-01
CUS_0xb03b,CUS_0xb03b_2023_10_01,1,2024-04-01
CUS_0xb079,CUS_0xb079_2023_10_01,1,2024-04-01
CUS_0xb091,CUS_0xb091_2023_10_01,1,2024-04-01
CUS_0xb122,CUS_0xb122_2023_10_01,0,2024-04-01
CUS_0xb131,CUS_0xb131_2023_10_01,1,2024-04-01
CUS_0xb13e,CUS_0xb13e_2023_10_01,0,2024-04-01
CUS_0xb16c,CUS_0xb16c_2023_10_01,0,2024-04-01
CUS_0xb1da,CUS_0xb1da_2023_10_01,0,2024-04-01
CUS_0xb20f,CUS_0xb20f_2023_10_01,0,2024-04-01
CUS_0xb22,CUS_0xb22_2023_10_01,0,2024-04-01
CUS_0xb2a1,CUS_0xb2a1_2023_10_01,0,2024-04-01
CUS_0xb2bf,CUS_0xb2bf_2023_10_01,0,2024-04-01
CUS_0xb333,CUS_0xb333_2023_10_01,1,2024-04-01
CUS_0xb339,CUS_0xb339_2023_10_01,1,2024-04-01
CUS_0xb3b,CUS_0xb3b_2023_10_01,1,2024-04-01
CUS_0xb443,CUS_0xb443_2023_10_01,0,2024-04-01
CUS_0xb450,CUS_0xb450_2023_10_01,0,2024-04-01
CUS_0xb47f,CUS_0xb47f_2023_10_01,0,2024-04-01
CUS_0xb4b4,CUS_0xb4b4_2023_10_01,1,2024-04-01
CUS_0xb4ca,CUS_0xb4ca_2023_10_01,1,2024-04-01
CUS_0xb55e,CUS_0xb55e_2023_10_01,0,2024-04-01
CUS_0xb59a,CUS_0xb59a_2023_10_01,0,2024-04-01
CUS_0xb5af,CUS_0xb5af_2023_10_01,0,2024-04-01
CUS_0xb5bd,CUS_0xb5bd_2023_10_01,1,2024-04-01
CUS_0xb61d,CUS_0xb61d_2023_10_01,0,2024-04-01
CUS_0xb6e6,CUS_0xb6e6_2023_10_01,0,2024-04-01
CUS_0xb725,CUS_0xb725_2023_10_01,1,2024-04-01
CUS_0xb736,CUS_0xb736_2023_10_01,0,2024-04-01
CUS_0xb76f,CUS_0xb76f_2023_10_01,0,2024-04-01
CUS_0xb772,CUS_0xb772_2023_10_01,0,2024-04-01
CUS_0xb79c,CUS_0xb79c_2023_10_01,0,2024-04-01
CUS_0xb7a5,CUS_0xb7a5_2023_10_01,0,2024-04-01
CUS_0xb7bb,CUS_0xb7bb_2023_10_01,0,2024-04-01
CUS_0xb832,CUS_0xb832_2023_10_01,1,2024-04-01
CUS_0xb863,CUS_0xb863_2023_10_01,0,2024-04-01
CUS_0xb867,CUS_0xb867_2023_10_01,0,2024-04-01
CUS_0xb882,CUS_0xb882_2023_10_01,0,2024-04-01
CUS_0xb88a,CUS_0xb88a_2023_10_01,0,2024-04-01
CUS_0xb8c2,CUS_0xb8c2_2023_10_01,0,2024-04-01
CUS_0xb8e9,CUS_0xb8e9_2023_10_01,0,2024-04-01
CUS_0xb932,CUS_0xb932_2023_10_01,0,2024-04-01
CUS_0xb986,CUS_0xb986_2023_10_01,0,2024-04-01
CUS_0xb9e5,CUS_0xb9e5_2023_10_01,0,2024-04-01
CUS_0xba01,CUS_0xba01_2023_10_01,0,2024-04-01
CUS_0xba63,CUS_0xba63_2023_10_01,0,2024-04-01
CUS_0xbb0b,CUS_0xbb0b_2023_10_01,0,2024-04-01
CUS_0xbbdd,CUS_0xbbdd_2023_10_01,0,2024-04-01
CUS_0xbbf6,CUS_0xbbf6_2023_10_01,1,2024-04-01
CUS_0xbc4c,CUS_0xbc4c_2023_10_01,0,2024-04-01
CUS_0xbc51,CUS_0xbc51_2023_10_01,0,2024-04-01
CUS_0xbc5e,CUS_0xbc5e_2023_10_01,0,2024-04-01
CUS_0xbd8c,CUS_0xbd8c_2023_10_01,0,2024-04-01
CUS_0xbec2,CUS_0xbec2_2023_10_01,0,2024-04-01
CUS_0xbf19,CUS_0xbf19_2023_10_01,0,2024-04-01
CUS_0xbf4c,CUS_0xbf4c_2023_10_01,0,2024-04-01
CUS_0xbf5c,CUS_0xbf5c_2023_10_01,0,2024-04-01
CUS_0xc096,CUS_0xc096_2023_10_01,0,2024-04-01
CUS_0xc18e,CUS_0xc18e_2023_10_01,0,2024-04-01
CUS_0xc1f,CUS_0xc1f_2023_10_01,1,2024-04-01
CUS_0xc203,CUS_0xc203_2023_10_01,0,2024-04-01
CUS_0xc28c,CUS_0xc28c_2023_10_01,1,2024-04-01
CUS_0xc30b,CUS_0xc30b_2023_10_01,0,2024-04-01
CUS_0xc341,CUS_0xc341_2023_10_01,0,2024-04-01
CUS_0xc36d,CUS_0xc36d_2023_10_01,0,2024-04-01
CUS_0xc47c,CUS_0xc47c_2023_10_01,0,2024-04-01
CUS_0xc4b6,CUS_0xc4b6_2023_10_01,0,2024-04-01
CUS_0xc4e7,CUS_0xc4e7_2023_10_01,0,2024-04-01
CUS_0xc506,CUS_0xc506_2023_10_01,0,2024-04-01
CUS_0xc51c,CUS_0xc51c_2023_10_01,0,2024-04-01
CUS_0xc54a,CUS_0xc54a_2023_10_01,0,2024-04-01
CUS_0xc56c,CUS_0xc56c_2023_10_01,0,2024-04-01
CUS_0xc600,CUS_0xc600_2023_10_01,1,2024-04-01
CUS_0xc636,CUS_0xc636_2023_10_01,0,2024-04-01
CUS_0xc653,CUS_0xc653_2023_10_01,0,2024-04-01
CUS_0xc6c3,CUS_0xc6c3_2023_10_01,1,2024-04-01
CUS_0xc6cc,CUS_0xc6cc_2023_10_01,1,2024-04-01
CUS_0xc71f,CUS_0xc71f_2023_10_01,1,2024-04-01
CUS_0xd46,CUS_0xd46_2023_10_01,0,2024-04-01
CUS_0xdc2,CUS_0xdc2_2023_10_01,0,2024-04-01
CUS_0xdc8,CUS_0xdc8_2023_10_01,0,2024-04-01
CUS_0xe7e,CUS_0xe7e_2023_10_01,1,2024-04-01
CUS_0xedb,CUS_0xedb_2023_10_01,1,2024-04-01
CUS_0xfdd,CUS_0xfdd_2023_10_01,0,2024-04-01
CUS_0xfea,CUS_0xfea_2023_10_01,0,2024-04-01
CUS_0x5012,CUS_0x5012_2023_11_01,1,2024-05-01
CUS_0x507a,CUS_0x507a_2023_11_01,0,2024-05-01
CUS_0x5088,CUS_0x5088_2023_11_01,0,2024-05-01
CUS_0x5204,CUS_0x5204_2023_11_01,1,2024-05-01
CUS_0x5222,CUS_0x5222_2023_11_01,0,2024-05-01
CUS_0x523b,CUS_0x523b_2023_11_01,0,2024-05-01
CUS_0x5376,CUS_0x5376_2023_11_01,0,2024-05-01
CUS_0x53fc,CUS_0x53fc_2023_11_01,1,2024-05-01
CUS_0x549d,CUS_0x549d_2023_11_01,0,2024-05-01
CUS_0x54c7,CUS_0x54c7_2023_11_01,0,2024-05-01
CUS_0x5534,CUS_0x5534_2023_11_01,0,2024-05-01
CUS_0x557,CUS_0x557_2023_11_01,0,2024-05-01
CUS_0x56d7,CUS_0x56d7_2023_11_01,0,2024-05-01
CUS_0x5718,CUS_0x5718_2023_11_01,0,2024-05-01
CUS_0x575b,CUS_0x575b_2023_11_01,0,2024-05-01
CUS_0x57a2,CUS_0x57a2_2023_11_01,0,2024-05-01
CUS_0x57c6,CUS_0x57c6_2023_11_01,0,2024-05-01
CUS_0x57ef,CUS_0x57ef_2023_11_01,0,2024-05-01
CUS_0x588e,CUS_0x588e_2023_11_01,0,2024-05-01
CUS_0x58b0,CUS_0x58b0_2023_11_01,0,2024-05-01
CUS_0x58fb,CUS_0x58fb_2023_11_01,0,2024-05-01
CUS_0x5937,CUS_0x5937_2023_11_01,0,2024-05-01
CUS_0x59c7,CUS_0x59c7_2023_11_01,0,2024-05-01
CUS_0x5a42,CUS_0x5a42_2023_11_01,1,2024-05-01
CUS_0x5a5a,CUS_0x5a5a_2023_11_01,0,2024-05-01
CUS_0x5a90,CUS_0x5a90_2023_11_01,0,2024-05-01
CUS_0x5c2d,CUS_0x5c2d_2023_11_01,0,2024-05-01
CUS_0x5c68,CUS_0x5c68_2023_11_01,0,2024-05-01
CUS_0x5cdc,CUS_0x5cdc_2023_11_01,0,2024-05-01
CUS_0x5cf2,CUS_0x5cf2_2023_11_01,0,2024-05-01
CUS_0x5d94,CUS_0x5d94_2023_11_01,0,2024-05-01
CUS_0x5db0,CUS_0x5db0_2023_11_01,1,2024-05-01
CUS_0x5df7,CUS_0x5df7_2023_11_01,1,2024-05-01
CUS_0x5e02,CUS_0x5e02_2023_11_01,0,2024-05-01
CUS_0x5e28,CUS_0x5e28_2023_11_01,0,2024-05-01
CUS_0x5e34,CUS_0x5e34_2023_11_01,0,2024-05-01
CUS_0x5e8f,CUS_0x5e8f_2023_11_01,0,2024-05-01
CUS_0x5f97,CUS_0x5f97_2023_11_01,0,2024-05-01
CUS_0x5fca,CUS_0x5fca_2023_11_01,0,2024-05-01
CUS_0x5fcd,CUS_0x5fcd_2023_11_01,0,2024-05-01
CUS_0x5fd1,CUS_0x5fd1_2023_11_01,0,2024-05-01
CUS_0x5ff9,CUS_0x5ff9_2023_11_01,0,2024-05-01
CUS_0x6079,CUS_0x6079_2023_11_01,1,2024-05-01
CUS_0x60a2,CUS_0x60a2_2023_11_01,0,2024-05-01
CUS_0x60af,CUS_0x60af_2023_11_01,0,2024-05-01
CUS_0x60ec,CUS_0x60ec_2023_11_01,0,2024-05-01
CUS_0x60f1,CUS_0x60f1_2023_11_01,1,2024-05-01
CUS_0x6136,CUS_0x6136_2023_11_01,0,2024-05-01
CUS_0x613c,CUS_0x613c_2023_11_01,0,2024-05-01
CUS_0x6172,CUS_0x6172_2023_11_01,1,2024-05-01
CUS_0x621,CUS_0x621_2023_11_01,0,2024-05-01
CUS_0x624b,CUS_0x624b_2023_11_01,1,2024-05-01
CUS_0x6273,CUS_0x6273_2023_11_01,0,2024-05-01
CUS_0x62d2,CUS_0x62d2_2023_11_01,0,2024-05-01
CUS_0x62e9,CUS_0x62e9_2023_11_01,1,2024-05-01
CUS_0x6324,CUS_0x6324_2023_11_01,0,2024-05-01
CUS_0x6325,CUS_0x6325_2023_11_01,1,2024-05-01
CUS_0x6331,CUS_0x6331_2023_11_01,0,2024-05-01
CUS_0x63db,CUS_0x63db_2023_11_01,0,2024-05-01
CUS_0x63dd,CUS_0x63dd_2023_11_01,1,2024-05-01
CUS_0x644,CUS_0x644_2023_11_01,0,2024-05-01
CUS_0x646,CUS_0x646_2023_11_01,1,2024-05-01
CUS_0x64ce,CUS_0x64ce_2023_11_01,0,2024-05-01
CUS_0x64d6,CUS_0x64d6_2023_11_01,1,2024-05-01
CUS_0x650f,CUS_0x650f_2023_11_01,0,2024-05-01
CUS_0x6540,CUS_0x6540_2023_11_01,0,2024-05-01
CUS_0x65a9,CUS_0x65a9_2023_11_01,0,2024-05-01
CUS_0x65d2,CUS_0x65d2_2023_11_01,0,2024-05-01
CUS_0x66bb,CUS_0x66bb_2023_11_01,0,2024-05-01
CUS_0x66d9,CUS_0x66d9_2023_11_01,1,2024-05-01
CUS_0x6714,CUS_0x6714_2023_11_01,0,2024-05-01
CUS_0x676b,CUS_0x676b_2023_11_01,1,2024-05-01
CUS_0x67b0,CUS_0x67b0_2023_11_01,0,2024-05-01
CUS_0x67c7,CUS_0x67c7_2023_11_01,1,2024-05-01
CUS_0x68a7,CUS_0x68a7_2023_11_01,1,2024-05-01
CUS_0x691c,CUS_0x691c_2023_11_01,0,2024-05-01
CUS_0x6972,CUS_0x6972_2023_11_01,0,2024-05-01
CUS_0x6992,CUS_0x6992_2023_11_01,0,2024-05-01
CUS_0x6a74,CUS_0x6a74_2023_11_01,0,2024-05-01
CUS_0x6acb,CUS_0x6acb_2023_11_01,1,2024-05-01
CUS_0x6ae5,CUS_0x6ae5_2023_11_01,1,2024-05-01
CUS_0x6b8,CUS_0x6b8_2023_11_01,0,2024-05-01
CUS_0x6be3,CUS_0x6be3_2023_11_01,0,2024-05-01
CUS_0x6c9e,CUS_0x6c9e_2023_11_01,1,2024-05-01
CUS_0x6d41,CUS_0x6d41_2023_11_01,1,2024-05-01
CUS_0x6dd6,CUS_0x6dd6_2023_11_01,0,2024-05-01
CUS_0x6e05,CUS_0x6e05_2023_11_01,0,2024-05-01
CUS_0x6e5d,CUS_0x6e5d_2023_11_01,1,2024-05-01
CUS_0x6ec9,CUS_0x6ec9_2023_11_01,1,2024-05-01
CUS_0x6eec,CUS_0x6eec_2023_11_01,0,2024-05-01
CUS_0x6eee,CUS_0x6eee_2023_11_01,0,2024-05-01
CUS_0x6f3e,CUS_0x6f3e_2023_11_01,1,2024-05-01
CUS_0x6fca,CUS_0x6fca_2023_11_01,0,2024-05-01
CUS_0x7007,CUS_0x7007_2023_11_01,1,2024-05-01
CUS_0x7045,CUS_0x7045_2023_11_01,0,2024-05-01
CUS_0x7071,CUS_0x7071_2023_11_01,1,2024-05-01
CUS_0x709d,CUS_0x709d_2023_11_01,1,2024-05-01
CUS_0x70c9,CUS_0x70c9_2023_11_01,0,2024-05-01
CUS_0x70e,CUS_0x70e_2023_11_01,0,2024-05-01
CUS_0x71dd,CUS_0x71dd_2023_11_01,0,2024-05-01
CUS_0x720a,CUS_0x720a_2023_11_01,1,2024-05-01
CUS_0x73e4,CUS_0x73e4_2023_11_01,0,2024-05-01
CUS_0x7409,CUS_0x7409_2023_11_01,0,2024-05-01
CUS_0x754e,CUS_0x754e_2023_11_01,1,2024-05-01
CUS_0x756f,CUS_0x756f_2023_11_01,0,2024-05-01
CUS_0x7595,CUS_0x7595_2023_11_01,0,2024-05-01
CUS_0x75aa,CUS_0x75aa_2023_11_01,1,2024-05-01
CUS_0x75b1,CUS_0x75b1_2023_11_01,0,2024-05-01
CUS_0x75c6,CUS_0x75c6_2023_11_01,0,2024-05-01
CUS_0x75ef,CUS_0x75ef_2023_11_01,0,2024-05-01
CUS_0x761f,CUS_0x761f_2023_11_01,1,2024-05-01
CUS_0x7623,CUS_0x7623_2023_11_01,0,2024-05-01
CUS_0x769a,CUS_0x769a_2023_11_01,0,2024-05-01
CUS_0x76c2,CUS_0x76c2_2023_11_01,0,2024-05-01
CUS_0x76c4,CUS_0x76c4_2023_11_01,0,2024-05-01
CUS_0x76fb,CUS_0x76fb_2023_11_01,0,2024-05-01
CUS_0x787b,CUS_0x787b_2023_11_01,1,2024-05-01
CUS_0x78eb,CUS_0x78eb_2023_11_01,0,2024-05-01
CUS_0x7953,CUS_0x7953_2023_11_01,1,2024-05-01
CUS_0x797a,CUS_0x797a_2023_11_01,0,2024-05-01
CUS_0x79d7,CUS_0x79d7_2023_11_01,1,2024-05-01
CUS_0x7a35,CUS_0x7a35_2023_11_01,1,2024-05-01
CUS_0x7aa9,CUS_0x7aa9_2023_11_01,0,2024-05-01
CUS_0x7aaa,CUS_0x7aaa_2023_11_01,0,2024-05-01
CUS_0x7b5,CUS_0x7b5_2023_11_01,1,2024-05-01
CUS_0x7b5a,CUS_0x7b5a_2023_11_01,0,2024-05-01
CUS_0x7bbb,CUS_0x7bbb_2023_11_01,0,2024-05-01
CUS_0x7bff,CUS_0x7bff_2023_11_01,1,2024-05-01
CUS_0x7cac,CUS_0x7cac_2023_11_01,1,2024-05-01
CUS_0x7d05,CUS_0x7d05_2023_11_01,0,2024-05-01
CUS_0x7d43,CUS_0x7d43_2023_11_01,0,2024-05-01
CUS_0x7d4b,CUS_0x7d4b_2023_11_01,1,2024-05-01
CUS_0x7e09,CUS_0x7e09_2023_11_01,1,2024-05-01
CUS_0x7e12,CUS_0x7e12_2023_11_01,0,2024-05-01
CUS_0x7edf,CUS_0x7edf_2023_11_01,1,2024-05-01
CUS_0x7eed,CUS_0x7eed_2023_11_01,0,2024-05-01
CUS_0x7fb0,CUS_0x7fb0_2023_11_01,0,2024-05-01
CUS_0x8090,CUS_0x8090_2023_11_01,0,2024-05-01
CUS_0x80b4,CUS_0x80b4_2023_11_01,1,2024-05-01
CUS_0x80ce,CUS_0x80ce_2023_11_01,0,2024-05-01
CUS_0x820c,CUS_0x820c_2023_11_01,0,2024-05-01
CUS_0x8281,CUS_0x8281_2023_11_01,1,2024-05-01
CUS_0x82a6,CUS_0x82a6_2023_11_01,1,2024-05-01
CUS_0x82bd,CUS_0x82bd_2023_11_01,0,2024-05-01
CUS_0x831d,CUS_0x831d_2023_11_01,0,2024-05-01
CUS_0x835,CUS_0x835_2023_11_01,0,2024-05-01
CUS_0x836e,CUS_0x836e_2023_11_01,0,2024-05-01
CUS_0x83ea,CUS_0x83ea_2023_11_01,0,2024-05-01
CUS_0x841f,CUS_0x841f_2023_11_01,0,2024-05-01
CUS_0x8448,CUS_0x8448_2023_11_01,0,2024-05-01
CUS_0x84b4,CUS_0x84b4_2023_11_01,0,2024-05-01
CUS_0x84cc,CUS_0x84cc_2023_11_01,0,2024-05-01
CUS_0x85be,CUS_0x85be_2023_11_01,0,2024-05-01
CUS_0x8672,CUS_0x8672_2023_11_01,1,2024-05-01
CUS_0x867a,CUS_0x867a_2023_11_01,0,2024-05-01
CUS_0x8763,CUS_0x8763_2023_11_01,1,2024-05-01
CUS_0x8771,CUS_0x8771_2023_11_01,0,2024-05-01
CUS_0x8773,CUS_0x8773_2023_11_01,0,2024-05-01
CUS_0x87be,CUS_0x87be_2023_11_01,1,2024-05-01
CUS_0x8907,CUS_0x8907_2023_11_01,0,2024-05-01
CUS_0x8962,CUS_0x8962_2023_11_01,0,2024-05-01
CUS_0x896f,CUS_0x896f_2023_11_01,1,2024-05-01
CUS_0x897f,CUS_0x897f_2023_11_01,0,2024-05-01
CUS_0x89e3,CUS_0x89e3_2023_11_01,0,2024-05-01
CUS_0x8a1,CUS_0x8a1_2023_11_01,1,2024-05-01
CUS_0x8a39,CUS_0x8a39_2023_11_01,0,2024-05-01
CUS_0x8a45,CUS_0x8a45_2023_11_01,1,2024-05-01
CUS_0x8a64,CUS_0x8a64_2023_11_01,1,2024-05-01
CUS_0x8ae5,CUS_0x8ae5_2023_11_01,0,2024-05-01
CUS_0x8b2c,CUS_0x8b2c_2023_11_01,1,2024-05-01
CUS_0x8b9a,CUS_0x8b9a_2023_11_01,0,2024-05-01
CUS_0x8bce,CUS_0x8bce_2023_11_01,0,2024-05-01
CUS_0x8c1d,CUS_0x8c1d_2023_11_01,1,2024-05-01
CUS_0x8d96,CUS_0x8d96_2023_11_01,1,2024-05-01
CUS_0x8e28,CUS_0x8e28_2023_11_01,0,2024-05-01
CUS_0x8e75,CUS_0x8e75_2023_11_01,1,2024-05-01
CUS_0x8e7d,CUS_0x8e7d_2023_11_01,0,2024-05-01
CUS_0x8e94,CUS_0x8e94_2023_11_01,0,2024-05-01
CUS_0x8f84,CUS_0x8f84_2023_11_01,0,2024-05-01
CUS_0x903b,CUS_0x903b_2023_11_01,0,2024-05-01
CUS_0x9073,CUS_0x9073_2023_11_01,0,2024-05-01
CUS_0x9079,CUS_0x9079_2023_11_01,0,2024-05-01
CUS_0x91ac,CUS_0x91ac_2023_11_01,1,2024-05-01
CUS_0x926b,CUS_0x926b_2023_11_01,0,2024-05-01
CUS_0x92f9,CUS_0x92f9_2023_11_01,0,2024-05-01
CUS_0x93d0,CUS_0x93d0_2023_11_01,0,2024-05-01
CUS_0x949,CUS_0x949_2023_11_01,0,2024-05-01
CUS_0x955b,CUS_0x955b_2023_11_01,0,2024-05-01
CUS_0x9574,CUS_0x9574_2023_11_01,1,2024-05-01
CUS_0x95ec,CUS_0x95ec_2023_11_01,0,2024-05-01
CUS_0x961b,CUS_0x961b_2023_11_01,0,2024-05-01
CUS_0x96b1,CUS_0x96b1_2023_11_01,0,2024-05-01
CUS_0x96c8,CUS_0x96c8_2023_11_01,1,2024-05-01
CUS_0x972f,CUS_0x972f_2023_11_01,0,2024-05-01
CUS_0x9737,CUS_0x9737_2023_11_01,0,2024-05-01
CUS_0x97a4,CUS_0x97a4_2023_11_01,1,2024-05-01
CUS_0x9891,CUS_0x9891_2023_11_01,0,2024-05-01
CUS_0x99a9,CUS_0x99a9_2023_11_01,0,2024-05-01
CUS_0x99ba,CUS_0x99ba_2023_11_01,0,2024-05-01
CUS_0x99bc,CUS_0x99bc_2023_11_01,1,2024-05-01
CUS_0x99ca,CUS_0x99ca_2023_11_01,0,2024-05-01
CUS_0x9ae,CUS_0x9ae_2023_11_01,1,2024-05-01
CUS_0x9b60,CUS_0x9b60_2023_11_01,0,2024-05-01
CUS_0x9bf4,CUS_0x9bf4_2023_11_01,0,2024-05-01
CUS_0x9bfa,CUS_0x9bfa_2023_11_01,0,2024-05-01
CUS_0x9c03,CUS_0x9c03_2023_11_01,1,2024-05-01
CUS_0x9c19,CUS_0x9c19_2023_11_01,1,2024-05-01
CUS_0x9c79,CUS_0x9c79_2023_11_01,0,2024-05-01
CUS_0x9cdb,CUS_0x9cdb_2023_11_01,0,2024-05-01
CUS_0x9d3,CUS_0x9d3_2023_11_01,0,2024-05-01
CUS_0x9dc2,CUS_0x9dc2_2023_11_01,0,2024-05-01
CUS_0x9e8d,CUS_0x9e8d_2023_11_01,0,2024-05-01
CUS_0x9ed1,CUS_0x9ed1_2023_11_01,0,2024-05-01
CUS_0x9f40,CUS_0x9f40_2023_11_01,0,2024-05-01
CUS_0x9f5,CUS_0x9f5_2023_11_01,0,2024-05-01
CUS_0x9f7a,CUS_0x9f7a_2023_11_01,0,2024-05-01
CUS_0xa058,CUS_0xa058_2023_11_01,1,2024-05-01
CUS_0xa1a0,CUS_0xa1a0_2023_11_01,0,2024-05-01
CUS_0xa219,CUS_0xa219_2023_11_01,0,2024-05-01
CUS_0xa250,CUS_0xa250_2023_11_01,0,2024-05-01
CUS_0xa30f,CUS_0xa30f_2023_11_01,1,2024-05-01
CUS_0xa31,CUS_0xa31_2023_11_01,0,2024-05-01
CUS_0xa352,CUS_0xa352_2023_11_01,1,2024-05-01
CUS_0xa3aa,CUS_0xa3aa_2023_11_01,0,2024-05-01
CUS_0xa49c,CUS_0xa49c_2023_11_01,0,2024-05-01
CUS_0xa4f3,CUS_0xa4f3_2023_11_01,1,2024-05-01
CUS_0xa509,CUS_0xa509_2023_11_01,0,2024-05-01
CUS_0xa587,CUS_0xa587_2023_11_01,1,2024-05-01
CUS_0xa618,CUS_0xa618_2023_11_01,0,2024-05-01
CUS_0xa65f,CUS_0xa65f_2023_11_01,0,2024-05-01
CUS_0xa672,CUS_0xa672_2023_11_01,0,2024-05-01
CUS_0xa67d,CUS_0xa67d_2023_11_01,0,2024-05-01
CUS_0xa6d1,CUS_0xa6d1_2023_11_01,0,2024-05-01
CUS_0xa729,CUS_0xa729_2023_11_01,1,2024-05-01
CUS_0xa788,CUS_0xa788_2023_11_01,1,2024-05-01
CUS_0xa7a3,CUS_0xa7a3_2023_11_01,1,2024-05-01
CUS_0xa7ae,CUS_0xa7ae_2023_11_01,0,2024-05-01
CUS_0xa7be,CUS_0xa7be_2023_11_01,0,2024-05-01
CUS_0xa7d4,CUS_0xa7d4_2023_11_01,1,2024-05-01
CUS_0xa7e9,CUS_0xa7e9_2023_11_01,0,2024-05-01
CUS_0xa872,CUS_0xa872_2023_11_01,0,2024-05-01
CUS_0xa90,CUS_0xa90_2023_11_01,0,2024-05-01
CUS_0xa94f,CUS_0xa94f_2023_11_01,0,2024-05-01
CUS_0xa98a,CUS_0xa98a_2023_11_01,0,2024-05-01
CUS_0xa9ad,CUS_0xa9ad_2023_11_01,0,2024-05-01
CUS_0xaa5a,CUS_0xaa5a_2023_11_01,0,2024-05-01
CUS_0xabaf,CUS_0xabaf_2023_11_01,0,2024-05-01
CUS_0xabd,CUS_0xabd_2023_11_01,0,2024-05-01
CUS_0xac1,CUS_0xac1_2023_11_01,0,2024-05-01
CUS_0xac5a,CUS_0xac5a_2023_11_01,0,2024-05-01
CUS_0xace2,CUS_0xace2_2023_11_01,0,2024-05-01
CUS_0xad3c,CUS_0xad3c_2023_11_01,0,2024-05-01
CUS_0xae17,CUS_0xae17_2023_11_01,0,2024-05-01
CUS_0xaf18,CUS_0xaf18_2023_11_01,1,2024-05-01
CUS_0xaf3,CUS_0xaf3_2023_11_01,0,2024-05-01
CUS_0xafb,CUS_0xafb_2023_11_01,0,2024-05-01
CUS_0xaff8,CUS_0xaff8_2023_11_01,0,2024-05-01
CUS_0xb096,CUS_0xb096_2023_11_01,0,2024-05-01
CUS_0xb102,CUS_0xb102_2023_11_01,0,2024-05-01
CUS_0xb132,CUS_0xb132_2023_11_01,1,2024-05-01
CUS_0xb17a,CUS_0xb17a_2023_11_01,0,2024-05-01
CUS_0xb18d,CUS_0xb18d_2023_11_01,0,2024-05-01
CUS_0xb19c,CUS_0xb19c_2023_11_01,0,2024-05-01
CUS_0xb24c,CUS_0xb24c_2023_11_01,1,2024-05-01
CUS_0xb2d3,CUS_0xb2d3_2023_11_01,1,2024-05-01
CUS_0xb329,CUS_0xb329_2023_11_01,0,2024-05-01
CUS_0xb38b,CUS_0xb38b_2023_11_01,0,2024-05-01
CUS_0xb3bd,CUS_0xb3bd_2023_11_01,0,2024-05-01
CUS_0xb482,CUS_0xb482_2023_11_01,0,2024-05-01
CUS_0xb49,CUS_0xb49_2023_11_01,0,2024-05-01
CUS_0xb4c5,CUS_0xb4c5_2023_11_01,0,2024-05-01
CUS_0xb4d6,CUS_0xb4d6_2023_11_01,0,2024-05-01
CUS_0xb5f3,CUS_0xb5f3_2023_11_01,1,2024-05-01
CUS_0xb6dd,CUS_0xb6dd_2023_11_01,1,2024-05-01
CUS_0xb734,CUS_0xb734_2023_11_01,0,2024-05-01
CUS_0xb743,CUS_0xb743_2023_11_01,0,2024-05-01
CUS_0xb761,CUS_0xb761_2023_11_01,0,2024-05-01
CUS_0xb78e,CUS_0xb78e_2023_11_01,1,2024-05-01
CUS_0xb7eb,CUS_0xb7eb_2023_11_01,0,2024-05-01
CUS_0xb811,CUS_0xb811_2023_11_01,0,2024-05-01
CUS_0xb828,CUS_0xb828_2023_11_01,1,2024-05-01
CUS_0xb85c,CUS_0xb85c_2023_11_01,1,2024-05-01
CUS_0xb873,CUS_0xb873_2023_11_01,1,2024-05-01
CUS_0xb8a7,CUS_0xb8a7_2023_11_01,0,2024-05-01
CUS_0xb928,CUS_0xb928_2023_11_01,0,2024-05-01
CUS_0xb970,CUS_0xb970_2023_11_01,0,2024-05-01
CUS_0xb9bd,CUS_0xb9bd_2023_11_01,0,2024-05-01
CUS_0xb9c7,CUS_0xb9c7_2023_11_01,1,2024-05-01
CUS_0xb9d,CUS_0xb9d_2023_11_01,0,2024-05-01
CUS_0xb9d5,CUS_0xb9d5_2023_11_01,0,2024-05-01
CUS_0xb9d8,CUS_0xb9d8_2023_11_01,0,2024-05-01
CUS_0xba18,CUS_0xba18_2023_11_01,0,2024-05-01
CUS_0xba1c,CUS_0xba1c_2023_11_01,1,2024-05-01
CUS_0xbab8,CUS_0xbab8_2023_11_01,1,2024-05-01
CUS_0xbb23,CUS_0xbb23_2023_11_01,1,2024-05-01
CUS_0xbc88,CUS_0xbc88_2023_11_01,0,2024-05-01
CUS_0xbcfa,CUS_0xbcfa_2023_11_01,1,2024-05-01
CUS_0xbdfe,CUS_0xbdfe_2023_11_01,0,2024-05-01
CUS_0xbe32,CUS_0xbe32_2023_11_01,0,2024-05-01
CUS_0xbe6f,CUS_0xbe6f_2023_11_01,1,2024-05-01
CUS_0xbedd,CUS_0xbedd_2023_11_01,0,2024-05-01
CUS_0xbef3,CUS_0xbef3_2023_11_01,0,2024-05-01
CUS_0xbefe,CUS_0xbefe_2023_11_01,1,2024-05-01
CUS_0xbf0b,CUS_0xbf0b_2023_11_01,0,2024-05-01
CUS_0xc01a,CUS_0xc01a_2023_11_01,0,2024-05-01
CUS_0xc03f,CUS_0xc03f_2023_11_01,0,2024-05-01
CUS_0xc0f8,CUS_0xc0f8_2023_11_01,0,2024-05-01
CUS_0xc106,CUS_0xc106_2023_11_01,0,2024-05-01
CUS_0xc216,CUS_0xc216_2023_11_01,1,2024-05-01
CUS_0xc23d,CUS_0xc23d_2023_11_01,0,2024-05-01
CUS_0xc2a4,CUS_0xc2a4_2023_11_01,0,2024-05-01
CUS_0xc3ae,CUS_0xc3ae_2023_11_01,0,2024-05-01
CUS_0xc3cf,CUS_0xc3cf_2023_11_01,0,2024-05-01
CUS_0xc4ad,CUS_0xc4ad_2023_11_01,1,2024-05-01
CUS_0xc4f5,CUS_0xc4f5_2023_11_01,1,2024-05-01
CUS_0xc594,CUS_0xc594_2023_11_01,0,2024-05-01
CUS_0xc5a3,CUS_0xc5a3_2023_11_01,0,2024-05-01
CUS_0xc669,CUS_0xc669_2023_11_01,0,2024-05-01
CUS_0xc727,CUS_0xc727_2023_11_01,1,2024-05-01
CUS_0xc74,CUS_0xc74_2023_11_01,0,2024-05-01
CUS_0xd40,CUS_0xd40_2023_11_01,0,2024-05-01
CUS_0xddf,CUS_0xddf_2023_11_01,0,2024-05-01
CUS_0xe10,CUS_0xe10_2023_11_01,0,2024-05-01
CUS_0xe57,CUS_0xe57_2023_11_01,1,2024-05-01
CUS_0xeda,CUS_0xeda_2023_11_01,1,2024-05-01
CUS_0xf19,CUS_0xf19_2023_11_01,0,2024-05-01
CUS_0xf3e,CUS_0xf3e_2023_11_01,1,2024-05-01
CUS_0xf50,CUS_0xf50_2023_11_01,0,2024-05-01
CUS_0x5029,CUS_0x5029_2023_06_01,0,2023-12-01
CUS_0x51c,CUS_0x51c_2023_06_01,0,2023-12-01
CUS_0x51e5,CUS_0x51e5_2023_06_01,1,2023-12-01
CUS_0x5215,CUS_0x5215_2023_06_01,0,2023-12-01
CUS_0x5275,CUS_0x5275_2023_06_01,1,2023-12-01
CUS_0x529b,CUS_0x529b_2023_06_01,1,2023-12-01
CUS_0x52b7,CUS_0x52b7_2023_06_01,1,2023-12-01
CUS_0x53fa,CUS_0x53fa_2023_06_01,0,2023-12-01
CUS_0x54d6,CUS_0x54d6_2023_06_01,0,2023-12-01
CUS_0x55f4,CUS_0x55f4_2023_06_01,0,2023-12-01
CUS_0x567b,CUS_0x567b_2023_06_01,0,2023-12-01
CUS_0x5707,CUS_0x5707_2023_06_01,0,2023-12-01
CUS_0x5929,CUS_0x5929_2023_06_01,0,2023-12-01
CUS_0x598f,CUS_0x598f_2023_06_01,0,2023-12-01
CUS_0x59a1,CUS_0x59a1_2023_06_01,1,2023-12-01
CUS_0x59a2,CUS_0x59a2_2023_06_01,0,2023-12-01
CUS_0x5a77,CUS_0x5a77_2023_06_01,1,2023-12-01
CUS_0x5ae1,CUS_0x5ae1_2023_06_01,1,2023-12-01
CUS_0x5b92,CUS_0x5b92_2023_06_01,0,2023-12-01
CUS_0x5c2,CUS_0x5c2_2023_06_01,0,2023-12-01
CUS_0x5c3c,CUS_0x5c3c_2023_06_01,0,2023-12-01
CUS_0x5c3f,CUS_0x5c3f_2023_06_01,0,2023-12-01
CUS_0x5c7a,CUS_0x5c7a_2023_06_01,1,2023-12-01
CUS_0x5ca1,CUS_0x5ca1_2023_06_01,0,2023-12-01
CUS_0x5cc0,CUS_0x5cc0_2023_06_01,1,2023-12-01
CUS_0x5cdb,CUS_0x5cdb_2023_06_01,0,2023-12-01
CUS_0x5d0b,CUS_0x5d0b_2023_06_01,1,2023-12-01
CUS_0x5d50,CUS_0x5d50_2023_06_01,0,2023-12-01
CUS_0x5de6,CUS_0x5de6_2023_06_01,0,2023-12-01
CUS_0x5e3d,CUS_0x5e3d_2023_06_01,0,2023-12-01
CUS_0x5e56,CUS_0x5e56_2023_06_01,0,2023-12-01
CUS_0x5e96,CUS_0x5e96_2023_06_01,1,2023-12-01
CUS_0x5ece,CUS_0x5ece_2023_06_01,0,2023-12-01
CUS_0x5ecf,CUS_0x5ecf_2023_06_01,1,2023-12-01
CUS_0x603a,CUS_0x603a_2023_06_01,0,2023-12-01
CUS_0x60e8,CUS_0x60e8_2023_06_01,0,2023-12-01
CUS_0x61e4,CUS_0x61e4_2023_06_01,0,2023-12-01
CUS_0x62be,CUS_0x62be_2023_06_01,0,2023-12-01
CUS_0x62e4,CUS_0x62e4_2023_06_01,0,2023-12-01
CUS_0x632c,CUS_0x632c_2023_06_01,0,2023-12-01
CUS_0x6440,CUS_0x6440_2023_06_01,0,2023-12-01
CUS_0x644e,CUS_0x644e_2023_06_01,0,2023-12-01
CUS_0x649d,CUS_0x649d_2023_06_01,0,2023-12-01
CUS_0x64c8,CUS_0x64c8_2023_06_01,0,2023-12-01
CUS_0x6514,CUS_0x6514_2023_06_01,0,2023-12-01
CUS_0x6549,CUS_0x6549_2023_06_01,0,2023-12-01
CUS_0x663b,CUS_0x663b_2023_06_01,0,2023-12-01
CUS_0x663e,CUS_0x663e_2023_06_01,0,2023-12-01
CUS_0x6733,CUS_0x6733_2023_06_01,0,2023-12-01
CUS_0x67eb,CUS_0x67eb_2023_06_01,1,2023-12-01
CUS_0x689e,CUS_0x689e_2023_06_01,1,2023-12-01
CUS_0x68b5,CUS_0x68b5_2023_06_01,0,2023-12-01
CUS_0x68cb,CUS_0x68cb_2023_06_01,0,2023-12-01
CUS_0x68cf,CUS_0x68cf_2023_06_01,1,2023-12-01
CUS_0x68ee,CUS_0x68ee_2023_06_01,0,2023-12-01
CUS_0x6902,CUS_0x6902_2023_06_01,1,2023-12-01
CUS_0x6968,CUS_0x6968_2023_06_01,0,2023-12-01
CUS_0x6983,CUS_0x6983_2023_06_01,1,2023-12-01
CUS_0x69b1,CUS_0x69b1_2023_06_01,0,2023-12-01
CUS_0x69d9,CUS_0x69d9_2023_06_01,0,2023-12-01
CUS_0x69f3,CUS_0x69f3_2023_06_01,0,2023-12-01
CUS_0x6ad2,CUS_0x6ad2_2023_06_01,0,2023-12-01
CUS_0x6b24,CUS_0x6b24_2023_06_01,1,2023-12-01
CUS_0x6b50,CUS_0x6b50_2023_06_01,1,2023-12-01
CUS_0x6b5f,CUS_0x6b5f_2023_06_01,1,2023-12-01
CUS_0x6bb5,CUS_0x6bb5_2023_06_01,0,2023-12-01
CUS_0x6c0f,CUS_0x6c0f_2023_06_01,0,2023-12-01
CUS_0x6c4c,CUS_0x6c4c_2023_06_01,0,2023-12-01
CUS_0x6c85,CUS_0x6c85_2023_06_01,0,2023-12-01
CUS_0x6c8b,CUS_0x6c8b_2023_06_01,0,2023-12-01
CUS_0x6c95,CUS_0x6c95_2023_06_01,0,2023-12-01
CUS_0x6c9d,CUS_0x6c9d_2023_06_01,0,2023-12-01
CUS_0x6cc,CUS_0x6cc_2023_06_01,0,2023-12-01
CUS_0x6d15,CUS_0x6d15_2023_06_01,0,2023-12-01
CUS_0x6d28,CUS_0x6d28_2023_06_01,0,2023-12-01
CUS_0x6daf,CUS_0x6daf_2023_06_01,0,2023-12-01
CUS_0x6dc9,CUS_0x6dc9_2023_06_01,0,2023-12-01
CUS_0x6dcf,CUS_0x6dcf_2023_06_01,0,2023-12-01
CUS_0x6e58,CUS_0x6e58_2023_06_01,0,2023-12-01
CUS_0x6fd5,CUS_0x6fd5_2023_06_01,1,2023-12-01
CUS_0x6fff,CUS_0x6fff_2023_06_01,0,2023-12-01
CUS_0x7051,CUS_0x7051_2023_06_01,0,2023-12-01
CUS_0x70b,CUS_0x70b_2023_06_01,0,2023-12-01
CUS_0x70bd,CUS_0x70bd_2023_06_01,1,2023-12-01
CUS_0x70d5,CUS_0x70d5_2023_06_01,0,2023-12-01
CUS_0x70d6,CUS_0x70d6_2023_06_01,0,2023-12-01
CUS_0x718a,CUS_0x718a_2023_06_01,1,2023-12-01
CUS_0x721,CUS_0x721_2023_06_01,1,2023-12-01
CUS_0x7223,CUS_0x7223_2023_06_01,0,2023-12-01
CUS_0x7238,CUS_0x7238_2023_06_01,0,2023-12-01
CUS_0x725e,CUS_0x725e_2023_06_01,1,2023-12-01
CUS_0x72c1,CUS_0x72c1_2023_06_01,0,2023-12-01
CUS_0x73d9,CUS_0x73d9_2023_06_01,1,2023-12-01
CUS_0x73f9,CUS_0x73f9_2023_06_01,0,2023-12-01
CUS_0x748d,CUS_0x748d_2023_06_01,0,2023-12-01
CUS_0x74e7,CUS_0x74e7_2023_06_01,0,2023-12-01
CUS_0x74f7,CUS_0x74f7_2023_06_01,0,2023-12-01
CUS_0x7528,CUS_0x7528_2023_06_01,0,2023-12-01
CUS_0x755b,CUS_0x755b_2023_06_01,0,2023-12-01
CUS_0x75ce,CUS_0x75ce_2023_06_01,1,2023-12-01
CUS_0x75f0,CUS_0x75f0_2023_06_01,0,2023-12-01
CUS_0x7633,CUS_0x7633_2023_06_01,1,2023-12-01
CUS_0x7651,CUS_0x7651_2023_06_01,1,2023-12-01
CUS_0x7693,CUS_0x7693_2023_06_01,1,2023-12-01
CUS_0x76d4,CUS_0x76d4_2023_06_01,0,2023-12-01
CUS_0x76dc,CUS_0x76dc_2023_06_01,0,2023-12-01
CUS_0x76e7,CUS_0x76e7_2023_06_01,1,2023-12-01
CUS_0x77ca,CUS_0x77ca_2023_06_01,0,2023-12-01
CUS_0x783f,CUS_0x783f_2023_06_01,1,2023-12-01
CUS_0x7843,CUS_0x7843_2023_06_01,0,2023-12-01
CUS_0x789,CUS_0x789_2023_06_01,0,2023-12-01
CUS_0x7899,CUS_0x7899_2023_06_01,1,2023-12-01
CUS_0x7900,CUS_0x7900_2023_06_01,1,2023-12-01
CUS_0x7963,CUS_0x7963_2023_06_01,0,2023-12-01
CUS_0x79c1,CUS_0x79c1_2023_06_01,1,2023-12-01
CUS_0x7a73,CUS_0x7a73_2023_06_01,1,2023-12-01
CUS_0x7a79,CUS_0x7a79_2023_06_01,0,2023-12-01
CUS_0x7ad7,CUS_0x7ad7_2023_06_01,0,2023-12-01
CUS_0x7b27,CUS_0x7b27_2023_06_01,0,2023-12-01
CUS_0x7b66,CUS_0x7b66_2023_06_01,1,2023-12-01
CUS_0x7bb2,CUS_0x7bb2_2023_06_01,1,2023-12-01
CUS_0x7bf8,CUS_0x7bf8_2023_06_01,0,2023-12-01
CUS_0x7c21,CUS_0x7c21_2023_06_01,1,2023-12-01
CUS_0x7cf1,CUS_0x7cf1_2023_06_01,0,2023-12-01
CUS_0x7e24,CUS_0x7e24_2023_06_01,0,2023-12-01
CUS_0x7e3a,CUS_0x7e3a_2023_06_01,0,2023-12-01
CUS_0x7e62,CUS_0x7e62_2023_06_01,1,2023-12-01
CUS_0x7e63,CUS_0x7e63_2023_06_01,0,2023-12-01
CUS_0x7e9a,CUS_0x7e9a_2023_06_01,0,2023-12-01
CUS_0x7f46,CUS_0x7f46_2023_06_01,0,2023-12-01
CUS_0x7fe9,CUS_0x7fe9_2023_06_01,1,2023-12-01
CUS_0x8059,CUS_0x8059_2023_06_01,1,2023-12-01
CUS_0x81f2,CUS_0x81f2_2023_06_01,0,2023-12-01
CUS_0x8275,CUS_0x8275_2023_06_01,1,2023-12-01
CUS_0x828b,CUS_0x828b_2023_06_01,0,2023-12-01
CUS_0x8316,CUS_0x8316_2023_06_01,0,2023-12-01
CUS_0x8399,CUS_0x8399_2023_06_01,0,2023-12-01
CUS_0x83e,CUS_0x83e_2023_06_01,0,2023-12-01
CUS_0x84a9,CUS_0x84a9_2023_06_01,0,2023-12-01
CUS_0x84e7,CUS_0x84e7_2023_06_01,0,2023-12-01
CUS_0x85f1,CUS_0x85f1_2023_06_01,0,2023-12-01
CUS_0x85f4,CUS_0x85f4_2023_06_01,1,2023-12-01
CUS_0x8643,CUS_0x8643_2023_06_01,1,2023-12-01
CUS_0x864c,CUS_0x864c_2023_06_01,0,2023-12-01
CUS_0x869b,CUS_0x869b_2023_06_01,1,2023-12-01
CUS_0x86c5,CUS_0x86c5_2023_06_01,0,2023-12-01
CUS_0x86da,CUS_0x86da_2023_06_01,1,2023-12-01
CUS_0x86fe,CUS_0x86fe_2023_06_01,0,2023-12-01
CUS_0x8715,CUS_0x8715_2023_06_01,0,2023-12-01
CUS_0x8749,CUS_0x8749_2023_06_01,0,2023-12-01
CUS_0x87e7,CUS_0x87e7_2023_06_01,1,2023-12-01
CUS_0x87fe,CUS_0x87fe_2023_06_01,0,2023-12-01
CUS_0x8812,CUS_0x8812_2023_06_01,1,2023-12-01
CUS_0x881e,CUS_0x881e_2023_06_01,1,2023-12-01
CUS_0x884,CUS_0x884_2023_06_01,0,2023-12-01
CUS_0x88a,CUS_0x88a_2023_06_01,0,2023-12-01
CUS_0x8945,CUS_0x8945_2023_06_01,1,2023-12-01
CUS_0x8a4b,CUS_0x8a4b_2023_06_01,0,2023-12-01
CUS_0x8ae0,CUS_0x8ae0_2023_06_01,1,2023-12-01
CUS_0x8af4,CUS_0x8af4_2023_06_01,1,2023-12-01
CUS_0x8b0c,CUS_0x8b0c_2023_06_01,1,2023-12-01
CUS_0x8b6f,CUS_0x8b6f_2023_06_01,0,2023-12-01
CUS_0x8b8e,CUS_0x8b8e_2023_06_01,0,2023-12-01
CUS_0x8b99,CUS_0x8b99_2023_06_01,0,2023-12-01
CUS_0x8c1,CUS_0x8c1_2023_06_01,0,2023-12-01
CUS_0x8c52,CUS_0x8c52_2023_06_01,0,2023-12-01
CUS_0x8cc1,CUS_0x8cc1_2023_06_01,1,2023-12-01
CUS_0x8cff,CUS_0x8cff_2023_06_01,1,2023-12-01
CUS_0x1013,CUS_0x1013_2023_12_01,0,2024-06-01
CUS_0x104a,CUS_0x104a_2023_12_01,0,2024-06-01
CUS_0x1063,CUS_0x1063_2023_12_01,0,2024-06-01
CUS_0x10d7,CUS_0x10d7_2023_12_01,1,2024-06-01
CUS_0x10fd,CUS_0x10fd_2023_12_01,1,2024-06-01
CUS_0x1139,CUS_0x1139_2023_12_01,0,2024-06-01
CUS_0x1207,CUS_0x1207_2023_12_01,1,2024-06-01
CUS_0x1250,CUS_0x1250_2023_12_01,0,2024-06-01
CUS_0x12f2,CUS_0x12f2_2023_12_01,1,2024-06-01
CUS_0x1348,CUS_0x1348_2023_12_01,0,2024-06-01
CUS_0x1355,CUS_0x1355_2023_12_01,1,2024-06-01
CUS_0x138b,CUS_0x138b_2023_12_01,1,2024-06-01
CUS_0x13db,CUS_0x13db_2023_12_01,0,2024-06-01
CUS_0x13e3,CUS_0x13e3_2023_12_01,0,2024-06-01
CUS_0x1439,CUS_0x1439_2023_12_01,0,2024-06-01
CUS_0x1441,CUS_0x1441_2023_12_01,0,2024-06-01
CUS_0x1488,CUS_0x1488_2023_12_01,0,2024-06-01
CUS_0x14d3,CUS_0x14d3_2023_12_01,0,2024-06-01
CUS_0x16a6,CUS_0x16a6_2023_12_01,0,2024-06-01
CUS_0x17d3,CUS_0x17d3_2023_12_01,1,2024-06-01
CUS_0x187e,CUS_0x187e_2023_12_01,1,2024-06-01
CUS_0x189e,CUS_0x189e_2023_12_01,0,2024-06-01
CUS_0x1915,CUS_0x1915_2023_12_01,0,2024-06-01
CUS_0x1916,CUS_0x1916_2023_12_01,0,2024-06-01
CUS_0x1956,CUS_0x1956_2023_12_01,0,2024-06-01
CUS_0x1971,CUS_0x1971_2023_12_01,0,2024-06-01
CUS_0x1a4d,CUS_0x1a4d_2023_12_01,0,2024-06-01
CUS_0x1a59,CUS_0x1a59_2023_12_01,0,2024-06-01
CUS_0x1af1,CUS_0x1af1_2023_12_01,1,2024-06-01
CUS_0x1b29,CUS_0x1b29_2023_12_01,0,2024-06-01
CUS_0x1cab,CUS_0x1cab_2023_12_01,1,2024-06-01
CUS_0x1cee,CUS_0x1cee_2023_12_01,0,2024-06-01
CUS_0x1cfd,CUS_0x1cfd_2023_12_01,0,2024-06-01
CUS_0x1dda,CUS_0x1dda_2023_12_01,0,2024-06-01
CUS_0x1de5,CUS_0x1de5_2023_12_01,1,2024-06-01
CUS_0x1e3e,CUS_0x1e3e_2023_12_01,0,2024-06-01
CUS_0x1e87,CUS_0x1e87_2023_12_01,0,2024-06-01
CUS_0x1e8c,CUS_0x1e8c_2023_12_01,1,2024-06-01
CUS_0x1e9c,CUS_0x1e9c_2023_12_01,0,2024-06-01
CUS_0x1ed3,CUS_0x1ed3_2023_12_01,0,2024-06-01
CUS_0x1f88,CUS_0x1f88_2023_12_01,0,2024-06-01
CUS_0x1fae,CUS_0x1fae_2023_12_01,0,2024-06-01
CUS_0x1ffb,CUS_0x1ffb_2023_12_01,1,2024-06-01
CUS_0x2000,CUS_0x2000_2023_12_01,1,2024-06-01
CUS_0x20f8,CUS_0x20f8_2023_12_01,0,2024-06-01
CUS_0x2142,CUS_0x2142_2023_12_01,0,2024-06-01
CUS_0x219b,CUS_0x219b_2023_12_01,1,2024-06-01
CUS_0x21ce,CUS_0x21ce_2023_12_01,0,2024-06-01
CUS_0x21f9,CUS_0x21f9_2023_12_01,0,2024-06-01
CUS_0x2314,CUS_0x2314_2023_12_01,0,2024-06-01
CUS_0x2378,CUS_0x2378_2023_12_01,1,2024-06-01
CUS_0x2390,CUS_0x2390_2023_12_01,0,2024-06-01
CUS_0x242a,CUS_0x242a_2023_12_01,0,2024-06-01
CUS_0x2451,CUS_0x2451_2023_12_01,1,2024-06-01
CUS_0x24f9,CUS_0x24f9_2023_12_01,0,2024-06-01
CUS_0x2526,CUS_0x2526_2023_12_01,0,2024-06-01
CUS_0x2541,CUS_0x2541_2023_12_01,0,2024-06-01
CUS_0x257e,CUS_0x257e_2023_12_01,0,2024-06-01
CUS_0x25c0,CUS_0x25c0_2023_12_01,1,2024-06-01
CUS_0x25fd,CUS_0x25fd_2023_12_01,0,2024-06-01
CUS_0x261d,CUS_0x261d_2023_12_01,0,2024-06-01
CUS_0x2659,CUS_0x2659_2023_12_01,1,2024-06-01
CUS_0x269d,CUS_0x269d_2023_12_01,0,2024-06-01
CUS_0x26a5,CUS_0x26a5_2023_12_01,0,2024-06-01
CUS_0x26c6,CUS_0x26c6_2023_12_01,1,2024-06-01
CUS_0x279c,CUS_0x279c_2023_12_01,0,2024-06-01
CUS_0x27e2,CUS_0x27e2_2023_12_01,1,2024-06-01
CUS_0x286a,CUS_0x286a_2023_12_01,0,2024-06-01
CUS_0x2878,CUS_0x2878_2023_12_01,0,2024-06-01
CUS_0x28de,CUS_0x28de_2023_12_01,1,2024-06-01
CUS_0x28ec,CUS_0x28ec_2023_12_01,1,2024-06-01
CUS_0x29cd,CUS_0x29cd_2023_12_01,0,2024-06-01
CUS_0x2a47,CUS_0x2a47_2023_12_01,0,2024-06-01
CUS_0x2a5c,CUS_0x2a5c_2023_12_01,0,2024-06-01
CUS_0x2ad5,CUS_0x2ad5_2023_12_01,0,2024-06-01
CUS_0x2b5d,CUS_0x2b5d_2023_12_01,1,2024-06-01
CUS_0x2b99,CUS_0x2b99_2023_12_01,1,2024-06-01
CUS_0x2b9f,CUS_0x2b9f_2023_12_01,1,2024-06-01
CUS_0x2c2d,CUS_0x2c2d_2023_12_01,0,2024-06-01
CUS_0x2c34,CUS_0x2c34_2023_12_01,0,2024-06-01
CUS_0x2c55,CUS_0x2c55_2023_12_01,0,2024-06-01
CUS_0x2cab,CUS_0x2cab_2023_12_01,1,2024-06-01
CUS_0x2ce9,CUS_0x2ce9_2023_12_01,0,2024-06-01
CUS_0x2d27,CUS_0x2d27_2023_12_01,0,2024-06-01
CUS_0x2da4,CUS_0x2da4_2023_12_01,0,2024-06-01
CUS_0x2dc9,CUS_0x2dc9_2023_12_01,0,2024-06-01
CUS_0x2ddd,CUS_0x2ddd_2023_12_01,0,2024-06-01
CUS_0x2e7f,CUS_0x2e7f_2023_12_01,0,2024-06-01
CUS_0x2e90,CUS_0x2e90_2023_12_01,0,2024-06-01
CUS_0x2ef8,CUS_0x2ef8_2023_12_01,0,2024-06-01
CUS_0x2f02,CUS_0x2f02_2023_12_01,0,2024-06-01
CUS_0x2f08,CUS_0x2f08_2023_12_01,0,2024-06-01
CUS_0x2f56,CUS_0x2f56_2023_12_01,0,2024-06-01
CUS_0x3048,CUS_0x3048_2023_12_01,1,2024-06-01
CUS_0x30ae,CUS_0x30ae_2023_12_01,1,2024-06-01
CUS_0x3117,CUS_0x3117_2023_12_01,1,2024-06-01
CUS_0x311a,CUS_0x311a_2023_12_01,0,2024-06-01
CUS_0x320f,CUS_0x320f_2023_12_01,0,2024-06-01
CUS_0x33d6,CUS_0x33d6_2023_12_01,0,2024-06-01
CUS_0x3404,CUS_0x3404_2023_12_01,0,2024-06-01
CUS_0x3513,CUS_0x3513_2023_12_01,1,2024-06-01
CUS_0x368f,CUS_0x368f_2023_12_01,0,2024-06-01
CUS_0x36a0,CUS_0x36a0_2023_12_01,0,2024-06-01
CUS_0x3720,CUS_0x3720_2023_12_01,1,2024-06-01
CUS_0x3763,CUS_0x3763_2023_12_01,0,2024-06-01
CUS_0x3767,CUS_0x3767_2023_12_01,0,2024-06-01
CUS_0x3793,CUS_0x3793_2023_12_01,0,2024-06-01
CUS_0x3870,CUS_0x3870_2023_12_01,1,2024-06-01
CUS_0x390d,CUS_0x390d_2023_12_01,0,2024-06-01
CUS_0x3948,CUS_0x3948_2023_12_01,0,2024-06-01
CUS_0x3a94,CUS_0x3a94_2023_12_01,0,2024-06-01
CUS_0x3abe,CUS_0x3abe_2023_12_01,1,2024-06-01
CUS_0x3ae1,CUS_0x3ae1_2023_12_01,1,2024-06-01
CUS_0x3b7e,CUS_0x3b7e_2023_12_01,0,2024-06-01
CUS_0x3b85,CUS_0x3b85_2023_12_01,0,2024-06-01
CUS_0x3baf,CUS_0x3baf_2023_12_01,0,2024-06-01
CUS_0x3bf3,CUS_0x3bf3_2023_12_01,0,2024-06-01
CUS_0x3c72,CUS_0x3c72_2023_12_01,0,2024-06-01
CUS_0x3cb1,CUS_0x3cb1_2023_12_01,0,2024-06-01
CUS_0x3d82,CUS_0x3d82_2023_12_01,0,2024-06-01
CUS_0x3dc3,CUS_0x3dc3_2023_12_01,0,2024-06-01
CUS_0x3e32,CUS_0x3e32_2023_12_01,0,2024-06-01
CUS_0x3e40,CUS_0x3e40_2023_12_01,0,2024-06-01
CUS_0x3e8c,CUS_0x3e8c_2023_12_01,0,2024-06-01
CUS_0x3ec1,CUS_0x3ec1_2023_12_01,0,2024-06-01
CUS_0x3ee,CUS_0x3ee_2023_12_01,1,2024-06-01
CUS_0x3f35,CUS_0x3f35_2023_12_01,0,2024-06-01
CUS_0x3f85,CUS_0x3f85_2023_12_01,0,2024-06-01
CUS_0x3fce,CUS_0x3fce_2023_12_01,0,2024-06-01
CUS_0x3ff9,CUS_0x3ff9_2023_12_01,0,2024-06-01
CUS_0x4036,CUS_0x4036_2023_12_01,0,2024-06-01
CUS_0x409e,CUS_0x409e_2023_12_01,0,2024-06-01
CUS_0x40f,CUS_0x40f_2023_12_01,0,2024-06-01
CUS_0x40f9,CUS_0x40f9_2023_12_01,0,2024-06-01
CUS_0x41f4,CUS_0x41f4_2023_12_01,1,2024-06-01
CUS_0x4206,CUS_0x4206_2023_12_01,1,2024-06-01
CUS_0x42fb,CUS_0x42fb_2023_12_01,0,2024-06-01
CUS_0x43a3,CUS_0x43a3_2023_12_01,1,2024-06-01
CUS_0x43d0,CUS_0x43d0_2023_12_01,1,2024-06-01
CUS_0x43d1,CUS_0x43d1_2023_12_01,0,2024-06-01
CUS_0x446f,CUS_0x446f_2023_12_01,0,2024-06-01
CUS_0x4475,CUS_0x4475_2023_12_01,1,2024-06-01
CUS_0x44cb,CUS_0x44cb_2023_12_01,0,2024-06-01
CUS_0x456f,CUS_0x456f_2023_12_01,1,2024-06-01
CUS_0x45cb,CUS_0x45cb_2023_12_01,1,2024-06-01
CUS_0x467f,CUS_0x467f_2023_12_01,1,2024-06-01
CUS_0x46d,CUS_0x46d_2023_12_01,0,2024-06-01
CUS_0x46d5,CUS_0x46d5_2023_12_01,0,2024-06-01
CUS_0x46e8,CUS_0x46e8_2023_12_01,0,2024-06-01
CUS_0x4728,CUS_0x4728_2023_12_01,1,2024-06-01
CUS_0x47da,CUS_0x47da_2023_12_01,1,2024-06-01
CUS_0x4892,CUS_0x4892_2023_12_01,0,2024-06-01
CUS_0x4948,CUS_0x4948_2023_12_01,0,2024-06-01
CUS_0x496e,CUS_0x496e_2023_12_01,0,2024-06-01
CUS_0x49a9,CUS_0x49a9_2023_12_01,1,2024-06-01
CUS_0x4aa6,CUS_0x4aa6_2023_12_01,0,2024-06-01
CUS_0x4af2,CUS_0x4af2_2023_12_01,0,2024-06-01
CUS_0x4b09,CUS_0x4b09_2023_12_01,0,2024-06-01
CUS_0x4bde,CUS_0x4bde_2023_12_01,1,2024-06-01
CUS_0x4bfb,CUS_0x4bfb_2023_12_01,0,2024-06-01
CUS_0x4cc2,CUS_0x4cc2_2023_12_01,0,2024-06-01
CUS_0x4cd5,CUS_0x4cd5_2023_12_01,0,2024-06-01
CUS_0x4ce7,CUS_0x4ce7_2023_12_01,0,2024-06-01
CUS_0x4d09,CUS_0x4d09_2023_12_01,1,2024-06-01
CUS_0x4dc5,CUS_0x4dc5_2023_12_01,0,2024-06-01
CUS_0x4df2,CUS_0x4df2_2023_12_01,0,2024-06-01
CUS_0x4e8c,CUS_0x4e8c_2023_12_01,0,2024-06-01
CUS_0x4e94,CUS_0x4e94_2023_12_01,0,2024-06-01
CUS_0x4eab,CUS_0x4eab_2023_12_01,0,2024-06-01
CUS_0x4edb,CUS_0x4edb_2023_12_01,0,2024-06-01
CUS_0x4fb5,CUS_0x4fb5_2023_12_01,1,2024-06-01
CUS_0x1075,CUS_0x1075_2024_05_01,1,2024-11-01
CUS_0x1185,CUS_0x1185_2024_05_01,0,2024-11-01
CUS_0x1190,CUS_0x1190_2024_05_01,0,2024-11-01
CUS_0x122f,CUS_0x122f_2024_05_01,1,2024-11-01
CUS_0x1233,CUS_0x1233_2024_05_01,0,2024-11-01
CUS_0x1236,CUS_0x1236_2024_05_01,0,2024-11-01
CUS_0x1249,CUS_0x1249_2024_05_01,0,2024-11-01
CUS_0x125c,CUS_0x125c_2024_05_01,1,2024-11-01
CUS_0x128f,CUS_0x128f_2024_05_01,0,2024-11-01
CUS_0x131f,CUS_0x131f_2024_05_01,1,2024-11-01
CUS_0x133b,CUS_0x133b_2024_05_01,0,2024-11-01
CUS_0x1382,CUS_0x1382_2024_05_01,0,2024-11-01
CUS_0x148e,CUS_0x148e_2024_05_01,0,2024-11-01
CUS_0x150b,CUS_0x150b_2024_05_01,0,2024-11-01
CUS_0x15a7,CUS_0x15a7_2024_05_01,1,2024-11-01
CUS_0x15b4,CUS_0x15b4_2024_05_01,0,2024-11-01
CUS_0x15dd,CUS_0x15dd_2024_05_01,0,2024-11-01
CUS_0x162f,CUS_0x162f_2024_05_01,0,2024-11-01
CUS_0x1631,CUS_0x1631_2024_05_01,0,2024-11-01
CUS_0x17e5,CUS_0x17e5_2024_05_01,1,2024-11-01
CUS_0x19c1,CUS_0x19c1_2024_05_01,1,2024-11-01
CUS_0x1a22,CUS_0x1a22_2024_05_01,0,2024-11-01
CUS_0x1a5c,CUS_0x1a5c_2024_05_01,0,2024-11-01
CUS_0x1b55,CUS_0x1b55_2024_05_01,0,2024-11-01
CUS_0x1b62,CUS_0x1b62_2024_05_01,0,2024-11-01
CUS_0x1cb8,CUS_0x1cb8_2024_05_01,0,2024-11-01
CUS_0x1ce6,CUS_0x1ce6_2024_05_01,1,2024-11-01
CUS_0x1d28,CUS_0x1d28_2024_05_01,1,2024-11-01
CUS_0x1dab,CUS_0x1dab_2024_05_01,1,2024-11-01
CUS_0x1dac,CUS_0x1dac_2024_05_01,1,2024-11-01
CUS_0x1dc4,CUS_0x1dc4_2024_05_01,1,2024-11-01
CUS_0x1e76,CUS_0x1e76_2024_05_01,0,2024-11-01
CUS_0x1e84,CUS_0x1e84_2024_05_01,0,2024-11-01
CUS_0x1ea8,CUS_0x1ea8_2024_05_01,0,2024-11-01
CUS_0x1f46,CUS_0x1f46_2024_05_01,0,2024-11-01
CUS_0x1f64,CUS_0x1f64_2024_05_01,0,2024-11-01
CUS_0x1f70,CUS_0x1f70_2024_05_01,0,2024-11-01
CUS_0x1fbe,CUS_0x1fbe_2024_05_01,0,2024-11-01
CUS_0x1fd1,CUS_0x1fd1_2024_05_01,1,2024-11-01
CUS_0x2004,CUS_0x2004_2024_05_01,0,2024-11-01
CUS_0x2009,CUS_0x2009_2024_05_01,0,2024-11-01
CUS_0x2040,CUS_0x2040_2024_05_01,1,2024-11-01
CUS_0x20a1,CUS_0x20a1_2024_05_01,0,2024-11-01
CUS_0x218e,CUS_0x218e_2024_05_01,1,2024-11-01
CUS_0x21c8,CUS_0x21c8_2024_05_01,0,2024-11-01
CUS_0x2205,CUS_0x2205_2024_05_01,1,2024-11-01
CUS_0x22b7,CUS_0x22b7_2024_05_01,0,2024-11-01
CUS_0x22e5,CUS_0x22e5_2024_05_01,0,2024-11-01
CUS_0x2306,CUS_0x2306_2024_05_01,0,2024-11-01
CUS_0x230a,CUS_0x230a_2024_05_01,0,2024-11-01
CUS_0x23e5,CUS_0x23e5_2024_05_01,0,2024-11-01
CUS_0x240e,CUS_0x240e_2024_05_01,0,2024-11-01
CUS_0x2452,CUS_0x2452_2024_05_01,0,2024-11-01
CUS_0x246a,CUS_0x246a_2024_05_01,1,2024-11-01
CUS_0x2472,CUS_0x2472_2024_05_01,1,2024-11-01
CUS_0x2477,CUS_0x2477_2024_05_01,1,2024-11-01
CUS_0x24f6,CUS_0x24f6_2024_05_01,0,2024-11-01
CUS_0x258c,CUS_0x258c_2024_05_01,0,2024-11-01
CUS_0x25f6,CUS_0x25f6_2024_05_01,1,2024-11-01
CUS_0x25f8,CUS_0x25f8_2024_05_01,0,2024-11-01
CUS_0x260b,CUS_0x260b_2024_05_01,1,2024-11-01
CUS_0x26f2,CUS_0x26f2_2024_05_01,1,2024-11-01
CUS_0x26f5,CUS_0x26f5_2024_05_01,0,2024-11-01
CUS_0x2703,CUS_0x2703_2024_05_01,1,2024-11-01
CUS_0x2811,CUS_0x2811_2024_05_01,0,2024-11-01
CUS_0x289b,CUS_0x289b_2024_05_01,1,2024-11-01
CUS_0x28a6,CUS_0x28a6_2024_05_01,1,2024-11-01
CUS_0x290b,CUS_0x290b_2024_05_01,1,2024-11-01
CUS_0x2916,CUS_0x2916_2024_05_01,0,2024-11-01
CUS_0x291b,CUS_0x291b_2024_05_01,0,2024-11-01
CUS_0x2984,CUS_0x2984_2024_05_01,0,2024-11-01
CUS_0x29e7,CUS_0x29e7_2024_05_01,1,2024-11-01
CUS_0x29fd,CUS_0x29fd_2024_05_01,1,2024-11-01
CUS_0x29ff,CUS_0x29ff_2024_05_01,1,2024-11-01
CUS_0x2a57,CUS_0x2a57_2024_05_01,0,2024-11-01
CUS_0x2be1,CUS_0x2be1_2024_05_01,0,2024-11-01
CUS_0x2c10,CUS_0x2c10_2024_05_01,0,2024-11-01
CUS_0x2c75,CUS_0x2c75_2024_05_01,0,2024-11-01
CUS_0x2d1a,CUS_0x2d1a_2024_05_01,0,2024-11-01
CUS_0x2e01,CUS_0x2e01_2024_05_01,1,2024-11-01
CUS_0x2e4c,CUS_0x2e4c_2024_05_01,0,2024-11-01
CUS_0x2e65,CUS_0x2e65_2024_05_01,0,2024-11-01
CUS_0x2e8a,CUS_0x2e8a_2024_05_01,0,2024-11-01
CUS_0x2e9e,CUS_0x2e9e_2024_05_01,0,2024-11-01
CUS_0x2ebb,CUS_0x2ebb_2024_05_01,0,2024-11-01
CUS_0x2f78,CUS_0x2f78_2024_05_01,1,2024-11-01
CUS_0x302f,CUS_0x302f_2024_05_01,0,2024-11-01
CUS_0x315f,CUS_0x315f_2024_05_01,0,2024-11-01
CUS_0x31e0,CUS_0x31e0_2024_05_01,0,2024-11-01
CUS_0x3229,CUS_0x3229_2024_05_01,1,2024-11-01
CUS_0x32a9,CUS_0x32a9_2024_05_01,0,2024-11-01
CUS_0x32ce,CUS_0x32ce_2024_05_01,1,2024-11-01
CUS_0x331a,CUS_0x331a_2024_05_01,1,2024-11-01
CUS_0x3385,CUS_0x3385_2024_05_01,0,2024-11-01
CUS_0x3678,CUS_0x3678_2024_05_01,1,2024-11-01
CUS_0x3716,CUS_0x3716_2024_05_01,1,2024-11-01
CUS_0x37be,CUS_0x37be_2024_05_01,1,2024-11-01
CUS_0x386c,CUS_0x386c_2024_05_01,0,2024-11-01
CUS_0x387b,CUS_0x387b_2024_05_01,0,2024-11-01
CUS_0x38c4,CUS_0x38c4_2024_05_01,0,2024-11-01
CUS_0x399d,CUS_0x399d_2024_05_01,1,2024-11-01
CUS_0x39a0,CUS_0x39a0_2024_05_01,1,2024-11-01
CUS_0x39ce,CUS_0x39ce_2024_05_01,0,2024-11-01
CUS_0x39d8,CUS_0x39d8_2024_05_01,0,2024-11-01
CUS_0x3b60,CUS_0x3b60_2024_05_01,1,2024-11-01
CUS_0x3bba,CUS_0x3bba_2024_05_01,1,2024-11-01
CUS_0x3cb6,CUS_0x3cb6_2024_05_01,0,2024-11-01
CUS_0x3d09,CUS_0x3d09_2024_05_01,1,2024-11-01
CUS_0x3d7e,CUS_0x3d7e_2024_05_01,0,2024-11-01
CUS_0x3de4,CUS_0x3de4_2024_05_01,0,2024-11-01
CUS_0x3def,CUS_0x3def_2024_05_01,0,2024-11-01
CUS_0x3e67,CUS_0x3e67_2024_05_01,0,2024-11-01
CUS_0x3e83,CUS_0x3e83_2024_05_01,0,2024-11-01
CUS_0x3e92,CUS_0x3e92_2024_05_01,1,2024-11-01
CUS_0x3ed1,CUS_0x3ed1_2024_05_01,1,2024-11-01
CUS_0x3ee5,CUS_0x3ee5_2024_05_01,1,2024-11-01
CUS_0x3f37,CUS_0x3f37_2024_05_01,0,2024-11-01
CUS_0x3f47,CUS_0x3f47_2024_05_01,1,2024-11-01
CUS_0x4157,CUS_0x4157_2024_05_01,0,2024-11-01
CUS_0x419a,CUS_0x419a_2024_05_01,0,2024-11-01
CUS_0x41e3,CUS_0x41e3_2024_05_01,0,2024-11-01
CUS_0x424f,CUS_0x424f_2024_05_01,0,2024-11-01
CUS_0x4279,CUS_0x4279_2024_05_01,0,2024-11-01
CUS_0x42a5,CUS_0x42a5_2024_05_01,0,2024-11-01
CUS_0x42c3,CUS_0x42c3_2024_05_01,0,2024-11-01
CUS_0x4357,CUS_0x4357_2024_05_01,0,2024-11-01
CUS_0x43a4,CUS_0x43a4_2024_05_01,0,2024-11-01
CUS_0x4425,CUS_0x4425_2024_05_01,1,2024-11-01
CUS_0x4427,CUS_0x4427_2024_05_01,0,2024-11-01
CUS_0x442b,CUS_0x442b_2024_05_01,0,2024-11-01
CUS_0x44b4,CUS_0x44b4_2024_05_01,0,2024-11-01
CUS_0x44ec,CUS_0x44ec_2024_05_01,0,2024-11-01
CUS_0x453d,CUS_0x453d_2024_05_01,0,2024-11-01
CUS_0x4577,CUS_0x4577_2024_05_01,1,2024-11-01
CUS_0x457e,CUS_0x457e_2024_05_01,0,2024-11-01
CUS_0x45de,CUS_0x45de_2024_05_01,0,2024-11-01
CUS_0x45ef,CUS_0x45ef_2024_05_01,0,2024-11-01
CUS_0x45f7,CUS_0x45f7_2024_05_01,0,2024-11-01
CUS_0x4683,CUS_0x4683_2024_05_01,0,2024-11-01
CUS_0x468b,CUS_0x468b_2024_05_01,1,2024-11-01
CUS_0x4815,CUS_0x4815_2024_05_01,0,2024-11-01
CUS_0x4838,CUS_0x4838_2024_05_01,0,2024-11-01
CUS_0x485e,CUS_0x485e_2024_05_01,0,2024-11-01
CUS_0x48ab,CUS_0x48ab_2024_05_01,0,2024-11-01
CUS_0x48cb,CUS_0x48cb_2024_05_01,0,2024-11-01
CUS_0x48e5,CUS_0x48e5_2024_05_01,0,2024-11-01
CUS_0x48fd,CUS_0x48fd_2024_05_01,1,2024-11-01
CUS_0x4916,CUS_0x4916_2024_05_01,0,2024-11-01
CUS_0x49d9,CUS_0x49d9_2024_05_01,0,2024-11-01
CUS_0x4a3b,CUS_0x4a3b_2024_05_01,1,2024-11-01
CUS_0x4aa7,CUS_0x4aa7_2024_05_01,0,2024-11-01
CUS_0x4aee,CUS_0x4aee_2024_05_01,0,2024-11-01
CUS_0x4b1c,CUS_0x4b1c_2024_05_01,1,2024-11-01
CUS_0x4b2c,CUS_0x4b2c_2024_05_01,0,2024-11-01
CUS_0x4b41,CUS_0x4b41_2024_05_01,0,2024-11-01
CUS_0x4b78,CUS_0x4b78_2024_05_01,0,2024-11-01
CUS_0x4bd,CUS_0x4bd_2024_05_01,0,2024-11-01
CUS_0x4c61,CUS_0x4c61_2024_05_01,0,2024-11-01
CUS_0x4c62,CUS_0x4c62_2024_05_01,0,2024-11-01
CUS_0x4c9f,CUS_0x4c9f_2024_05_01,1,2024-11-01
CUS_0x4cb8,CUS_0x4cb8_2024_05_01,0,2024-11-01
CUS_0x4d26,CUS_0x4d26_2024_05_01,1,2024-11-01
CUS_0x4e01,CUS_0x4e01_2024_05_01,1,2024-11-01
CUS_0x4ee7,CUS_0x4ee7_2024_05_01,0,2024-11-01
CUS_0x4f07,CUS_0x4f07_2024_05_01,0,2024-11-01
CUS_0x4f8f,CUS_0x4f8f_2024_05_01,0,2024-11-01
CUS_0x102d,CUS_0x102d_2024_01_01,0,2024-07-01
CUS_0x1051,CUS_0x1051_2024_01_01,0,2024-07-01
CUS_0x1269,CUS_0x1269_2024_01_01,0,2024-07-01
CUS_0x1290,CUS_0x1290_2024_01_01,0,2024-07-01
CUS_0x12d1,CUS_0x12d1_2024_01_01,0,2024-07-01
CUS_0x12d5,CUS_0x12d5_2024_01_01,0,2024-07-01
CUS_0x133e,CUS_0x133e_2024_01_01,0,2024-07-01
CUS_0x1383,CUS_0x1383_2024_01_01,0,2024-07-01
CUS_0x143c,CUS_0x143c_2024_01_01,0,2024-07-01
CUS_0x14d0,CUS_0x14d0_2024_01_01,0,2024-07-01
CUS_0x150d,CUS_0x150d_2024_01_01,1,2024-07-01
CUS_0x1550,CUS_0x1550_2024_01_01,0,2024-07-01
CUS_0x1589,CUS_0x1589_2024_01_01,0,2024-07-01
CUS_0x1668,CUS_0x1668_2024_01_01,0,2024-07-01
CUS_0x167a,CUS_0x167a_2024_01_01,0,2024-07-01
CUS_0x1688,CUS_0x1688_2024_01_01,0,2024-07-01
CUS_0x1718,CUS_0x1718_2024_01_01,1,2024-07-01
CUS_0x1758,CUS_0x1758_2024_01_01,0,2024-07-01
CUS_0x1764,CUS_0x1764_2024_01_01,0,2024-07-01
CUS_0x17e3,CUS_0x17e3_2024_01_01,1,2024-07-01
CUS_0x18cb,CUS_0x18cb_2024_01_01,1,2024-07-01
CUS_0x1942,CUS_0x1942_2024_01_01,1,2024-07-01
CUS_0x198e,CUS_0x198e_2024_01_01,1,2024-07-01
CUS_0x19a7,CUS_0x19a7_2024_01_01,1,2024-07-01
CUS_0x19b5,CUS_0x19b5_2024_01_01,1,2024-07-01
CUS_0x1b09,CUS_0x1b09_2024_01_01,0,2024-07-01
CUS_0x1bff,CUS_0x1bff_2024_01_01,0,2024-07-01
CUS_0x1c12,CUS_0x1c12_2024_01_01,0,2024-07-01
CUS_0x1c1f,CUS_0x1c1f_2024_01_01,1,2024-07-01
CUS_0x1c7e,CUS_0x1c7e_2024_01_01,0,2024-07-01
CUS_0x1cc4,CUS_0x1cc4_2024_01_01,0,2024-07-01
CUS_0x1cce,CUS_0x1cce_2024_01_01,1,2024-07-01
CUS_0x1d1b,CUS_0x1d1b_2024_01_01,1,2024-07-01
CUS_0x1d33,CUS_0x1d33_2024_01_01,1,2024-07-01
CUS_0x1d9a,CUS_0x1d9a_2024_01_01,0,2024-07-01
CUS_0x1e2d,CUS_0x1e2d_2024_01_01,0,2024-07-01
CUS_0x1e72,CUS_0x1e72_2024_01_01,0,2024-07-01
CUS_0x1eee,CUS_0x1eee_2024_01_01,0,2024-07-01
CUS_0x1efd,CUS_0x1efd_2024_01_01,0,2024-07-01
CUS_0x1f43,CUS_0x1f43_2024_01_01,0,2024-07-01
CUS_0x1f74,CUS_0x1f74_2024_01_01,0,2024-07-01
CUS_0x1feb,CUS_0x1feb_2024_01_01,0,2024-07-01
CUS_0x2005,CUS_0x2005_2024_01_01,0,2024-07-01
CUS_0x2059,CUS_0x2059_2024_01_01,0,2024-07-01
CUS_0x2095,CUS_0x2095_2024_01_01,0,2024-07-01
CUS_0x20ff,CUS_0x20ff_2024_01_01,1,2024-07-01
CUS_0x211a,CUS_0x211a_2024_01_01,0,2024-07-01
CUS_0x211f,CUS_0x211f_2024_01_01,0,2024-07-01
CUS_0x214c,CUS_0x214c_2024_01_01,0,2024-07-01
CUS_0x2189,CUS_0x2189_2024_01_01,0,2024-07-01
CUS_0x2311,CUS_0x2311_2024_01_01,0,2024-07-01
CUS_0x237b,CUS_0x237b_2024_01_01,1,2024-07-01
CUS_0x239e,CUS_0x239e_2024_01_01,0,2024-07-01
CUS_0x2416,CUS_0x2416_2024_01_01,0,2024-07-01
CUS_0x242e,CUS_0x242e_2024_01_01,0,2024-07-01
CUS_0x2444,CUS_0x2444_2024_01_01,1,2024-07-01
CUS_0x247c,CUS_0x247c_2024_01_01,0,2024-07-01
CUS_0x2499,CUS_0x2499_2024_01_01,0,2024-07-01
CUS_0x24d9,CUS_0x24d9_2024_01_01,0,2024-07-01
CUS_0x2547,CUS_0x2547_2024_01_01,0,2024-07-01
CUS_0x25ca,CUS_0x25ca_2024_01_01,0,2024-07-01
CUS_0x2767,CUS_0x2767_2024_01_01,0,2024-07-01
CUS_0x27c2,CUS_0x27c2_2024_01_01,0,2024-07-01
CUS_0x286c,CUS_0x286c_2024_01_01,0,2024-07-01
CUS_0x2954,CUS_0x2954_2024_01_01,0,2024-07-01
CUS_0x2982,CUS_0x2982_2024_01_01,0,2024-07-01
CUS_0x2a06,CUS_0x2a06_2024_01_01,1,2024-07-01
CUS_0x2a23,CUS_0x2a23_2024_01_01,0,2024-07-01
CUS_0x2a70,CUS_0x2a70_2024_01_01,1,2024-07-01
CUS_0x2a75,CUS_0x2a75_2024_01_01,0,2024-07-01
CUS_0x2a8b,CUS_0x2a8b_2024_01_01,0,2024-07-01
CUS_0x2af3,CUS_0x2af3_2024_01_01,0,2024-07-01
CUS_0x2b05,CUS_0x2b05_2024_01_01,0,2024-07-01
CUS_0x2b52,CUS_0x2b52_2024_01_01,0,2024-07-01
CUS_0x2b59,CUS_0x2b59_2024_01_01,0,2024-07-01
CUS_0x2bed,CUS_0x2bed_2024_01_01,1,2024-07-01
CUS_0x2bfc,CUS_0x2bfc_2024_01_01,0,2024-07-01
CUS_0x2c08,CUS_0x2c08_2024_01_01,1,2024-07-01
CUS_0x2d14,CUS_0x2d14_2024_01_01,0,2024-07-01
CUS_0x2e16,CUS_0x2e16_2024_01_01,0,2024-07-01
CUS_0x2e1a,CUS_0x2e1a_2024_01_01,0,2024-07-01
CUS_0x2e8d,CUS_0x2e8d_2024_01_01,0,2024-07-01
CUS_0x2ee4,CUS_0x2ee4_2024_01_01,1,2024-07-01
CUS_0x2fa7,CUS_0x2fa7_2024_01_01,1,2024-07-01
CUS_0x2fc5,CUS_0x2fc5_2024_01_01,1,2024-07-01
CUS_0x2ff7,CUS_0x2ff7_2024_01_01,0,2024-07-01
CUS_0x303a,CUS_0x303a_2024_01_01,1,2024-07-01
CUS_0x305c,CUS_0x305c_2024_01_01,0,2024-07-01
CUS_0x3082,CUS_0x3082_2024_01_01,1,2024-07-01
CUS_0x308d,CUS_0x308d_2024_01_01,0,2024-07-01
CUS_0x3101,CUS_0x3101_2024_01_01,0,2024-07-01
CUS_0x3127,CUS_0x3127_2024_01_01,0,2024-07-01
CUS_0x3161,CUS_0x3161_2024_01_01,0,2024-07-01
CUS_0x3187,CUS_0x3187_2024_01_01,0,2024-07-01
CUS_0x31b8,CUS_0x31b8_2024_01_01,0,2024-07-01
CUS_0x31c0,CUS_0x31c0_2024_01_01,1,2024-07-01
CUS_0x3214,CUS_0x3214_2024_01_01,0,2024-07-01
CUS_0x323f,CUS_0x323f_2024_01_01,1,2024-07-01
CUS_0x332e,CUS_0x332e_2024_01_01,0,2024-07-01
CUS_0x3389,CUS_0x3389_2024_01_01,0,2024-07-01
CUS_0x33b7,CUS_0x33b7_2024_01_01,0,2024-07-01
CUS_0x33cd,CUS_0x33cd_2024_01_01,0,2024-07-01
CUS_0x33d2,CUS_0x33d2_2024_01_01,0,2024-07-01
CUS_0x3410,CUS_0x3410_2024_01_01,1,2024-07-01
CUS_0x35ca,CUS_0x35ca_2024_01_01,0,2024-07-01
CUS_0x368d,CUS_0x368d_2024_01_01,0,2024-07-01
CUS_0x36c2,CUS_0x36c2_2024_01_01,0,2024-07-01
CUS_0x3731,CUS_0x3731_2024_01_01,1,2024-07-01
CUS_0x3806,CUS_0x3806_2024_01_01,0,2024-07-01
CUS_0x387c,CUS_0x387c_2024_01_01,1,2024-07-01
CUS_0x38ce,CUS_0x38ce_2024_01_01,1,2024-07-01
CUS_0x38cf,CUS_0x38cf_2024_01_01,0,2024-07-01
CUS_0x38e0,CUS_0x38e0_2024_01_01,0,2024-07-01
CUS_0x3af9,CUS_0x3af9_2024_01_01,0,2024-07-01
CUS_0x3b04,CUS_0x3b04_2024_01_01,0,2024-07-01
CUS_0x3b15,CUS_0x3b15_2024_01_01,0,2024-07-01
CUS_0x3b7d,CUS_0x3b7d_2024_01_01,0,2024-07-01
CUS_0x3ce3,CUS_0x3ce3_2024_01_01,0,2024-07-01
CUS_0x3d3f,CUS_0x3d3f_2024_01_01,0,2024-07-01
CUS_0x3d68,CUS_0x3d68_2024_01_01,1,2024-07-01
CUS_0x3e79,CUS_0x3e79_2024_01_01,1,2024-07-01
CUS_0x3eeb,CUS_0x3eeb_2024_01_01,0,2024-07-01
CUS_0x3f38,CUS_0x3f38_2024_01_01,0,2024-07-01
CUS_0x3f71,CUS_0x3f71_2024_01_01,0,2024-07-01
CUS_0x3f7d,CUS_0x3f7d_2024_01_01,0,2024-07-01
CUS_0x3fb4,CUS_0x3fb4_2024_01_01,0,2024-07-01
CUS_0x400a,CUS_0x400a_2024_01_01,0,2024-07-01
CUS_0x4034,CUS_0x4034_2024_01_01,0,2024-07-01
CUS_0x403d,CUS_0x403d_2024_01_01,0,2024-07-01
CUS_0x405,CUS_0x405_2024_01_01,0,2024-07-01
CUS_0x406,CUS_0x406_2024_01_01,0,2024-07-01
CUS_0x40bd,CUS_0x40bd_2024_01_01,0,2024-07-01
CUS_0x41dc,CUS_0x41dc_2024_01_01,1,2024-07-01
CUS_0x41e8,CUS_0x41e8_2024_01_01,1,2024-07-01
CUS_0x4223,CUS_0x4223_2024_01_01,1,2024-07-01
CUS_0x436c,CUS_0x436c_2024_01_01,1,2024-07-01
CUS_0x437e,CUS_0x437e_2024_01_01,0,2024-07-01
CUS_0x440,CUS_0x440_2024_01_01,0,2024-07-01
CUS_0x4437,CUS_0x4437_2024_01_01,1,2024-07-01
CUS_0x4484,CUS_0x4484_2024_01_01,0,2024-07-01
CUS_0x4496,CUS_0x4496_2024_01_01,1,2024-07-01
CUS_0x4574,CUS_0x4574_2024_01_01,0,2024-07-01
CUS_0x45d2,CUS_0x45d2_2024_01_01,0,2024-07-01
CUS_0x4602,CUS_0x4602_2024_01_01,1,2024-07-01
CUS_0x4655,CUS_0x4655_2024_01_01,0,2024-07-01
CUS_0x4696,CUS_0x4696_2024_01_01,0,2024-07-01
CUS_0x46b5,CUS_0x46b5_2024_01_01,1,2024-07-01
CUS_0x46f7,CUS_0x46f7_2024_01_01,1,2024-07-01
CUS_0x471f,CUS_0x471f_2024_01_01,0,2024-07-01
CUS_0x477c,CUS_0x477c_2024_01_01,1,2024-07-01
CUS_0x47db,CUS_0x47db_2024_01_01,1,2024-07-01
CUS_0x47e,CUS_0x47e_2024_01_01,0,2024-07-01
CUS_0x4862,CUS_0x4862_2024_01_01,0,2024-07-01
CUS_0x4864,CUS_0x4864_2024_01_01,0,2024-07-01
CUS_0x4874,CUS_0x4874_2024_01_01,0,2024-07-01
CUS_0x48e,CUS_0x48e_2024_01_01,0,2024-07-01
CUS_0x48f,CUS_0x48f_2024_01_01,1,2024-07-01
CUS_0x4953,CUS_0x4953_2024_01_01,1,2024-07-01
CUS_0x49c1,CUS_0x49c1_2024_01_01,0,2024-07-01
CUS_0x4a0d,CUS_0x4a0d_2024_01_01,0,2024-07-01
CUS_0x4a51,CUS_0x4a51_2024_01_01,1,2024-07-01
CUS_0x4aaa,CUS_0x4aaa_2024_01_01,0,2024-07-01
CUS_0x4ac2,CUS_0x4ac2_2024_01_01,0,2024-07-01
CUS_0x4b17,CUS_0x4b17_2024_01_01,1,2024-07-01
CUS_0x4b8b,CUS_0x4b8b_2024_01_01,0,2024-07-01
CUS_0x4b91,CUS_0x4b91_2024_01_01,1,2024-07-01
CUS_0x4d3,CUS_0x4d3_2024_01_01,1,2024-07-01
CUS_0x4d40,CUS_0x4d40_2024_01_01,1,2024-07-01
CUS_0x4d64,CUS_0x4d64_2024_01_01,0,2024-07-01
CUS_0x4dde,CUS_0x4dde_2024_01_01,0,2024-07-01
CUS_0x4e73,CUS_0x4e73_2024_01_01,1,2024-07-01
CUS_0x4f01,CUS_0x4f01_2024_01_01,1,2024-07-01
CUS_0x4fd8,CUS_0x4fd8_2024_01_01,1,2024-07-01
CUS_0x8e73,CUS_0x8e73_2024_07_01,0,2025-01-01
CUS_0x8f34,CUS_0x8f34_2024_07_01,0,2025-01-01
CUS_0x8fc8,CUS_0x8fc8_2024_07_01,0,2025-01-01
CUS_0x8ff8,CUS_0x8ff8_2024_07_01,0,2025-01-01
CUS_0x901,CUS_0x901_2024_07_01,0,2025-01-01
CUS_0x90ca,CUS_0x90ca_2024_07_01,0,2025-01-01
CUS_0x90e,CUS_0x90e_2024_07_01,1,2025-01-01
CUS_0x9226,CUS_0x9226_2024_07_01,1,2025-01-01
CUS_0x9235,CUS_0x9235_2024_07_01,0,2025-01-01
CUS_0x924a,CUS_0x924a_2024_07_01,0,2025-01-01
CUS_0x92aa,CUS_0x92aa_2024_07_01,1,2025-01-01
CUS_0x92b9,CUS_0x92b9_2024_07_01,1,2025-01-01
CUS_0x92fc,CUS_0x92fc_2024_07_01,0,2025-01-01
CUS_0x930a,CUS_0x930a_2024_07_01,0,2025-01-01
CUS_0x930c,CUS_0x930c_2024_07_01,0,2025-01-01
CUS_0x930d,CUS_0x930d_2024_07_01,1,2025-01-01
CUS_0x9318,CUS_0x9318_2024_07_01,1,2025-01-01
CUS_0x939,CUS_0x939_2024_07_01,0,2025-01-01
CUS_0x95a3,CUS_0x95a3_2024_07_01,1,2025-01-01
CUS_0x95c9,CUS_0x95c9_2024_07_01,1,2025-01-01
CUS_0x9664,CUS_0x9664_2024_07_01,1,2025-01-01
CUS_0x96e5,CUS_0x96e5_2024_07_01,0,2025-01-01
CUS_0x96fa,CUS_0x96fa_2024_07_01,0,2025-01-01
CUS_0x9793,CUS_0x9793_2024_07_01,1,2025-01-01
CUS_0x98b3,CUS_0x98b3_2024_07_01,0,2025-01-01
CUS_0x98e6,CUS_0x98e6_2024_07_01,0,2025-01-01
CUS_0x98f1,CUS_0x98f1_2024_07_01,1,2025-01-01
CUS_0x9962,CUS_0x9962_2024_07_01,0,2025-01-01
CUS_0x996f,CUS_0x996f_2024_07_01,1,2025-01-01
CUS_0x9987,CUS_0x9987_2024_07_01,1,2025-01-01
CUS_0x99d4,CUS_0x99d4_2024_07_01,1,2025-01-01
CUS_0x9a3b,CUS_0x9a3b_2024_07_01,0,2025-01-01
CUS_0x9a95,CUS_0x9a95_2024_07_01,1,2025-01-01
CUS_0x9ae1,CUS_0x9ae1_2024_07_01,1,2025-01-01
CUS_0x9bc7,CUS_0x9bc7_2024_07_01,0,2025-01-01
CUS_0x9c05,CUS_0x9c05_2024_07_01,1,2025-01-01
CUS_0x9c0d,CUS_0x9c0d_2024_07_01,0,2025-01-01
CUS_0x9c3b,CUS_0x9c3b_2024_07_01,1,2025-01-01
CUS_0x9c3c,CUS_0x9c3c_2024_07_01,1,2025-01-01
CUS_0x9c80,CUS_0x9c80_2024_07_01,0,2025-01-01
CUS_0x9cc2,CUS_0x9cc2_2024_07_01,0,2025-01-01
CUS_0x9d10,CUS_0x9d10_2024_07_01,0,2025-01-01
CUS_0x9d2c,CUS_0x9d2c_2024_07_01,0,2025-01-01
CUS_0x9d6b,CUS_0x9d6b_2024_07_01,1,2025-01-01
CUS_0x9da4,CUS_0x9da4_2024_07_01,0,2025-01-01
CUS_0x9da6,CUS_0x9da6_2024_07_01,0,2025-01-01
CUS_0x9dd,CUS_0x9dd_2024_07_01,0,2025-01-01
CUS_0x9dfd,CUS_0x9dfd_2024_07_01,0,2025-01-01
CUS_0x9e3f,CUS_0x9e3f_2024_07_01,0,2025-01-01
CUS_0x9e81,CUS_0x9e81_2024_07_01,0,2025-01-01
CUS_0x9ec7,CUS_0x9ec7_2024_07_01,0,2025-01-01
CUS_0x9ec8,CUS_0x9ec8_2024_07_01,0,2025-01-01
CUS_0x9efc,CUS_0x9efc_2024_07_01,0,2025-01-01
CUS_0x9fa9,CUS_0x9fa9_2024_07_01,0,2025-01-01
CUS_0x9fbc,CUS_0x9fbc_2024_07_01,1,2025-01-01
CUS_0xa04c,CUS_0xa04c_2024_07_01,1,2025-01-01
CUS_0xa06b,CUS_0xa06b_2024_07_01,0,2025-01-01
CUS_0xa0a2,CUS_0xa0a2_2024_07_01,0,2025-01-01
CUS_0xa0c8,CUS_0xa0c8_2024_07_01,0,2025-01-01
CUS_0xa120,CUS_0xa120_2024_07_01,0,2025-01-01
CUS_0xa16e,CUS_0xa16e_2024_07_01,1,2025-01-01
CUS_0xa2b8,CUS_0xa2b8_2024_07_01,0,2025-01-01
CUS_0xa340,CUS_0xa340_2024_07_01,0,2025-01-01
CUS_0xa3b5,CUS_0xa3b5_2024_07_01,0,2025-01-01
CUS_0xa493,CUS_0xa493_2024_07_01,0,2025-01-01
CUS_0xa4a5,CUS_0xa4a5_2024_07_01,0,2025-01-01
CUS_0xa4de,CUS_0xa4de_2024_07_01,0,2025-01-01
CUS_0xa53,CUS_0xa53_2024_07_01,0,2025-01-01
CUS_0xa57b,CUS_0xa57b_2024_07_01,0,2025-01-01
CUS_0xa667,CUS_0xa667_2024_07_01,0,2025-01-01
CUS_0xa6e,CUS_0xa6e_2024_07_01,1,2025-01-01
CUS_0xa6e7,CUS_0xa6e7_2024_07_01,0,2025-01-01
CUS_0xa737,CUS_0xa737_2024_07_01,0,2025-01-01
CUS_0xa874,CUS_0xa874_2024_07_01,0,2025-01-01
CUS_0xa8d,CUS_0xa8d_2024_07_01,0,2025-01-01
CUS_0xaa14,CUS_0xaa14_2024_07_01,0,2025-01-01
CUS_0xaa40,CUS_0xaa40_2024_07_01,0,2025-01-01
CUS_0xaad,CUS_0xaad_2024_07_01,1,2025-01-01
CUS_0xab0d,CUS_0xab0d_2024_07_01,0,2025-01-01
CUS_0xab16,CUS_0xab16_2024_07_01,0,2025-01-01
CUS_0xab8,CUS_0xab8_2024_07_01,1,2025-01-01
CUS_0xab9,CUS_0xab9_2024_07_01,0,2025-01-01
CUS_0xab9d,CUS_0xab9d_2024_07_01,1,2025-01-01
CUS_0xaba3,CUS_0xaba3_2024_07_01,0,2025-01-01
CUS_0xac0b,CUS_0xac0b_2024_07_01,0,2025-01-01
CUS_0xacbf,CUS_0xacbf_2024_07_01,0,2025-01-01
CUS_0xad74,CUS_0xad74_2024_07_01,0,2025-01-01
CUS_0xadf1,CUS_0xadf1_2024_07_01,1,2025-01-01
CUS_0xae0e,CUS_0xae0e_2024_07_01,1,2025-01-01
CUS_0xaee8,CUS_0xaee8_2024_07_01,1,2025-01-01
CUS_0xaf49,CUS_0xaf49_2024_07_01,0,2025-01-01
CUS_0xaf6f,CUS_0xaf6f_2024_07_01,0,2025-01-01
CUS_0xafe1,CUS_0xafe1_2024_07_01,0,2025-01-01
CUS_0xb06e,CUS_0xb06e_2024_07_01,1,2025-01-01
CUS_0xb0f5,CUS_0xb0f5_2024_07_01,1,2025-01-01
CUS_0xb14a,CUS_0xb14a_2024_07_01,1,2025-01-01
CUS_0xb191,CUS_0xb191_2024_07_01,0,2025-01-01
CUS_0xb2b6,CUS_0xb2b6_2024_07_01,1,2025-01-01
CUS_0xb369,CUS_0xb369_2024_07_01,0,2025-01-01
CUS_0xb385,CUS_0xb385_2024_07_01,1,2025-01-01
CUS_0xb397,CUS_0xb397_2024_07_01,0,2025-01-01
CUS_0xb3fe,CUS_0xb3fe_2024_07_01,1,2025-01-01
CUS_0xb43,CUS_0xb43_2024_07_01,1,2025-01-01
CUS_0xb59c,CUS_0xb59c_2024_07_01,0,2025-01-01
CUS_0xb627,CUS_0xb627_2024_07_01,0,2025-01-01
CUS_0xb678,CUS_0xb678_2024_07_01,0,2025-01-01
CUS_0xb6b9,CUS_0xb6b9_2024_07_01,0,2025-01-01
CUS_0xb6d,CUS_0xb6d_2024_07_01,0,2025-01-01
CUS_0xb6ef,CUS_0xb6ef_2024_07_01,0,2025-01-01
CUS_0xb7be,CUS_0xb7be_2024_07_01,0,2025-01-01
CUS_0xb85a,CUS_0xb85a_2024_07_01,1,2025-01-01
CUS_0xb86b,CUS_0xb86b_2024_07_01,0,2025-01-01
CUS_0xb86e,CUS_0xb86e_2024_07_01,1,2025-01-01
CUS_0xb8a3,CUS_0xb8a3_2024_07_01,0,2025-01-01
CUS_0xb8eb,CUS_0xb8eb_2024_07_01,1,2025-01-01
CUS_0xb97,CUS_0xb97_2024_07_01,0,2025-01-01
CUS_0xb995,CUS_0xb995_2024_07_01,1,2025-01-01
CUS_0xbab2,CUS_0xbab2_2024_07_01,0,2025-01-01
CUS_0xbac4,CUS_0xbac4_2024_07_01,1,2025-01-01
CUS_0xbb30,CUS_0xbb30_2024_07_01,0,2025-01-01
CUS_0xbb70,CUS_0xbb70_2024_07_01,0,2025-01-01
CUS_0xbb79,CUS_0xbb79_2024_07_01,0,2025-01-01
CUS_0xbbfc,CUS_0xbbfc_2024_07_01,0,2025-01-01
CUS_0xbc2b,CUS_0xbc2b_2024_07_01,0,2025-01-01
CUS_0xbc3a,CUS_0xbc3a_2024_07_01,1,2025-01-01
CUS_0xbc50,CUS_0xbc50_2024_07_01,0,2025-01-01
CUS_0xbc5f,CUS_0xbc5f_2024_07_01,0,2025-01-01
CUS_0xbc74,CUS_0xbc74_2024_07_01,1,2025-01-01
CUS_0xbc99,CUS_0xbc99_2024_07_01,0,2025-01-01
CUS_0xbcde,CUS_0xbcde_2024_07_01,0,2025-01-01
CUS_0xbcf,CUS_0xbcf_2024_07_01,0,2025-01-01
CUS_0xbd07,CUS_0xbd07_2024_07_01,0,2025-01-01
CUS_0xbd5b,CUS_0xbd5b_2024_07_01,0,2025-01-01
CUS_0xbe68,CUS_0xbe68_2024_07_01,0,2025-01-01
CUS_0xbef8,CUS_0xbef8_2024_07_01,0,2025-01-01
CUS_0xbf43,CUS_0xbf43_2024_07_01,0,2025-01-01
CUS_0xc01e,CUS_0xc01e_2024_07_01,1,2025-01-01
CUS_0xc050,CUS_0xc050_2024_07_01,0,2025-01-01
CUS_0xc0b3,CUS_0xc0b3_2024_07_01,1,2025-01-01
CUS_0xc0d,CUS_0xc0d_2024_07_01,1,2025-01-01
CUS_0xc146,CUS_0xc146_2024_07_01,0,2025-01-01
CUS_0xc19f,CUS_0xc19f_2024_07_01,0,2025-01-01
CUS_0xc1d9,CUS_0xc1d9_2024_07_01,0,2025-01-01
CUS_0xc1db,CUS_0xc1db_2024_07_01,0,2025-01-01
CUS_0xc1e9,CUS_0xc1e9_2024_07_01,0,2025-01-01
CUS_0xc1f0,CUS_0xc1f0_2024_07_01,0,2025-01-01
CUS_0xc211,CUS_0xc211_2024_07_01,0,2025-01-01
CUS_0xc21e,CUS_0xc21e_2024_07_01,0,2025-01-01
CUS_0xc2eb,CUS_0xc2eb_2024_07_01,0,2025-01-01
CUS_0xc31a,CUS_0xc31a_2024_07_01,0,2025-01-01
CUS_0xc3e4,CUS_0xc3e4_2024_07_01,0,2025-01-01
CUS_0xc428,CUS_0xc428_2024_07_01,0,2025-01-01
CUS_0xc490,CUS_0xc490_2024_07_01,0,2025-01-01
CUS_0xc4d7,CUS_0xc4d7_2024_07_01,0,2025-01-01
CUS_0xc620,CUS_0xc620_2024_07_01,0,2025-01-01
CUS_0xc662,CUS_0xc662_2024_07_01,0,2025-01-01
CUS_0xc6c2,CUS_0xc6c2_2024_07_01,0,2025-01-01
CUS_0xc737,CUS_0xc737_2024_07_01,0,2025-01-01
CUS_0xc80,CUS_0xc80_2024_07_01,0,2025-01-01
CUS_0xd3a,CUS_0xd3a_2024_07_01,1,2025-01-01
CUS_0xdc1,CUS_0xdc1_2024_07_01,0,2025-01-01
CUS_0xdcd,CUS_0xdcd_2024_07_01,0,2025-01-01
CUS_0x1011,CUS_0x1011_2023_11_01,0,2024-05-01
CUS_0x1018,CUS_0x1018_2023_11_01,1,2024-05-01
CUS_0x1041,CUS_0x1041_2023_11_01,0,2024-05-01
CUS_0x105b,CUS_0x105b_2023_11_01,0,2024-05-01
CUS_0x107c,CUS_0x107c_2023_11_01,0,2024-05-01
CUS_0x1107,CUS_0x1107_2023_11_01,1,2024-05-01
CUS_0x117f,CUS_0x117f_2023_11_01,0,2024-05-01
CUS_0x11a4,CUS_0x11a4_2023_11_01,1,2024-05-01
CUS_0x123d,CUS_0x123d_2023_11_01,1,2024-05-01
CUS_0x1281,CUS_0x1281_2023_11_01,1,2024-05-01
CUS_0x12fa,CUS_0x12fa_2023_11_01,0,2024-05-01
CUS_0x1358,CUS_0x1358_2023_11_01,1,2024-05-01
CUS_0x1367,CUS_0x1367_2023_11_01,1,2024-05-01
CUS_0x13b2,CUS_0x13b2_2023_11_01,0,2024-05-01
CUS_0x13bc,CUS_0x13bc_2023_11_01,0,2024-05-01
CUS_0x1416,CUS_0x1416_2023_11_01,0,2024-05-01
CUS_0x14c1,CUS_0x14c1_2023_11_01,0,2024-05-01
CUS_0x14ea,CUS_0x14ea_2023_11_01,0,2024-05-01
CUS_0x159f,CUS_0x159f_2023_11_01,0,2024-05-01
CUS_0x1604,CUS_0x1604_2023_11_01,0,2024-05-01
CUS_0x1807,CUS_0x1807_2023_11_01,0,2024-05-01
CUS_0x181c,CUS_0x181c_2023_11_01,0,2024-05-01
CUS_0x18ea,CUS_0x18ea_2023_11_01,0,2024-05-01
CUS_0x18fa,CUS_0x18fa_2023_11_01,0,2024-05-01
CUS_0x19de,CUS_0x19de_2023_11_01,0,2024-05-01
CUS_0x1ab7,CUS_0x1ab7_2023_11_01,1,2024-05-01
CUS_0x1ab8,CUS_0x1ab8_2023_11_01,0,2024-05-01
CUS_0x1afd,CUS_0x1afd_2023_11_01,0,2024-05-01
CUS_0x1c40,CUS_0x1c40_2023_11_01,0,2024-05-01
CUS_0x1c65,CUS_0x1c65_2023_11_01,0,2024-05-01
CUS_0x1c96,CUS_0x1c96_2023_11_01,1,2024-05-01
CUS_0x1d72,CUS_0x1d72_2023_11_01,0,2024-05-01
CUS_0x1d8f,CUS_0x1d8f_2023_11_01,1,2024-05-01
CUS_0x1ed8,CUS_0x1ed8_2023_11_01,1,2024-05-01
CUS_0x1f1a,CUS_0x1f1a_2023_11_01,1,2024-05-01
CUS_0x1f36,CUS_0x1f36_2023_11_01,0,2024-05-01
CUS_0x1f9b,CUS_0x1f9b_2023_11_01,0,2024-05-01
CUS_0x1fb0,CUS_0x1fb0_2023_11_01,0,2024-05-01
CUS_0x1fb5,CUS_0x1fb5_2023_11_01,0,2024-05-01
CUS_0x1fef,CUS_0x1fef_2023_11_01,0,2024-05-01
CUS_0x202e,CUS_0x202e_2023_11_01,1,2024-05-01
CUS_0x205f,CUS_0x205f_2023_11_01,1,2024-05-01
CUS_0x20a6,CUS_0x20a6_2023_11_01,0,2024-05-01
CUS_0x20ba,CUS_0x20ba_2023_11_01,0,2024-05-01
CUS_0x2206,CUS_0x2206_2023_11_01,1,2024-05-01
CUS_0x229d,CUS_0x229d_2023_11_01,0,2024-05-01
CUS_0x22be,CUS_0x22be_2023_11_01,0,2024-05-01
CUS_0x22bf,CUS_0x22bf_2023_11_01,1,2024-05-01
CUS_0x2599,CUS_0x2599_2023_11_01,0,2024-05-01
CUS_0x264b,CUS_0x264b_2023_11_01,0,2024-05-01
CUS_0x2708,CUS_0x2708_2023_11_01,0,2024-05-01
CUS_0x2748,CUS_0x2748_2023_11_01,0,2024-05-01
CUS_0x2800,CUS_0x2800_2023_11_01,0,2024-05-01
CUS_0x2883,CUS_0x2883_2023_11_01,1,2024-05-01
CUS_0x2912,CUS_0x2912_2023_11_01,0,2024-05-01
CUS_0x2999,CUS_0x2999_2023_11_01,1,2024-05-01
CUS_0x2a05,CUS_0x2a05_2023_11_01,0,2024-05-01
CUS_0x2a09,CUS_0x2a09_2023_11_01,0,2024-05-01
CUS_0x2a1b,CUS_0x2a1b_2023_11_01,0,2024-05-01
CUS_0x2a4e,CUS_0x2a4e_2023_11_01,0,2024-05-01
CUS_0x2a52,CUS_0x2a52_2023_11_01,0,2024-05-01
CUS_0x2b15,CUS_0x2b15_2023_11_01,0,2024-05-01
CUS_0x2b1a,CUS_0x2b1a_2023_11_01,0,2024-05-01
CUS_0x2c06,CUS_0x2c06_2023_11_01,1,2024-05-01
CUS_0x2c3e,CUS_0x2c3e_2023_11_01,0,2024-05-01
CUS_0x2ca6,CUS_0x2ca6_2023_11_01,0,2024-05-01
CUS_0x2d17,CUS_0x2d17_2023_11_01,0,2024-05-01
CUS_0x2d25,CUS_0x2d25_2023_11_01,0,2024-05-01
CUS_0x2dbc,CUS_0x2dbc_2023_11_01,0,2024-05-01
CUS_0x2e28,CUS_0x2e28_2023_11_01,0,2024-05-01
CUS_0x2e79,CUS_0x2e79_2023_11_01,0,2024-05-01
CUS_0x2ef3,CUS_0x2ef3_2023_11_01,0,2024-05-01
CUS_0x303b,CUS_0x303b_2023_11_01,1,2024-05-01
CUS_0x30c8,CUS_0x30c8_2023_11_01,0,2024-05-01
CUS_0x312c,CUS_0x312c_2023_11_01,1,2024-05-01
CUS_0x3149,CUS_0x3149_2023_11_01,1,2024-05-01
CUS_0x3188,CUS_0x3188_2023_11_01,0,2024-05-01
CUS_0x31e3,CUS_0x31e3_2023_11_01,0,2024-05-01
CUS_0x3260,CUS_0x3260_2023_11_01,0,2024-05-01
CUS_0x328e,CUS_0x328e_2023_11_01,0,2024-05-01
CUS_0x32ed,CUS_0x32ed_2023_11_01,0,2024-05-01
CUS_0x3336,CUS_0x3336_2023_11_01,0,2024-05-01
CUS_0x3352,CUS_0x3352_2023_11_01,0,2024-05-01
CUS_0x33b4,CUS_0x33b4_2023_11_01,1,2024-05-01
CUS_0x3434,CUS_0x3434_2023_11_01,1,2024-05-01
CUS_0x348a,CUS_0x348a_2023_11_01,0,2024-05-01
CUS_0x352f,CUS_0x352f_2023_11_01,0,2024-05-01
CUS_0x3570,CUS_0x3570_2023_11_01,0,2024-05-01
CUS_0x35a4,CUS_0x35a4_2023_11_01,0,2024-05-01
CUS_0x3608,CUS_0x3608_2023_11_01,0,2024-05-01
CUS_0x3621,CUS_0x3621_2023_11_01,0,2024-05-01
CUS_0x3636,CUS_0x3636_2023_11_01,0,2024-05-01
CUS_0x363d,CUS_0x363d_2023_11_01,0,2024-05-01
CUS_0x3650,CUS_0x3650_2023_11_01,0,2024-05-01
CUS_0x36c5,CUS_0x36c5_2023_11_01,1,2024-05-01
CUS_0x3708,CUS_0x3708_2023_11_01,1,2024-05-01
CUS_0x376b,CUS_0x376b_2023_11_01,1,2024-05-01
CUS_0x3799,CUS_0x3799_2023_11_01,1,2024-05-01
CUS_0x37e1,CUS_0x37e1_2023_11_01,0,2024-05-01
CUS_0x391a,CUS_0x391a_2023_11_01,0,2024-05-01
CUS_0x39ad,CUS_0x39ad_2023_11_01,0,2024-05-01
CUS_0x3a41,CUS_0x3a41_2023_11_01,0,2024-05-01
CUS_0x3a93,CUS_0x3a93_2023_11_01,1,2024-05-01
CUS_0x3ace,CUS_0x3ace_2023_11_01,1,2024-05-01
CUS_0x3ad0,CUS_0x3ad0_2023_11_01,0,2024-05-01
CUS_0x3bad,CUS_0x3bad_2023_11_01,0,2024-05-01
CUS_0x3bbe,CUS_0x3bbe_2023_11_01,0,2024-05-01
CUS_0x3c6a,CUS_0x3c6a_2023_11_01,0,2024-05-01
CUS_0x3c90,CUS_0x3c90_2023_11_01,0,2024-05-01
CUS_0x3c9b,CUS_0x3c9b_2023_11_01,1,2024-05-01
CUS_0x3e6b,CUS_0x3e6b_2023_11_01,0,2024-05-01
CUS_0x3ee9,CUS_0x3ee9_2023_11_01,0,2024-05-01
CUS_0x3ef,CUS_0x3ef_2023_11_01,1,2024-05-01
CUS_0x3f12,CUS_0x3f12_2023_11_01,0,2024-05-01
CUS_0x3f43,CUS_0x3f43_2023_11_01,0,2024-05-01
CUS_0x3fcf,CUS_0x3fcf_2023_11_01,0,2024-05-01
CUS_0x403a,CUS_0x403a_2023_11_01,0,2024-05-01
CUS_0x406c,CUS_0x406c_2023_11_01,1,2024-05-01
CUS_0x4075,CUS_0x4075_2023_11_01,0,2024-05-01
CUS_0x40d7,CUS_0x40d7_2023_11_01,0,2024-05-01
CUS_0x411e,CUS_0x411e_2023_11_01,0,2024-05-01
CUS_0x41e4,CUS_0x41e4_2023_11_01,0,2024-05-01
CUS_0x41e5,CUS_0x41e5_2023_11_01,0,2024-05-01
CUS_0x42ac,CUS_0x42ac_2023_11_01,0,2024-05-01
CUS_0x4329,CUS_0x4329_2023_11_01,1,2024-05-01
CUS_0x442e,CUS_0x442e_2023_11_01,0,2024-05-01
CUS_0x4488,CUS_0x4488_2023_11_01,0,2024-05-01
CUS_0x448c,CUS_0x448c_2023_11_01,1,2024-05-01
CUS_0x44f,CUS_0x44f_2023_11_01,0,2024-05-01
CUS_0x451e,CUS_0x451e_2023_11_01,1,2024-05-01
CUS_0x455e,CUS_0x455e_2023_11_01,1,2024-05-01
CUS_0x4588,CUS_0x4588_2023_11_01,0,2024-05-01
CUS_0x45df,CUS_0x45df_2023_11_01,0,2024-05-01
CUS_0x465c,CUS_0x465c_2023_11_01,1,2024-05-01
CUS_0x46dc,CUS_0x46dc_2023_11_01,0,2024-05-01
CUS_0x4715,CUS_0x4715_2023_11_01,0,2024-05-01
CUS_0x4795,CUS_0x4795_2023_11_01,0,2024-05-01
CUS_0x4798,CUS_0x4798_2023_11_01,0,2024-05-01
CUS_0x47bc,CUS_0x47bc_2023_11_01,0,2024-05-01
CUS_0x4811,CUS_0x4811_2023_11_01,0,2024-05-01
CUS_0x4843,CUS_0x4843_2023_11_01,1,2024-05-01
CUS_0x489,CUS_0x489_2023_11_01,1,2024-05-01
CUS_0x48a8,CUS_0x48a8_2023_11_01,1,2024-05-01
CUS_0x48c0,CUS_0x48c0_2023_11_01,0,2024-05-01
CUS_0x49bf,CUS_0x49bf_2023_11_01,0,2024-05-01
CUS_0x4a7,CUS_0x4a7_2023_11_01,1,2024-05-01
CUS_0x4a7a,CUS_0x4a7a_2023_11_01,0,2024-05-01
CUS_0x4a9b,CUS_0x4a9b_2023_11_01,0,2024-05-01
CUS_0x4af0,CUS_0x4af0_2023_11_01,0,2024-05-01
CUS_0x4af1,CUS_0x4af1_2023_11_01,0,2024-05-01
CUS_0x4b89,CUS_0x4b89_2023_11_01,0,2024-05-01
CUS_0x4bcf,CUS_0x4bcf_2023_11_01,0,2024-05-01
CUS_0x4c5a,CUS_0x4c5a_2023_11_01,1,2024-05-01
CUS_0x4c76,CUS_0x4c76_2023_11_01,0,2024-05-01
CUS_0x4c7e,CUS_0x4c7e_2023_11_01,0,2024-05-01
CUS_0x4cd8,CUS_0x4cd8_2023_11_01,0,2024-05-01
CUS_0x4de8,CUS_0x4de8_2023_11_01,0,2024-05-01
CUS_0x4df6,CUS_0x4df6_2023_11_01,0,2024-05-01
CUS_0x4e3,CUS_0x4e3_2023_11_01,1,2024-05-01
CUS_0x4e55,CUS_0x4e55_2023_11_01,0,2024-05-01
CUS_0x4f62,CUS_0x4f62_2023_11_01,0,2024-05-01
CUS_0x4faf,CUS_0x4faf_2023_11_01,0,2024-05-01
CUS_0x4fed,CUS_0x4fed_2023_11_01,1,2024-05-01
CUS_0x1026,CUS_0x1026_2023_10_01,0,2024-04-01
CUS_0x109b,CUS_0x109b_2023_10_01,1,2024-04-01
CUS_0x10ff,CUS_0x10ff_2023_10_01,0,2024-04-01
CUS_0x1100,CUS_0x1100_2023_10_01,1,2024-04-01
CUS_0x112f,CUS_0x112f_2023_10_01,1,2024-04-01
CUS_0x1134,CUS_0x1134_2023_10_01,0,2024-04-01
CUS_0x1168,CUS_0x1168_2023_10_01,0,2024-04-01
CUS_0x12e7,CUS_0x12e7_2023_10_01,1,2024-04-01
CUS_0x138e,CUS_0x138e_2023_10_01,0,2024-04-01
CUS_0x147c,CUS_0x147c_2023_10_01,1,2024-04-01
CUS_0x1498,CUS_0x1498_2023_10_01,1,2024-04-01
CUS_0x14f5,CUS_0x14f5_2023_10_01,1,2024-04-01
CUS_0x16a5,CUS_0x16a5_2023_10_01,0,2024-04-01
CUS_0x16d3,CUS_0x16d3_2023_10_01,1,2024-04-01
CUS_0x1748,CUS_0x1748_2023_10_01,1,2024-04-01
CUS_0x1773,CUS_0x1773_2023_10_01,0,2024-04-01
CUS_0x188f,CUS_0x188f_2023_10_01,0,2024-04-01
CUS_0x18af,CUS_0x18af_2023_10_01,1,2024-04-01
CUS_0x1912,CUS_0x1912_2023_10_01,0,2024-04-01
CUS_0x191f,CUS_0x191f_2023_10_01,0,2024-04-01
CUS_0x193e,CUS_0x193e_2023_10_01,1,2024-04-01
CUS_0x1979,CUS_0x1979_2023_10_01,0,2024-04-01
CUS_0x19d4,CUS_0x19d4_2023_10_01,1,2024-04-01
CUS_0x1aaf,CUS_0x1aaf_2023_10_01,0,2024-04-01
CUS_0x1abb,CUS_0x1abb_2023_10_01,0,2024-04-01
CUS_0x1b00,CUS_0x1b00_2023_10_01,0,2024-04-01
CUS_0x1b6d,CUS_0x1b6d_2023_10_01,1,2024-04-01
CUS_0x1b99,CUS_0x1b99_2023_10_01,0,2024-04-01
CUS_0x1baf,CUS_0x1baf_2023_10_01,0,2024-04-01
CUS_0x1be0,CUS_0x1be0_2023_10_01,1,2024-04-01
CUS_0x1c1c,CUS_0x1c1c_2023_10_01,0,2024-04-01
CUS_0x1c7d,CUS_0x1c7d_2023_10_01,0,2024-04-01
CUS_0x1d1f,CUS_0x1d1f_2023_10_01,0,2024-04-01
CUS_0x1d9e,CUS_0x1d9e_2023_10_01,0,2024-04-01
CUS_0x1e06,CUS_0x1e06_2023_10_01,0,2024-04-01
CUS_0x1e0f,CUS_0x1e0f_2023_10_01,0,2024-04-01
CUS_0x1f24,CUS_0x1f24_2023_10_01,1,2024-04-01
CUS_0x1f66,CUS_0x1f66_2023_10_01,0,2024-04-01
CUS_0x1ffc,CUS_0x1ffc_2023_10_01,0,2024-04-01
CUS_0x20e4,CUS_0x20e4_2023_10_01,0,2024-04-01
CUS_0x215f,CUS_0x215f_2023_10_01,0,2024-04-01
CUS_0x216a,CUS_0x216a_2023_10_01,1,2024-04-01
CUS_0x22b3,CUS_0x22b3_2023_10_01,1,2024-04-01
CUS_0x22e3,CUS_0x22e3_2023_10_01,1,2024-04-01
CUS_0x2391,CUS_0x2391_2023_10_01,0,2024-04-01
CUS_0x23a8,CUS_0x23a8_2023_10_01,0,2024-04-01
CUS_0x23b5,CUS_0x23b5_2023_10_01,1,2024-04-01
CUS_0x24b9,CUS_0x24b9_2023_10_01,1,2024-04-01
CUS_0x24d4,CUS_0x24d4_2023_10_01,0,2024-04-01
CUS_0x24df,CUS_0x24df_2023_10_01,0,2024-04-01
CUS_0x253c,CUS_0x253c_2023_10_01,0,2024-04-01
CUS_0x2594,CUS_0x2594_2023_10_01,1,2024-04-01
CUS_0x2595,CUS_0x2595_2023_10_01,0,2024-04-01
CUS_0x2671,CUS_0x2671_2023_10_01,0,2024-04-01
CUS_0x26a1,CUS_0x26a1_2023_10_01,0,2024-04-01
CUS_0x26e0,CUS_0x26e0_2023_10_01,1,2024-04-01
CUS_0x272c,CUS_0x272c_2023_10_01,0,2024-04-01
CUS_0x2734,CUS_0x2734_2023_10_01,0,2024-04-01
CUS_0x275e,CUS_0x275e_2023_10_01,0,2024-04-01
CUS_0x27d5,CUS_0x27d5_2023_10_01,0,2024-04-01
CUS_0x2858,CUS_0x2858_2023_10_01,0,2024-04-01
CUS_0x288d,CUS_0x288d_2023_10_01,0,2024-04-01
CUS_0x289d,CUS_0x289d_2023_10_01,0,2024-04-01
CUS_0x2924,CUS_0x2924_2023_10_01,0,2024-04-01
CUS_0x2958,CUS_0x2958_2023_10_01,0,2024-04-01
CUS_0x29e0,CUS_0x29e0_2023_10_01,0,2024-04-01
CUS_0x2a03,CUS_0x2a03_2023_10_01,0,2024-04-01
CUS_0x2a15,CUS_0x2a15_2023_10_01,1,2024-04-01
CUS_0x2a66,CUS_0x2a66_2023_10_01,0,2024-04-01
CUS_0x2a6b,CUS_0x2a6b_2023_10_01,0,2024-04-01
CUS_0x2b2a,CUS_0x2b2a_2023_10_01,0,2024-04-01
CUS_0x2b39,CUS_0x2b39_2023_10_01,0,2024-04-01
CUS_0x2b61,CUS_0x2b61_2023_10_01,0,2024-04-01
CUS_0x2bba,CUS_0x2bba_2023_10_01,0,2024-04-01
CUS_0x2bd2,CUS_0x2bd2_2023_10_01,1,2024-04-01
CUS_0x2ca8,CUS_0x2ca8_2023_10_01,0,2024-04-01
CUS_0x2d03,CUS_0x2d03_2023_10_01,0,2024-04-01
CUS_0x2d62,CUS_0x2d62_2023_10_01,0,2024-04-01
CUS_0x2d88,CUS_0x2d88_2023_10_01,0,2024-04-01
CUS_0x2de1,CUS_0x2de1_2023_10_01,0,2024-04-01
CUS_0x2f31,CUS_0x2f31_2023_10_01,0,2024-04-01
CUS_0x2f77,CUS_0x2f77_2023_10_01,0,2024-04-01
CUS_0x2faa,CUS_0x2faa_2023_10_01,1,2024-04-01
CUS_0x305e,CUS_0x305e_2023_10_01,0,2024-04-01
CUS_0x30b7,CUS_0x30b7_2023_10_01,0,2024-04-01
CUS_0x30b9,CUS_0x30b9_2023_10_01,0,2024-04-01
CUS_0x30bd,CUS_0x30bd_2023_10_01,0,2024-04-01
CUS_0x3108,CUS_0x3108_2023_10_01,0,2024-04-01
CUS_0x312b,CUS_0x312b_2023_10_01,1,2024-04-01
CUS_0x317a,CUS_0x317a_2023_10_01,0,2024-04-01
CUS_0x3208,CUS_0x3208_2023_10_01,0,2024-04-01
CUS_0x321c,CUS_0x321c_2023_10_01,0,2024-04-01
CUS_0x32c7,CUS_0x32c7_2023_10_01,1,2024-04-01
CUS_0x337b,CUS_0x337b_2023_10_01,0,2024-04-01
CUS_0x33bc,CUS_0x33bc_2023_10_01,1,2024-04-01
CUS_0x33ea,CUS_0x33ea_2023_10_01,0,2024-04-01
CUS_0x340b,CUS_0x340b_2023_10_01,1,2024-04-01
CUS_0x34b1,CUS_0x34b1_2023_10_01,0,2024-04-01
CUS_0x3533,CUS_0x3533_2023_10_01,0,2024-04-01
CUS_0x3752,CUS_0x3752_2023_10_01,0,2024-04-01
CUS_0x38a0,CUS_0x38a0_2023_10_01,0,2024-04-01
CUS_0x3934,CUS_0x3934_2023_10_01,0,2024-04-01
CUS_0x39d3,CUS_0x39d3_2023_10_01,0,2024-04-01
CUS_0x3a15,CUS_0x3a15_2023_10_01,0,2024-04-01
CUS_0x3a9d,CUS_0x3a9d_2023_10_01,0,2024-04-01
CUS_0x3aaa,CUS_0x3aaa_2023_10_01,0,2024-04-01
CUS_0x3aab,CUS_0x3aab_2023_10_01,0,2024-04-01
CUS_0x3b5d,CUS_0x3b5d_2023_10_01,0,2024-04-01
CUS_0x3c0b,CUS_0x3c0b_2023_10_01,0,2024-04-01
CUS_0x3ce7,CUS_0x3ce7_2023_10_01,1,2024-04-01
CUS_0x3cfa,CUS_0x3cfa_2023_10_01,0,2024-04-01
CUS_0x3d37,CUS_0x3d37_2023_10_01,0,2024-04-01
CUS_0x3d60,CUS_0x3d60_2023_10_01,0,2024-04-01
CUS_0x3d6e,CUS_0x3d6e_2023_10_01,1,2024-04-01
CUS_0x3d7b,CUS_0x3d7b_2023_10_01,0,2024-04-01
CUS_0x3ec6,CUS_0x3ec6_2023_10_01,0,2024-04-01
CUS_0x4004,CUS_0x4004_2023_10_01,0,2024-04-01
CUS_0x4057,CUS_0x4057_2023_10_01,0,2024-04-01
CUS_0x40dd,CUS_0x40dd_2023_10_01,1,2024-04-01
CUS_0x40fe,CUS_0x40fe_2023_10_01,0,2024-04-01
CUS_0x4159,CUS_0x4159_2023_10_01,1,2024-04-01
CUS_0x416a,CUS_0x416a_2023_10_01,1,2024-04-01
CUS_0x41ae,CUS_0x41ae_2023_10_01,0,2024-04-01
CUS_0x420f,CUS_0x420f_2023_10_01,0,2024-04-01
CUS_0x435d,CUS_0x435d_2023_10_01,0,2024-04-01
CUS_0x4398,CUS_0x4398_2023_10_01,0,2024-04-01
CUS_0x442f,CUS_0x442f_2023_10_01,0,2024-04-01
CUS_0x446a,CUS_0x446a_2023_10_01,0,2024-04-01
CUS_0x449,CUS_0x449_2023_10_01,1,2024-04-01
CUS_0x44e9,CUS_0x44e9_2023_10_01,1,2024-04-01
CUS_0x4523,CUS_0x4523_2023_10_01,1,2024-04-01
CUS_0x456d,CUS_0x456d_2023_10_01,0,2024-04-01
CUS_0x45ea,CUS_0x45ea_2023_10_01,0,2024-04-01
CUS_0x4672,CUS_0x4672_2023_10_01,0,2024-04-01
CUS_0x469a,CUS_0x469a_2023_10_01,1,2024-04-01
CUS_0x4717,CUS_0x4717_2023_10_01,0,2024-04-01
CUS_0x471c,CUS_0x471c_2023_10_01,0,2024-04-01
CUS_0x472e,CUS_0x472e_2023_10_01,0,2024-04-01
CUS_0x485f,CUS_0x485f_2023_10_01,0,2024-04-01
CUS_0x48e4,CUS_0x48e4_2023_10_01,0,2024-04-01
CUS_0x49d5,CUS_0x49d5_2023_10_01,1,2024-04-01
CUS_0x4ab2,CUS_0x4ab2_2023_10_01,0,2024-04-01
CUS_0x4abd,CUS_0x4abd_2023_10_01,0,2024-04-01
CUS_0x4acc,CUS_0x4acc_2023_10_01,0,2024-04-01
CUS_0x4b6b,CUS_0x4b6b_2023_10_01,0,2024-04-01
CUS_0x4c2,CUS_0x4c2_2023_10_01,0,2024-04-01
CUS_0x4c2c,CUS_0x4c2c_2023_10_01,0,2024-04-01
CUS_0x4cce,CUS_0x4cce_2023_10_01,1,2024-04-01
CUS_0x4d2,CUS_0x4d2_2023_10_01,0,2024-04-01
CUS_0x4db5,CUS_0x4db5_2023_10_01,1,2024-04-01
CUS_0x4dbd,CUS_0x4dbd_2023_10_01,0,2024-04-01
CUS_0x4e3c,CUS_0x4e3c_2023_10_01,0,2024-04-01
CUS_0x4e5c,CUS_0x4e5c_2023_10_01,0,2024-04-01
CUS_0x4e95,CUS_0x4e95_2023_10_01,0,2024-04-01
CUS_0x4eb6,CUS_0x4eb6_2023_10_01,0,2024-04-01
CUS_0x4ee4,CUS_0x4ee4_2023_10_01,1,2024-04-01
CUS_0x4ef1,CUS_0x4ef1_2023_10_01,0,2024-04-01
CUS_0x4f00,CUS_0x4f00_2023_10_01,1,2024-04-01
CUS_0x4f05,CUS_0x4f05_2023_10_01,1,2024-04-01
CUS_0x4fc1,CUS_0x4fc1_2023_10_01,0,2024-04-01
CUS_0x4ff8,CUS_0x4ff8_2023_10_01,1,2024-04-01
CUS_0x8e53,CUS_0x8e53_2023_09_01,1,2024-03-01
CUS_0x8e7f,CUS_0x8e7f_2023_09_01,0,2024-03-01
CUS_0x8eaa,CUS_0x8eaa_2023_09_01,1,2024-03-01
CUS_0x8f59,CUS_0x8f59_2023_09_01,1,2024-03-01
CUS_0x8f9a,CUS_0x8f9a_2023_09_01,0,2024-03-01
CUS_0x8fa7,CUS_0x8fa7_2023_09_01,0,2024-03-01
CUS_0x8fac,CUS_0x8fac_2023_09_01,0,2024-03-01
CUS_0x902d,CUS_0x902d_2023_09_01,0,2024-03-01
CUS_0x904,CUS_0x904_2023_09_01,1,2024-03-01
CUS_0x906a,CUS_0x906a_2023_09_01,0,2024-03-01
CUS_0x90d7,CUS_0x90d7_2023_09_01,0,2024-03-01
CUS_0x910a,CUS_0x910a_2023_09_01,0,2024-03-01
CUS_0x9185,CUS_0x9185_2023_09_01,0,2024-03-01
CUS_0x91c8,CUS_0x91c8_2023_09_01,0,2024-03-01
CUS_0x9228,CUS_0x9228_2023_09_01,0,2024-03-01
CUS_0x92d2,CUS_0x92d2_2023_09_01,0,2024-03-01
CUS_0x92d5,CUS_0x92d5_2023_09_01,0,2024-03-01
CUS_0x9414,CUS_0x9414_2023_09_01,1,2024-03-01
CUS_0x9449,CUS_0x9449_2023_09_01,1,2024-03-01
CUS_0x9506,CUS_0x9506_2023_09_01,0,2024-03-01
CUS_0x9650,CUS_0x9650_2023_09_01,0,2024-03-01
CUS_0x978,CUS_0x978_2023_09_01,0,2024-03-01
CUS_0x9884,CUS_0x9884_2023_09_01,0,2024-03-01
CUS_0x98e4,CUS_0x98e4_2023_09_01,1,2024-03-01
CUS_0x9967,CUS_0x9967_2023_09_01,0,2024-03-01
CUS_0x998f,CUS_0x998f_2023_09_01,0,2024-03-01
CUS_0x9a58,CUS_0x9a58_2023_09_01,0,2024-03-01
CUS_0x9abb,CUS_0x9abb_2023_09_01,1,2024-03-01
CUS_0x9b3c,CUS_0x9b3c_2023_09_01,0,2024-03-01
CUS_0x9b4b,CUS_0x9b4b_2023_09_01,0,2024-03-01
CUS_0x9bb0,CUS_0x9bb0_2023_09_01,0,2024-03-01
CUS_0x9c08,CUS_0x9c08_2023_09_01,0,2024-03-01
CUS_0x9c3a,CUS_0x9c3a_2023_09_01,0,2024-03-01
CUS_0x9c85,CUS_0x9c85_2023_09_01,0,2024-03-01
CUS_0x9cc,CUS_0x9cc_2023_09_01,1,2024-03-01
CUS_0x9cd7,CUS_0x9cd7_2023_09_01,1,2024-03-01
CUS_0x9ce2,CUS_0x9ce2_2023_09_01,0,2024-03-01
CUS_0x9d91,CUS_0x9d91_2023_09_01,0,2024-03-01
CUS_0x9dec,CUS_0x9dec_2023_09_01,0,2024-03-01
CUS_0x9df7,CUS_0x9df7_2023_09_01,0,2024-03-01
CUS_0x9df8,CUS_0x9df8_2023_09_01,0,2024-03-01
CUS_0x9e1a,CUS_0x9e1a_2023_09_01,0,2024-03-01
CUS_0x9e76,CUS_0x9e76_2023_09_01,0,2024-03-01
CUS_0x9e8c,CUS_0x9e8c_2023_09_01,1,2024-03-01
CUS_0x9eb2,CUS_0x9eb2_2023_09_01,0,2024-03-01
CUS_0x9ec2,CUS_0x9ec2_2023_09_01,0,2024-03-01
CUS_0x9ee4,CUS_0x9ee4_2023_09_01,0,2024-03-01
CUS_0x9f8d,CUS_0x9f8d_2023_09_01,0,2024-03-01
CUS_0xa011,CUS_0xa011_2023_09_01,1,2024-03-01
CUS_0xa12e,CUS_0xa12e_2023_09_01,0,2024-03-01
CUS_0xa17a,CUS_0xa17a_2023_09_01,0,2024-03-01
CUS_0xa1df,CUS_0xa1df_2023_09_01,0,2024-03-01
CUS_0xa1ea,CUS_0xa1ea_2023_09_01,0,2024-03-01
CUS_0xa1f4,CUS_0xa1f4_2023_09_01,0,2024-03-01
CUS_0xa213,CUS_0xa213_2023_09_01,1,2024-03-01
CUS_0xa255,CUS_0xa255_2023_09_01,0,2024-03-01
CUS_0xa362,CUS_0xa362_2023_09_01,0,2024-03-01
CUS_0xa3a1,CUS_0xa3a1_2023_09_01,0,2024-03-01
CUS_0xa3ff,CUS_0xa3ff_2023_09_01,0,2024-03-01
CUS_0xa4ae,CUS_0xa4ae_2023_09_01,0,2024-03-01
CUS_0xa5e7,CUS_0xa5e7_2023_09_01,0,2024-03-01
CUS_0xa66d,CUS_0xa66d_2023_09_01,0,2024-03-01
CUS_0xa778,CUS_0xa778_2023_09_01,1,2024-03-01
CUS_0xa79d,CUS_0xa79d_2023_09_01,1,2024-03-01
CUS_0xa7b5,CUS_0xa7b5_2023_09_01,1,2024-03-01
CUS_0xa80,CUS_0xa80_2023_09_01,0,2024-03-01
CUS_0xa877,CUS_0xa877_2023_09_01,0,2024-03-01
CUS_0xa934,CUS_0xa934_2023_09_01,0,2024-03-01
CUS_0xaa0a,CUS_0xaa0a_2023_09_01,0,2024-03-01
CUS_0xaa3b,CUS_0xaa3b_2023_09_01,0,2024-03-01
CUS_0xaa74,CUS_0xaa74_2023_09_01,1,2024-03-01
CUS_0xaa7c,CUS_0xaa7c_2023_09_01,1,2024-03-01
CUS_0xab61,CUS_0xab61_2023_09_01,0,2024-03-01
CUS_0xac08,CUS_0xac08_2023_09_01,1,2024-03-01
CUS_0xad94,CUS_0xad94_2023_09_01,1,2024-03-01
CUS_0xadc8,CUS_0xadc8_2023_09_01,0,2024-03-01
CUS_0xadef,CUS_0xadef_2023_09_01,0,2024-03-01
CUS_0xae25,CUS_0xae25_2023_09_01,0,2024-03-01
CUS_0xaeb8,CUS_0xaeb8_2023_09_01,0,2024-03-01
CUS_0xaeec,CUS_0xaeec_2023_09_01,1,2024-03-01
CUS_0xaff6,CUS_0xaff6_2023_09_01,0,2024-03-01
CUS_0xb213,CUS_0xb213_2023_09_01,1,2024-03-01
CUS_0xb24d,CUS_0xb24d_2023_09_01,0,2024-03-01
CUS_0xb322,CUS_0xb322_2023_09_01,0,2024-03-01
CUS_0xb446,CUS_0xb446_2023_09_01,1,2024-03-01
CUS_0xb49d,CUS_0xb49d_2023_09_01,0,2024-03-01
CUS_0xb529,CUS_0xb529_2023_09_01,1,2024-03-01
CUS_0xb638,CUS_0xb638_2023_09_01,0,2024-03-01
CUS_0xb6b7,CUS_0xb6b7_2023_09_01,0,2024-03-01
CUS_0xb6cd,CUS_0xb6cd_2023_09_01,0,2024-03-01
CUS_0xb747,CUS_0xb747_2023_09_01,0,2024-03-01
CUS_0xb788,CUS_0xb788_2023_09_01,0,2024-03-01
CUS_0xb7a7,CUS_0xb7a7_2023_09_01,0,2024-03-01
CUS_0xb7cf,CUS_0xb7cf_2023_09_01,0,2024-03-01
CUS_0xb7de,CUS_0xb7de_2023_09_01,0,2024-03-01
CUS_0xb80c,CUS_0xb80c_2023_09_01,0,2024-03-01
CUS_0xb80d,CUS_0xb80d_2023_09_01,1,2024-03-01
CUS_0xb90d,CUS_0xb90d_2023_09_01,0,2024-03-01
CUS_0xb912,CUS_0xb912_2023_09_01,0,2024-03-01
CUS_0xb966,CUS_0xb966_2023_09_01,1,2024-03-01
CUS_0xb9bb,CUS_0xb9bb_2023_09_01,1,2024-03-01
CUS_0xba52,CUS_0xba52_2023_09_01,1,2024-03-01
CUS_0xbae6,CUS_0xbae6_2023_09_01,0,2024-03-01
CUS_0xbb0c,CUS_0xbb0c_2023_09_01,0,2024-03-01
CUS_0xbb2,CUS_0xbb2_2023_09_01,1,2024-03-01
CUS_0xbc57,CUS_0xbc57_2023_09_01,0,2024-03-01
CUS_0xbca3,CUS_0xbca3_2023_09_01,0,2024-03-01
CUS_0xbcbc,CUS_0xbcbc_2023_09_01,0,2024-03-01
CUS_0xbce,CUS_0xbce_2023_09_01,1,2024-03-01
CUS_0xbd98,CUS_0xbd98_2023_09_01,0,2024-03-01
CUS_0xbe3b,CUS_0xbe3b_2023_09_01,1,2024-03-01
CUS_0xbe82,CUS_0xbe82_2023_09_01,0,2024-03-01
CUS_0xbf07,CUS_0xbf07_2023_09_01,0,2024-03-01
CUS_0xbfb4,CUS_0xbfb4_2023_09_01,0,2024-03-01
CUS_0xbfb6,CUS_0xbfb6_2023_09_01,0,2024-03-01
CUS_0xbfe0,CUS_0xbfe0_2023_09_01,1,2024-03-01
CUS_0xbfea,CUS_0xbfea_2023_09_01,0,2024-03-01
CUS_0xc049,CUS_0xc049_2023_09_01,0,2024-03-01
CUS_0xc05d,CUS_0xc05d_2023_09_01,1,2024-03-01
CUS_0xc075,CUS_0xc075_2023_09_01,1,2024-03-01
CUS_0xc0c7,CUS_0xc0c7_2023_09_01,0,2024-03-01
CUS_0xc0e2,CUS_0xc0e2_2023_09_01,0,2024-03-01
CUS_0xc122,CUS_0xc122_2023_09_01,1,2024-03-01
CUS_0xc1ec,CUS_0xc1ec_2023_09_01,0,2024-03-01
CUS_0xc1fe,CUS_0xc1fe_2023_09_01,1,2024-03-01
CUS_0xc242,CUS_0xc242_2023_09_01,0,2024-03-01
CUS_0xc26e,CUS_0xc26e_2023_09_01,0,2024-03-01
CUS_0xc2a6,CUS_0xc2a6_2023_09_01,0,2024-03-01
CUS_0xc2b7,CUS_0xc2b7_2023_09_01,1,2024-03-01
CUS_0xc2cb,CUS_0xc2cb_2023_09_01,0,2024-03-01
CUS_0xc2dc,CUS_0xc2dc_2023_09_01,0,2024-03-01
CUS_0xc3b9,CUS_0xc3b9_2023_09_01,0,2024-03-01
CUS_0xc41,CUS_0xc41_2023_09_01,0,2024-03-01
CUS_0xc4dd,CUS_0xc4dd_2023_09_01,0,2024-03-01
CUS_0xc5da,CUS_0xc5da_2023_09_01,0,2024-03-01
CUS_0xc610,CUS_0xc610_2023_09_01,1,2024-03-01
CUS_0xc6ac,CUS_0xc6ac_2023_09_01,0,2024-03-01
CUS_0xc6c7,CUS_0xc6c7_2023_09_01,0,2024-03-01
CUS_0xd19,CUS_0xd19_2023_09_01,0,2024-03-01
CUS_0xd70,CUS_0xd70_2023_09_01,0,2024-03-01
CUS_0xd91,CUS_0xd91_2023_09_01,0,2024-03-01
CUS_0xdf6,CUS_0xdf6_2023_09_01,0,2024-03-01
CUS_0xe23,CUS_0xe23_2023_09_01,0,2024-03-01
CUS_0xe4e,CUS_0xe4e_2023_09_01,0,2024-03-01
CUS_0xedd,CUS_0xedd_2023_09_01,0,2024-03-01
CUS_0xfe4,CUS_0xfe4_2023_09_01,0,2024-03-01
CUS_0x1044,CUS_0x1044_2023_06_01,0,2023-12-01
CUS_0x104e,CUS_0x104e_2023_06_01,0,2023-12-01
CUS_0x105c,CUS_0x105c_2023_06_01,0,2023-12-01
CUS_0x10ee,CUS_0x10ee_2023_06_01,1,2023-12-01
CUS_0x1136,CUS_0x1136_2023_06_01,1,2023-12-01
CUS_0x1154,CUS_0x1154_2023_06_01,0,2023-12-01
CUS_0x1156,CUS_0x1156_2023_06_01,0,2023-12-01
CUS_0x119e,CUS_0x119e_2023_06_01,0,2023-12-01
CUS_0x128e,CUS_0x128e_2023_06_01,0,2023-12-01
CUS_0x1319,CUS_0x1319_2023_06_01,0,2023-12-01
CUS_0x1329,CUS_0x1329_2023_06_01,0,2023-12-01
CUS_0x142f,CUS_0x142f_2023_06_01,1,2023-12-01
CUS_0x145c,CUS_0x145c_2023_06_01,1,2023-12-01
CUS_0x149e,CUS_0x149e_2023_06_01,0,2023-12-01
CUS_0x14ca,CUS_0x14ca_2023_06_01,1,2023-12-01
CUS_0x157a,CUS_0x157a_2023_06_01,0,2023-12-01
CUS_0x1585,CUS_0x1585_2023_06_01,0,2023-12-01
CUS_0x1664,CUS_0x1664_2023_06_01,0,2023-12-01
CUS_0x166c,CUS_0x166c_2023_06_01,1,2023-12-01
CUS_0x1698,CUS_0x1698_2023_06_01,0,2023-12-01
CUS_0x16a2,CUS_0x16a2_2023_06_01,0,2023-12-01
CUS_0x16d9,CUS_0x16d9_2023_06_01,0,2023-12-01
CUS_0x1766,CUS_0x1766_2023_06_01,1,2023-12-01
CUS_0x17e0,CUS_0x17e0_2023_06_01,0,2023-12-01
CUS_0x17ef,CUS_0x17ef_2023_06_01,0,2023-12-01
CUS_0x17fe,CUS_0x17fe_2023_06_01,0,2023-12-01
CUS_0x1810,CUS_0x1810_2023_06_01,0,2023-12-01
CUS_0x18c5,CUS_0x18c5_2023_06_01,0,2023-12-01
CUS_0x18c6,CUS_0x18c6_2023_06_01,0,2023-12-01
CUS_0x1972,CUS_0x1972_2023_06_01,1,2023-12-01
CUS_0x199a,CUS_0x199a_2023_06_01,0,2023-12-01
CUS_0x1a2a,CUS_0x1a2a_2023_06_01,0,2023-12-01
CUS_0x1a2f,CUS_0x1a2f_2023_06_01,0,2023-12-01
CUS_0x1a4a,CUS_0x1a4a_2023_06_01,0,2023-12-01
CUS_0x1aa4,CUS_0x1aa4_2023_06_01,0,2023-12-01
CUS_0x1aee,CUS_0x1aee_2023_06_01,0,2023-12-01
CUS_0x1bbb,CUS_0x1bbb_2023_06_01,0,2023-12-01
CUS_0x1c1a,CUS_0x1c1a_2023_06_01,0,2023-12-01
CUS_0x1c99,CUS_0x1c99_2023_06_01,1,2023-12-01
CUS_0x1ca9,CUS_0x1ca9_2023_06_01,0,2023-12-01
CUS_0x1cdb,CUS_0x1cdb_2023_06_01,0,2023-12-01
CUS_0x1d6f,CUS_0x1d6f_2023_06_01,0,2023-12-01
CUS_0x1db0,CUS_0x1db0_2023_06_01,1,2023-12-01
CUS_0x1dc2,CUS_0x1dc2_2023_06_01,1,2023-12-01
CUS_0x1de3,CUS_0x1de3_2023_06_01,1,2023-12-01
CUS_0x1e52,CUS_0x1e52_2023_06_01,0,2023-12-01
CUS_0x1e70,CUS_0x1e70_2023_06_01,0,2023-12-01
CUS_0x1e91,CUS_0x1e91_2023_06_01,0,2023-12-01
CUS_0x1e95,CUS_0x1e95_2023_06_01,0,2023-12-01
CUS_0x1ec4,CUS_0x1ec4_2023_06_01,0,2023-12-01
CUS_0x1f96,CUS_0x1f96_2023_06_01,0,2023-12-01
CUS_0x2224,CUS_0x2224_2023_06_01,0,2023-12-01
CUS_0x224f,CUS_0x224f_2023_06_01,0,2023-12-01
CUS_0x225e,CUS_0x225e_2023_06_01,0,2023-12-01
CUS_0x22f4,CUS_0x22f4_2023_06_01,0,2023-12-01
CUS_0x2301,CUS_0x2301_2023_06_01,1,2023-12-01
CUS_0x2312,CUS_0x2312_2023_06_01,0,2023-12-01
CUS_0x23a6,CUS_0x23a6_2023_06_01,0,2023-12-01
CUS_0x23b0,CUS_0x23b0_2023_06_01,0,2023-12-01
CUS_0x242b,CUS_0x242b_2023_06_01,1,2023-12-01
CUS_0x245d,CUS_0x245d_2023_06_01,0,2023-12-01
CUS_0x2479,CUS_0x2479_2023_06_01,1,2023-12-01
CUS_0x250b,CUS_0x250b_2023_06_01,1,2023-12-01
CUS_0x25a4,CUS_0x25a4_2023_06_01,0,2023-12-01
CUS_0x25a5,CUS_0x25a5_2023_06_01,0,2023-12-01
CUS_0x25ae,CUS_0x25ae_2023_06_01,0,2023-12-01
CUS_0x2611,CUS_0x2611_2023_06_01,0,2023-12-01
CUS_0x2617,CUS_0x2617_2023_06_01,0,2023-12-01
CUS_0x2618,CUS_0x2618_2023_06_01,0,2023-12-01
CUS_0x26d7,CUS_0x26d7_2023_06_01,0,2023-12-01
CUS_0x26ea,CUS_0x26ea_2023_06_01,0,2023-12-01
CUS_0x275c,CUS_0x275c_2023_06_01,1,2023-12-01
CUS_0x2794,CUS_0x2794_2023_06_01,0,2023-12-01
CUS_0x27a4,CUS_0x27a4_2023_06_01,0,2023-12-01
CUS_0x2822,CUS_0x2822_2023_06_01,0,2023-12-01
CUS_0x298e,CUS_0x298e_2023_06_01,0,2023-12-01
CUS_0x2997,CUS_0x2997_2023_06_01,0,2023-12-01
CUS_0x2a60,CUS_0x2a60_2023_06_01,1,2023-12-01
CUS_0x2ab3,CUS_0x2ab3_2023_06_01,0,2023-12-01
CUS_0x2b6e,CUS_0x2b6e_2023_06_01,0,2023-12-01
CUS_0x2b76,CUS_0x2b76_2023_06_01,0,2023-12-01
CUS_0x2bec,CUS_0x2bec_2023_06_01,0,2023-12-01
CUS_0x2c13,CUS_0x2c13_2023_06_01,1,2023-12-01
CUS_0x2c22,CUS_0x2c22_2023_06_01,0,2023-12-01
CUS_0x2c32,CUS_0x2c32_2023_06_01,1,2023-12-01
CUS_0x2cdf,CUS_0x2cdf_2023_06_01,1,2023-12-01
CUS_0x2d3a,CUS_0x2d3a_2023_06_01,0,2023-12-01
CUS_0x2e0f,CUS_0x2e0f_2023_06_01,0,2023-12-01
CUS_0x2e43,CUS_0x2e43_2023_06_01,0,2023-12-01
CUS_0x2f8c,CUS_0x2f8c_2023_06_01,1,2023-12-01
CUS_0x2fb8,CUS_0x2fb8_2023_06_01,0,2023-12-01
CUS_0x3102,CUS_0x3102_2023_06_01,0,2023-12-01
CUS_0x3105,CUS_0x3105_2023_06_01,0,2023-12-01
CUS_0x3169,CUS_0x3169_2023_06_01,0,2023-12-01
CUS_0x31eb,CUS_0x31eb_2023_06_01,0,2023-12-01
CUS_0x32e4,CUS_0x32e4_2023_06_01,1,2023-12-01
CUS_0x3331,CUS_0x3331_2023_06_01,1,2023-12-01
CUS_0x337f,CUS_0x337f_2023_06_01,0,2023-12-01
CUS_0x33bf,CUS_0x33bf_2023_06_01,1,2023-12-01
CUS_0x33e0,CUS_0x33e0_2023_06_01,1,2023-12-01
CUS_0x344a,CUS_0x344a_2023_06_01,0,2023-12-01
CUS_0x34c8,CUS_0x34c8_2023_06_01,0,2023-12-01
CUS_0x34f2,CUS_0x34f2_2023_06_01,1,2023-12-01
CUS_0x3595,CUS_0x3595_2023_06_01,0,2023-12-01
CUS_0x3597,CUS_0x3597_2023_06_01,0,2023-12-01
CUS_0x35c6,CUS_0x35c6_2023_06_01,0,2023-12-01
CUS_0x362c,CUS_0x362c_2023_06_01,1,2023-12-01
CUS_0x36c4,CUS_0x36c4_2023_06_01,0,2023-12-01
CUS_0x382d,CUS_0x382d_2023_06_01,0,2023-12-01
CUS_0x3846,CUS_0x3846_2023_06_01,0,2023-12-01
CUS_0x38b3,CUS_0x38b3_2023_06_01,1,2023-12-01
CUS_0x3969,CUS_0x3969_2023_06_01,1,2023-12-01
CUS_0x398f,CUS_0x398f_2023_06_01,0,2023-12-01
CUS_0x39e0,CUS_0x39e0_2023_06_01,0,2023-12-01
CUS_0x3a3f,CUS_0x3a3f_2023_06_01,0,2023-12-01
CUS_0x3a99,CUS_0x3a99_2023_06_01,0,2023-12-01
CUS_0x3ae5,CUS_0x3ae5_2023_06_01,0,2023-12-01
CUS_0x3b1f,CUS_0x3b1f_2023_06_01,1,2023-12-01
CUS_0x3c2c,CUS_0x3c2c_2023_06_01,0,2023-12-01
CUS_0x3c47,CUS_0x3c47_2023_06_01,0,2023-12-01
CUS_0x3cfb,CUS_0x3cfb_2023_06_01,0,2023-12-01
CUS_0x3dfe,CUS_0x3dfe_2023_06_01,0,2023-12-01
CUS_0x3e1f,CUS_0x3e1f_2023_06_01,1,2023-12-01
CUS_0x3e45,CUS_0x3e45_2023_06_01,0,2023-12-01
CUS_0x3eab,CUS_0x3eab_2023_06_01,0,2023-12-01
CUS_0x3ebe,CUS_0x3ebe_2023_06_01,0,2023-12-01
CUS_0x3ee8,CUS_0x3ee8_2023_06_01,0,2023-12-01
CUS_0x3fbf,CUS_0x3fbf_2023_06_01,0,2023-12-01
CUS_0x4056,CUS_0x4056_2023_06_01,0,2023-12-01
CUS_0x40c8,CUS_0x40c8_2023_06_01,0,2023-12-01
CUS_0x40dc,CUS_0x40dc_2023_06_01,0,2023-12-01
CUS_0x40e1,CUS_0x40e1_2023_06_01,1,2023-12-01
CUS_0x418,CUS_0x418_2023_06_01,0,2023-12-01
CUS_0x4197,CUS_0x4197_2023_06_01,0,2023-12-01
CUS_0x419d,CUS_0x419d_2023_06_01,1,2023-12-01
CUS_0x41a,CUS_0x41a_2023_06_01,0,2023-12-01
CUS_0x41ea,CUS_0x41ea_2023_06_01,0,2023-12-01
CUS_0x4237,CUS_0x4237_2023_06_01,0,2023-12-01
CUS_0x42bc,CUS_0x42bc_2023_06_01,0,2023-12-01
CUS_0x4375,CUS_0x4375_2023_06_01,0,2023-12-01
CUS_0x437c,CUS_0x437c_2023_06_01,0,2023-12-01
CUS_0x43c2,CUS_0x43c2_2023_06_01,1,2023-12-01
CUS_0x445,CUS_0x445_2023_06_01,1,2023-12-01
CUS_0x446c,CUS_0x446c_2023_06_01,1,2023-12-01
CUS_0x4479,CUS_0x4479_2023_06_01,0,2023-12-01
CUS_0x4505,CUS_0x4505_2023_06_01,0,2023-12-01
CUS_0x4649,CUS_0x4649_2023_06_01,0,2023-12-01
CUS_0x466e,CUS_0x466e_2023_06_01,1,2023-12-01
CUS_0x46c,CUS_0x46c_2023_06_01,0,2023-12-01
CUS_0x4721,CUS_0x4721_2023_06_01,0,2023-12-01
CUS_0x48ac,CUS_0x48ac_2023_06_01,1,2023-12-01
CUS_0x4a0a,CUS_0x4a0a_2023_06_01,0,2023-12-01
CUS_0x4a2b,CUS_0x4a2b_2023_06_01,1,2023-12-01
CUS_0x4a8f,CUS_0x4a8f_2023_06_01,1,2023-12-01
CUS_0x4ade,CUS_0x4ade_2023_06_01,0,2023-12-01
CUS_0x4ae9,CUS_0x4ae9_2023_06_01,0,2023-12-01
CUS_0x4aef,CUS_0x4aef_2023_06_01,1,2023-12-01
CUS_0x4bdf,CUS_0x4bdf_2023_06_01,0,2023-12-01
CUS_0x4d25,CUS_0x4d25_2023_06_01,0,2023-12-01
CUS_0x4d61,CUS_0x4d61_2023_06_01,0,2023-12-01
CUS_0x4d6a,CUS_0x4d6a_2023_06_01,0,2023-12-01
CUS_0x4e53,CUS_0x4e53_2023_06_01,0,2023-12-01
CUS_0x4fa3,CUS_0x4fa3_2023_06_01,0,2023-12-01
CUS_0x4fad,CUS_0x4fad_2023_06_01,0,2023-12-01
CUS_0x8e4e,CUS_0x8e4e_2024_02_01,0,2024-08-01
CUS_0x8e70,CUS_0x8e70_2024_02_01,1,2024-08-01
CUS_0x8e8b,CUS_0x8e8b_2024_02_01,0,2024-08-01
CUS_0x8ea5,CUS_0x8ea5_2024_02_01,0,2024-08-01
CUS_0x8eb2,CUS_0x8eb2_2024_02_01,0,2024-08-01
CUS_0x8ec5,CUS_0x8ec5_2024_02_01,1,2024-08-01
CUS_0x8f3a,CUS_0x8f3a_2024_02_01,1,2024-08-01
CUS_0x9002,CUS_0x9002_2024_02_01,0,2024-08-01
CUS_0x9053,CUS_0x9053_2024_02_01,0,2024-08-01
CUS_0x9081,CUS_0x9081_2024_02_01,0,2024-08-01
CUS_0x909a,CUS_0x909a_2024_02_01,0,2024-08-01
CUS_0x90e7,CUS_0x90e7_2024_02_01,0,2024-08-01
CUS_0x917b,CUS_0x917b_2024_02_01,1,2024-08-01
CUS_0x918d,CUS_0x918d_2024_02_01,0,2024-08-01
CUS_0x9263,CUS_0x9263_2024_02_01,0,2024-08-01
CUS_0x938,CUS_0x938_2024_02_01,0,2024-08-01
CUS_0x93ad,CUS_0x93ad_2024_02_01,1,2024-08-01
CUS_0x944c,CUS_0x944c_2024_02_01,1,2024-08-01
CUS_0x94d2,CUS_0x94d2_2024_02_01,0,2024-08-01
CUS_0x9535,CUS_0x9535_2024_02_01,1,2024-08-01
CUS_0x953d,CUS_0x953d_2024_02_01,0,2024-08-01
CUS_0x95a9,CUS_0x95a9_2024_02_01,0,2024-08-01
CUS_0x9636,CUS_0x9636_2024_02_01,0,2024-08-01
CUS_0x965a,CUS_0x965a_2024_02_01,0,2024-08-01
CUS_0x968a,CUS_0x968a_2024_02_01,0,2024-08-01
CUS_0x96e8,CUS_0x96e8_2024_02_01,1,2024-08-01
CUS_0x9772,CUS_0x9772_2024_02_01,1,2024-08-01
CUS_0x97ec,CUS_0x97ec_2024_02_01,1,2024-08-01
CUS_0x981c,CUS_0x981c_2024_02_01,0,2024-08-01
CUS_0x983b,CUS_0x983b_2024_02_01,0,2024-08-01
CUS_0x987b,CUS_0x987b_2024_02_01,1,2024-08-01
CUS_0x9893,CUS_0x9893_2024_02_01,0,2024-08-01
CUS_0x9894,CUS_0x9894_2024_02_01,0,2024-08-01
CUS_0x98c3,CUS_0x98c3_2024_02_01,1,2024-08-01
CUS_0x990e,CUS_0x990e_2024_02_01,0,2024-08-01
CUS_0x9974,CUS_0x9974_2024_02_01,0,2024-08-01
CUS_0x99b,CUS_0x99b_2024_02_01,0,2024-08-01
CUS_0x99b4,CUS_0x99b4_2024_02_01,0,2024-08-01
CUS_0x99b9,CUS_0x99b9_2024_02_01,0,2024-08-01
CUS_0x99e9,CUS_0x99e9_2024_02_01,0,2024-08-01
CUS_0x99ec,CUS_0x99ec_2024_02_01,0,2024-08-01
CUS_0x9a1,CUS_0x9a1_2024_02_01,0,2024-08-01
CUS_0x9a43,CUS_0x9a43_2024_02_01,1,2024-08-01
CUS_0x9ae6,CUS_0x9ae6_2024_02_01,1,2024-08-01
CUS_0x9b4c,CUS_0x9b4c_2024_02_01,0,2024-08-01
CUS_0x9b81,CUS_0x9b81_2024_02_01,0,2024-08-01
CUS_0x9c1f,CUS_0x9c1f_2024_02_01,0,2024-08-01
CUS_0x9c55,CUS_0x9c55_2024_02_01,0,2024-08-01
CUS_0x9ca,CUS_0x9ca_2024_02_01,0,2024-08-01
CUS_0x9cb8,CUS_0x9cb8_2024_02_01,0,2024-08-01
CUS_0x9e41,CUS_0x9e41_2024_02_01,0,2024-08-01
CUS_0x9e7e,CUS_0x9e7e_2024_02_01,0,2024-08-01
CUS_0x9ed9,CUS_0x9ed9_2024_02_01,0,2024-08-01
CUS_0xa090,CUS_0xa090_2024_02_01,0,2024-08-01
CUS_0xa130,CUS_0xa130_2024_02_01,1,2024-08-01
CUS_0xa13f,CUS_0xa13f_2024_02_01,1,2024-08-01
CUS_0xa156,CUS_0xa156_2024_02_01,1,2024-08-01
CUS_0xa1b1,CUS_0xa1b1_2024_02_01,0,2024-08-01
CUS_0xa1bc,CUS_0xa1bc_2024_02_01,1,2024-08-01
CUS_0xa26,CUS_0xa26_2024_02_01,0,2024-08-01
CUS_0xa2d5,CUS_0xa2d5_2024_02_01,0,2024-08-01
CUS_0xa36d,CUS_0xa36d_2024_02_01,1,2024-08-01
CUS_0xa39e,CUS_0xa39e_2024_02_01,1,2024-08-01
CUS_0xa4dc,CUS_0xa4dc_2024_02_01,1,2024-08-01
CUS_0xa560,CUS_0xa560_2024_02_01,0,2024-08-01
CUS_0xa570,CUS_0xa570_2024_02_01,0,2024-08-01
CUS_0xa660,CUS_0xa660_2024_02_01,0,2024-08-01
CUS_0xa68e,CUS_0xa68e_2024_02_01,0,2024-08-01
CUS_0xa692,CUS_0xa692_2024_02_01,1,2024-08-01
CUS_0xa69f,CUS_0xa69f_2024_02_01,1,2024-08-01
CUS_0xa6d4,CUS_0xa6d4_2024_02_01,0,2024-08-01
CUS_0xa73b,CUS_0xa73b_2024_02_01,1,2024-08-01
CUS_0xa77f,CUS_0xa77f_2024_02_01,0,2024-08-01
CUS_0xa7c3,CUS_0xa7c3_2024_02_01,0,2024-08-01
CUS_0xa7f8,CUS_0xa7f8_2024_02_01,0,2024-08-01
CUS_0xa80c,CUS_0xa80c_2024_02_01,0,2024-08-01
CUS_0xa87f,CUS_0xa87f_2024_02_01,0,2024-08-01
CUS_0xa8d6,CUS_0xa8d6_2024_02_01,0,2024-08-01
CUS_0xa90c,CUS_0xa90c_2024_02_01,0,2024-08-01
CUS_0xa922,CUS_0xa922_2024_02_01,0,2024-08-01
CUS_0xa93f,CUS_0xa93f_2024_02_01,0,2024-08-01
CUS_0xa9c2,CUS_0xa9c2_2024_02_01,0,2024-08-01
CUS_0xaa5,CUS_0xaa5_2024_02_01,0,2024-08-01
CUS_0xaa68,CUS_0xaa68_2024_02_01,0,2024-08-01
CUS_0xab07,CUS_0xab07_2024_02_01,1,2024-08-01
CUS_0xab44,CUS_0xab44_2024_02_01,0,2024-08-01
CUS_0xab83,CUS_0xab83_2024_02_01,0,2024-08-01
CUS_0xaba4,CUS_0xaba4_2024_02_01,0,2024-08-01
CUS_0xabc9,CUS_0xabc9_2024_02_01,0,2024-08-01
CUS_0xac04,CUS_0xac04_2024_02_01,0,2024-08-01
CUS_0xac2b,CUS_0xac2b_2024_02_01,0,2024-08-01
CUS_0xacb0,CUS_0xacb0_2024_02_01,0,2024-08-01
CUS_0xad55,CUS_0xad55_2024_02_01,1,2024-08-01
CUS_0xad5e,CUS_0xad5e_2024_02_01,1,2024-08-01
CUS_0xad7d,CUS_0xad7d_2024_02_01,0,2024-08-01
CUS_0xae52,CUS_0xae52_2024_02_01,1,2024-08-01
CUS_0xaeb2,CUS_0xaeb2_2024_02_01,1,2024-08-01
CUS_0xaf0d,CUS_0xaf0d_2024_02_01,0,2024-08-01
CUS_0xaf63,CUS_0xaf63_2024_02_01,0,2024-08-01
CUS_0xaf88,CUS_0xaf88_2024_02_01,1,2024-08-01
CUS_0xb01f,CUS_0xb01f_2024_02_01,0,2024-08-01
CUS_0xb05b,CUS_0xb05b_2024_02_01,0,2024-08-01
CUS_0xb0ca,CUS_0xb0ca_2024_02_01,0,2024-08-01
CUS_0xb0fd,CUS_0xb0fd_2024_02_01,1,2024-08-01
CUS_0xb107,CUS_0xb107_2024_02_01,0,2024-08-01
CUS_0xb14,CUS_0xb14_2024_02_01,1,2024-08-01
CUS_0xb1f8,CUS_0xb1f8_2024_02_01,0,2024-08-01
CUS_0xb25a,CUS_0xb25a_2024_02_01,1,2024-08-01
CUS_0xb2d5,CUS_0xb2d5_2024_02_01,0,2024-08-01
CUS_0xb303,CUS_0xb303_2024_02_01,1,2024-08-01
CUS_0xb436,CUS_0xb436_2024_02_01,1,2024-08-01
CUS_0xb4b7,CUS_0xb4b7_2024_02_01,1,2024-08-01
CUS_0xb4ee,CUS_0xb4ee_2024_02_01,1,2024-08-01
CUS_0xb4f,CUS_0xb4f_2024_02_01,0,2024-08-01
CUS_0xb53d,CUS_0xb53d_2024_02_01,0,2024-08-01
CUS_0xb53e,CUS_0xb53e_2024_02_01,0,2024-08-01
CUS_0xb56b,CUS_0xb56b_2024_02_01,0,2024-08-01
CUS_0xb5c6,CUS_0xb5c6_2024_02_01,0,2024-08-01
CUS_0xb5e4,CUS_0xb5e4_2024_02_01,1,2024-08-01
CUS_0xb614,CUS_0xb614_2024_02_01,0,2024-08-01
CUS_0xb6e0,CUS_0xb6e0_2024_02_01,0,2024-08-01
CUS_0xb805,CUS_0xb805_2024_02_01,0,2024-08-01
CUS_0xb808,CUS_0xb808_2024_02_01,0,2024-08-01
CUS_0xb87a,CUS_0xb87a_2024_02_01,0,2024-08-01
CUS_0xb918,CUS_0xb918_2024_02_01,1,2024-08-01
CUS_0xb92e,CUS_0xb92e_2024_02_01,0,2024-08-01
CUS_0xb967,CUS_0xb967_2024_02_01,0,2024-08-01
CUS_0xb982,CUS_0xb982_2024_02_01,0,2024-08-01
CUS_0xb9c8,CUS_0xb9c8_2024_02_01,1,2024-08-01
CUS_0xb9cd,CUS_0xb9cd_2024_02_01,0,2024-08-01
CUS_0xba9f,CUS_0xba9f_2024_02_01,0,2024-08-01
CUS_0xbabc,CUS_0xbabc_2024_02_01,0,2024-08-01
CUS_0xbb1b,CUS_0xbb1b_2024_02_01,0,2024-08-01
CUS_0xbb26,CUS_0xbb26_2024_02_01,0,2024-08-01
CUS_0xbb33,CUS_0xbb33_2024_02_01,0,2024-08-01
CUS_0xbb69,CUS_0xbb69_2024_02_01,0,2024-08-01
CUS_0xbd06,CUS_0xbd06_2024_02_01,1,2024-08-01
CUS_0xbd37,CUS_0xbd37_2024_02_01,0,2024-08-01
CUS_0xbd3d,CUS_0xbd3d_2024_02_01,0,2024-08-01
CUS_0xbd4,CUS_0xbd4_2024_02_01,0,2024-08-01
CUS_0xbde6,CUS_0xbde6_2024_02_01,0,2024-08-01
CUS_0xbed,CUS_0xbed_2024_02_01,0,2024-08-01
CUS_0xbede,CUS_0xbede_2024_02_01,0,2024-08-01
CUS_0xbfa7,CUS_0xbfa7_2024_02_01,0,2024-08-01
CUS_0xbfcb,CUS_0xbfcb_2024_02_01,0,2024-08-01
CUS_0xc04f,CUS_0xc04f_2024_02_01,1,2024-08-01
CUS_0xc0a4,CUS_0xc0a4_2024_02_01,0,2024-08-01
CUS_0xc0f3,CUS_0xc0f3_2024_02_01,0,2024-08-01
CUS_0xc140,CUS_0xc140_2024_02_01,0,2024-08-01
CUS_0xc143,CUS_0xc143_2024_02_01,0,2024-08-01
CUS_0xc156,CUS_0xc156_2024_02_01,0,2024-08-01
CUS_0xc1a7,CUS_0xc1a7_2024_02_01,0,2024-08-01
CUS_0xc247,CUS_0xc247_2024_02_01,0,2024-08-01
CUS_0xc27,CUS_0xc27_2024_02_01,0,2024-08-01
CUS_0xc317,CUS_0xc317_2024_02_01,0,2024-08-01
CUS_0xc3df,CUS_0xc3df_2024_02_01,1,2024-08-01
CUS_0xc4e,CUS_0xc4e_2024_02_01,0,2024-08-01
CUS_0xc507,CUS_0xc507_2024_02_01,0,2024-08-01
CUS_0xc555,CUS_0xc555_2024_02_01,0,2024-08-01
CUS_0xc5a5,CUS_0xc5a5_2024_02_01,0,2024-08-01
CUS_0xc632,CUS_0xc632_2024_02_01,0,2024-08-01
CUS_0xc63a,CUS_0xc63a_2024_02_01,1,2024-08-01
CUS_0xc67b,CUS_0xc67b_2024_02_01,0,2024-08-01
CUS_0xc76,CUS_0xc76_2024_02_01,0,2024-08-01
CUS_0xc78,CUS_0xc78_2024_02_01,0,2024-08-01
CUS_0xc88,CUS_0xc88_2024_02_01,0,2024-08-01
CUS_0xce1,CUS_0xce1_2024_02_01,1,2024-08-01
CUS_0xe3f,CUS_0xe3f_2024_02_01,0,2024-08-01
CUS_0xe47,CUS_0xe47_2024_02_01,0,2024-08-01
CUS_0xec4,CUS_0xec4_2024_02_01,0,2024-08-01
CUS_0xf6c,CUS_0xf6c_2024_02_01,0,2024-08-01
CUS_0xfa4,CUS_0xfa4_2024_02_01,1,2024-08-01
CUS_0x1057,CUS_0x1057_2023_09_01,0,2024-03-01
CUS_0x1169,CUS_0x1169_2023_09_01,0,2024-03-01
CUS_0x117d,CUS_0x117d_2023_09_01,0,2024-03-01
CUS_0x1182,CUS_0x1182_2023_09_01,0,2024-03-01
CUS_0x11c6,CUS_0x11c6_2023_09_01,0,2024-03-01
CUS_0x1246,CUS_0x1246_2023_09_01,1,2024-03-01
CUS_0x12bf,CUS_0x12bf_2023_09_01,0,2024-03-01
CUS_0x12ec,CUS_0x12ec_2023_09_01,1,2024-03-01
CUS_0x1330,CUS_0x1330_2023_09_01,1,2024-03-01
CUS_0x141c,CUS_0x141c_2023_09_01,0,2024-03-01
CUS_0x1430,CUS_0x1430_2023_09_01,0,2024-03-01
CUS_0x14d1,CUS_0x14d1_2023_09_01,1,2024-03-01
CUS_0x14de,CUS_0x14de_2023_09_01,0,2024-03-01
CUS_0x14e5,CUS_0x14e5_2023_09_01,1,2024-03-01
CUS_0x1619,CUS_0x1619_2023_09_01,1,2024-03-01
CUS_0x1666,CUS_0x1666_2023_09_01,0,2024-03-01
CUS_0x16f8,CUS_0x16f8_2023_09_01,0,2024-03-01
CUS_0x180a,CUS_0x180a_2023_09_01,0,2024-03-01
CUS_0x18e2,CUS_0x18e2_2023_09_01,0,2024-03-01
CUS_0x1938,CUS_0x1938_2023_09_01,0,2024-03-01
CUS_0x1abc,CUS_0x1abc_2023_09_01,0,2024-03-01
CUS_0x1be2,CUS_0x1be2_2023_09_01,0,2024-03-01
CUS_0x1c70,CUS_0x1c70_2023_09_01,0,2024-03-01
CUS_0x1c89,CUS_0x1c89_2023_09_01,0,2024-03-01
CUS_0x1ccf,CUS_0x1ccf_2023_09_01,1,2024-03-01
CUS_0x1d56,CUS_0x1d56_2023_09_01,1,2024-03-01
CUS_0x1d64,CUS_0x1d64_2023_09_01,0,2024-03-01
CUS_0x1d86,CUS_0x1d86_2023_09_01,0,2024-03-01
CUS_0x1e46,CUS_0x1e46_2023_09_01,1,2024-03-01
CUS_0x1f2c,CUS_0x1f2c_2023_09_01,0,2024-03-01
CUS_0x1f60,CUS_0x1f60_2023_09_01,1,2024-03-01
CUS_0x1fa0,CUS_0x1fa0_2023_09_01,0,2024-03-01
CUS_0x2002,CUS_0x2002_2023_09_01,0,2024-03-01
CUS_0x206b,CUS_0x206b_2023_09_01,1,2024-03-01
CUS_0x210d,CUS_0x210d_2023_09_01,0,2024-03-01
CUS_0x215d,CUS_0x215d_2023_09_01,0,2024-03-01
CUS_0x219c,CUS_0x219c_2023_09_01,1,2024-03-01
CUS_0x21cd,CUS_0x21cd_2023_09_01,0,2024-03-01
CUS_0x21f7,CUS_0x21f7_2023_09_01,0,2024-03-01
CUS_0x2217,CUS_0x2217_2023_09_01,0,2024-03-01
CUS_0x23bf,CUS_0x23bf_2023_09_01,0,2024-03-01
CUS_0x2441,CUS_0x2441_2023_09_01,1,2024-03-01
CUS_0x2488,CUS_0x2488_2023_09_01,0,2024-03-01
CUS_0x2491,CUS_0x2491_2023_09_01,1,2024-03-01
CUS_0x24bf,CUS_0x24bf_2023_09_01,0,2024-03-01
CUS_0x24f1,CUS_0x24f1_2023_09_01,0,2024-03-01
CUS_0x251a,CUS_0x251a_2023_09_01,0,2024-03-01
CUS_0x2584,CUS_0x2584_2023_09_01,0,2024-03-01
CUS_0x2637,CUS_0x2637_2023_09_01,0,2024-03-01
CUS_0x271b,CUS_0x271b_2023_09_01,0,2024-03-01
CUS_0x2746,CUS_0x2746_2023_09_01,0,2024-03-01
CUS_0x27a3,CUS_0x27a3_2023_09_01,0,2024-03-01
CUS_0x2913,CUS_0x2913_2023_09_01,0,2024-03-01
CUS_0x297f,CUS_0x297f_2023_09_01,1,2024-03-01
CUS_0x29b4,CUS_0x29b4_2023_09_01,0,2024-03-01
CUS_0x29e1,CUS_0x29e1_2023_09_01,1,2024-03-01
CUS_0x29f9,CUS_0x29f9_2023_09_01,0,2024-03-01
CUS_0x2a25,CUS_0x2a25_2023_09_01,0,2024-03-01
CUS_0x2a61,CUS_0x2a61_2023_09_01,1,2024-03-01
CUS_0x2ac8,CUS_0x2ac8_2023_09_01,0,2024-03-01
CUS_0x2aed,CUS_0x2aed_2023_09_01,0,2024-03-01
CUS_0x2b29,CUS_0x2b29_2023_09_01,1,2024-03-01
CUS_0x2b60,CUS_0x2b60_2023_09_01,1,2024-03-01
CUS_0x2b77,CUS_0x2b77_2023_09_01,0,2024-03-01
CUS_0x2bc0,CUS_0x2bc0_2023_09_01,0,2024-03-01
CUS_0x2bf1,CUS_0x2bf1_2023_09_01,0,2024-03-01
CUS_0x2c14,CUS_0x2c14_2023_09_01,1,2024-03-01
CUS_0x2c81,CUS_0x2c81_2023_09_01,0,2024-03-01
CUS_0x2c9f,CUS_0x2c9f_2023_09_01,0,2024-03-01
CUS_0x2ca3,CUS_0x2ca3_2023_09_01,1,2024-03-01
CUS_0x2d50,CUS_0x2d50_2023_09_01,0,2024-03-01
CUS_0x2d76,CUS_0x2d76_2023_09_01,0,2024-03-01
CUS_0x2ee6,CUS_0x2ee6_2023_09_01,0,2024-03-01
CUS_0x2f39,CUS_0x2f39_2023_09_01,1,2024-03-01
CUS_0x2fb7,CUS_0x2fb7_2023_09_01,0,2024-03-01
CUS_0x2fbe,CUS_0x2fbe_2023_09_01,0,2024-03-01
CUS_0x302d,CUS_0x302d_2023_09_01,1,2024-03-01
CUS_0x30a3,CUS_0x30a3_2023_09_01,0,2024-03-01
CUS_0x3141,CUS_0x3141_2023_09_01,0,2024-03-01
CUS_0x318e,CUS_0x318e_2023_09_01,0,2024-03-01
CUS_0x3263,CUS_0x3263_2023_09_01,0,2024-03-01
CUS_0x329f,CUS_0x329f_2023_09_01,0,2024-03-01
CUS_0x32a1,CUS_0x32a1_2023_09_01,0,2024-03-01
CUS_0x32f5,CUS_0x32f5_2023_09_01,0,2024-03-01
CUS_0x3377,CUS_0x3377_2023_09_01,0,2024-03-01
CUS_0x346e,CUS_0x346e_2023_09_01,0,2024-03-01
CUS_0x34a3,CUS_0x34a3_2023_09_01,0,2024-03-01
CUS_0x3561,CUS_0x3561_2023_09_01,1,2024-03-01
CUS_0x35f3,CUS_0x35f3_2023_09_01,0,2024-03-01
CUS_0x3663,CUS_0x3663_2023_09_01,0,2024-03-01
CUS_0x36fb,CUS_0x36fb_2023_09_01,1,2024-03-01
CUS_0x37a4,CUS_0x37a4_2023_09_01,1,2024-03-01
CUS_0x37dd,CUS_0x37dd_2023_09_01,0,2024-03-01
CUS_0x37f4,CUS_0x37f4_2023_09_01,1,2024-03-01
CUS_0x380f,CUS_0x380f_2023_09_01,1,2024-03-01
CUS_0x3813,CUS_0x3813_2023_09_01,0,2024-03-01
CUS_0x385a,CUS_0x385a_2023_09_01,0,2024-03-01
CUS_0x3881,CUS_0x3881_2023_09_01,0,2024-03-01
CUS_0x3911,CUS_0x3911_2023_09_01,0,2024-03-01
CUS_0x3943,CUS_0x3943_2023_09_01,0,2024-03-01
CUS_0x396d,CUS_0x396d_2023_09_01,0,2024-03-01
CUS_0x39f8,CUS_0x39f8_2023_09_01,0,2024-03-01
CUS_0x3acd,CUS_0x3acd_2023_09_01,1,2024-03-01
CUS_0x3ad4,CUS_0x3ad4_2023_09_01,0,2024-03-01
CUS_0x3b32,CUS_0x3b32_2023_09_01,0,2024-03-01
CUS_0x3b59,CUS_0x3b59_2023_09_01,0,2024-03-01
CUS_0x3b72,CUS_0x3b72_2023_09_01,0,2024-03-01
CUS_0x3c63,CUS_0x3c63_2023_09_01,0,2024-03-01
CUS_0x3d22,CUS_0x3d22_2023_09_01,1,2024-03-01
CUS_0x3e03,CUS_0x3e03_2023_09_01,0,2024-03-01
CUS_0x3e37,CUS_0x3e37_2023_09_01,0,2024-03-01
CUS_0x3e4b,CUS_0x3e4b_2023_09_01,0,2024-03-01
CUS_0x3fb,CUS_0x3fb_2023_09_01,0,2024-03-01
CUS_0x4083,CUS_0x4083_2023_09_01,0,2024-03-01
CUS_0x40d9,CUS_0x40d9_2023_09_01,0,2024-03-01
CUS_0x4241,CUS_0x4241_2023_09_01,0,2024-03-01
CUS_0x4285,CUS_0x4285_2023_09_01,0,2024-03-01
CUS_0x42eb,CUS_0x42eb_2023_09_01,1,2024-03-01
CUS_0x4328,CUS_0x4328_2023_09_01,0,2024-03-01
CUS_0x4498,CUS_0x4498_2023_09_01,0,2024-03-01
CUS_0x44b8,CUS_0x44b8_2023_09_01,0,2024-03-01
CUS_0x450,CUS_0x450_2023_09_01,0,2024-03-01
CUS_0x4534,CUS_0x4534_2023_09_01,0,2024-03-01
CUS_0x45c0,CUS_0x45c0_2023_09_01,0,2024-03-01
CUS_0x4711,CUS_0x4711_2023_09_01,0,2024-03-01
CUS_0x473a,CUS_0x473a_2023_09_01,1,2024-03-01
CUS_0x473f,CUS_0x473f_2023_09_01,0,2024-03-01
CUS_0x4767,CUS_0x4767_2023_09_01,0,2024-03-01
CUS_0x4771,CUS_0x4771_2023_09_01,1,2024-03-01
CUS_0x47ed,CUS_0x47ed_2023_09_01,0,2024-03-01
CUS_0x48ca,CUS_0x48ca_2023_09_01,0,2024-03-01
CUS_0x499d,CUS_0x499d_2023_09_01,0,2024-03-01
CUS_0x4a79,CUS_0x4a79_2023_09_01,0,2024-03-01
CUS_0x4a88,CUS_0x4a88_2023_09_01,0,2024-03-01
CUS_0x4a91,CUS_0x4a91_2023_09_01,1,2024-03-01
CUS_0x4ad9,CUS_0x4ad9_2023_09_01,1,2024-03-01
CUS_0x4b2e,CUS_0x4b2e_2023_09_01,0,2024-03-01
CUS_0x4ba7,CUS_0x4ba7_2023_09_01,0,2024-03-01
CUS_0x4c56,CUS_0x4c56_2023_09_01,0,2024-03-01
CUS_0x4c6b,CUS_0x4c6b_2023_09_01,0,2024-03-01
CUS_0x4cad,CUS_0x4cad_2023_09_01,1,2024-03-01
CUS_0x4cb4,CUS_0x4cb4_2023_09_01,0,2024-03-01
CUS_0x4d7e,CUS_0x4d7e_2023_09_01,0,2024-03-01
CUS_0x4dff,CUS_0x4dff_2023_09_01,0,2024-03-01
CUS_0x4e0d,CUS_0x4e0d_2023_09_01,1,2024-03-01
CUS_0x4e5,CUS_0x4e5_2023_09_01,0,2024-03-01
CUS_0x4e60,CUS_0x4e60_2023_09_01,1,2024-03-01
CUS_0x4ebb,CUS_0x4ebb_2023_09_01,1,2024-03-01
CUS_0x4f65,CUS_0x4f65_2023_09_01,0,2024-03-01
CUS_0x4f7d,CUS_0x4f7d_2023_09_01,0,2024-03-01
CUS_0x4fd2,CUS_0x4fd2_2023_09_01,0,2024-03-01
CUS_0x502c,CUS_0x502c_2023_05_01,0,2023-11-01
CUS_0x5049,CUS_0x5049_2023_05_01,0,2023-11-01
CUS_0x5050,CUS_0x5050_2023_05_01,0,2023-11-01
CUS_0x50d4,CUS_0x50d4_2023_05_01,1,2023-11-01
CUS_0x50dd,CUS_0x50dd_2023_05_01,0,2023-11-01
CUS_0x510f,CUS_0x510f_2023_05_01,1,2023-11-01
CUS_0x511f,CUS_0x511f_2023_05_01,0,2023-11-01
CUS_0x5157,CUS_0x5157_2023_05_01,0,2023-11-01
CUS_0x5172,CUS_0x5172_2023_05_01,1,2023-11-01
CUS_0x517c,CUS_0x517c_2023_05_01,0,2023-11-01
CUS_0x519e,CUS_0x519e_2023_05_01,0,2023-11-01
CUS_0x51a1,CUS_0x51a1_2023_05_01,0,2023-11-01
CUS_0x51cb,CUS_0x51cb_2023_05_01,0,2023-11-01
CUS_0x51e6,CUS_0x51e6_2023_05_01,0,2023-11-01
CUS_0x51f,CUS_0x51f_2023_05_01,0,2023-11-01
CUS_0x5205,CUS_0x5205_2023_05_01,1,2023-11-01
CUS_0x5257,CUS_0x5257_2023_05_01,0,2023-11-01
CUS_0x5293,CUS_0x5293_2023_05_01,0,2023-11-01
CUS_0x5321,CUS_0x5321_2023_05_01,0,2023-11-01
CUS_0x53ad,CUS_0x53ad_2023_05_01,0,2023-11-01
CUS_0x53c0,CUS_0x53c0_2023_05_01,0,2023-11-01
CUS_0x53f0,CUS_0x53f0_2023_05_01,0,2023-11-01
CUS_0x5413,CUS_0x5413_2023_05_01,1,2023-11-01
CUS_0x5585,CUS_0x5585_2023_05_01,0,2023-11-01
CUS_0x5634,CUS_0x5634_2023_05_01,0,2023-11-01
CUS_0x5648,CUS_0x5648_2023_05_01,0,2023-11-01
CUS_0x569b,CUS_0x569b_2023_05_01,0,2023-11-01
CUS_0x5711,CUS_0x5711_2023_05_01,0,2023-11-01
CUS_0x5753,CUS_0x5753_2023_05_01,0,2023-11-01
CUS_0x575e,CUS_0x575e_2023_05_01,0,2023-11-01
CUS_0x57c9,CUS_0x57c9_2023_05_01,0,2023-11-01
CUS_0x57e8,CUS_0x57e8_2023_05_01,1,2023-11-01
CUS_0x57f0,CUS_0x57f0_2023_05_01,0,2023-11-01
CUS_0x5803,CUS_0x5803_2023_05_01,0,2023-11-01
CUS_0x5813,CUS_0x5813_2023_05_01,0,2023-11-01
CUS_0x58ba,CUS_0x58ba_2023_05_01,0,2023-11-01
CUS_0x58f7,CUS_0x58f7_2023_05_01,0,2023-11-01
CUS_0x593c,CUS_0x593c_2023_05_01,0,2023-11-01
CUS_0x594e,CUS_0x594e_2023_05_01,1,2023-11-01
CUS_0x5998,CUS_0x5998_2023_05_01,0,2023-11-01
CUS_0x5a2f,CUS_0x5a2f_2023_05_01,0,2023-11-01
CUS_0x5a4f,CUS_0x5a4f_2023_05_01,1,2023-11-01
CUS_0x5abc,CUS_0x5abc_2023_05_01,0,2023-11-01
CUS_0x5adc,CUS_0x5adc_2023_05_01,0,2023-11-01
CUS_0x5aeb,CUS_0x5aeb_2023_05_01,1,2023-11-01
CUS_0x5b05,CUS_0x5b05_2023_05_01,1,2023-11-01
CUS_0x5b2a,CUS_0x5b2a_2023_05_01,0,2023-11-01
CUS_0x5b30,CUS_0x5b30_2023_05_01,0,2023-11-01
CUS_0x5b42,CUS_0x5b42_2023_05_01,0,2023-11-01
CUS_0x5c53,CUS_0x5c53_2023_05_01,1,2023-11-01
CUS_0x5c8d,CUS_0x5c8d_2023_05_01,0,2023-11-01
CUS_0x5cd7,CUS_0x5cd7_2023_05_01,0,2023-11-01
CUS_0x5d3f,CUS_0x5d3f_2023_05_01,0,2023-11-01
CUS_0x5d65,CUS_0x5d65_2023_05_01,0,2023-11-01
CUS_0x5d77,CUS_0x5d77_2023_05_01,1,2023-11-01
CUS_0x5e19,CUS_0x5e19_2023_05_01,0,2023-11-01
CUS_0x5e22,CUS_0x5e22_2023_05_01,0,2023-11-01
CUS_0x5e99,CUS_0x5e99_2023_05_01,0,2023-11-01
CUS_0x5ee1,CUS_0x5ee1_2023_05_01,0,2023-11-01
CUS_0x5f25,CUS_0x5f25_2023_05_01,0,2023-11-01
CUS_0x5fc6,CUS_0x5fc6_2023_05_01,0,2023-11-01
CUS_0x5fcb,CUS_0x5fcb_2023_05_01,0,2023-11-01
CUS_0x6072,CUS_0x6072_2023_05_01,0,2023-11-01
CUS_0x614e,CUS_0x614e_2023_05_01,0,2023-11-01
CUS_0x6171,CUS_0x6171_2023_05_01,0,2023-11-01
CUS_0x61a1,CUS_0x61a1_2023_05_01,0,2023-11-01
CUS_0x61f7,CUS_0x61f7_2023_05_01,0,2023-11-01
CUS_0x61f8,CUS_0x61f8_2023_05_01,0,2023-11-01
CUS_0x620b,CUS_0x620b_2023_05_01,0,2023-11-01
CUS_0x635d,CUS_0x635d_2023_05_01,0,2023-11-01
CUS_0x63a6,CUS_0x63a6_2023_05_01,0,2023-11-01
CUS_0x63c1,CUS_0x63c1_2023_05_01,0,2023-11-01
CUS_0x63ec,CUS_0x63ec_2023_05_01,0,2023-11-01
CUS_0x646d,CUS_0x646d_2023_05_01,1,2023-11-01
CUS_0x64c9,CUS_0x64c9_2023_05_01,0,2023-11-01
CUS_0x659b,CUS_0x659b_2023_05_01,0,2023-11-01
CUS_0x66c7,CUS_0x66c7_2023_05_01,1,2023-11-01
CUS_0x675c,CUS_0x675c_2023_05_01,1,2023-11-01
CUS_0x67d0,CUS_0x67d0_2023_05_01,0,2023-11-01
CUS_0x67e2,CUS_0x67e2_2023_05_01,0,2023-11-01
CUS_0x6808,CUS_0x6808_2023_05_01,1,2023-11-01
CUS_0x683d,CUS_0x683d_2023_05_01,0,2023-11-01
CUS_0x689,CUS_0x689_2023_05_01,0,2023-11-01
CUS_0x68a8,CUS_0x68a8_2023_05_01,1,2023-11-01
CUS_0x68dc,CUS_0x68dc_2023_05_01,1,2023-11-01
CUS_0x693a,CUS_0x693a_2023_05_01,1,2023-11-01
CUS_0x69c6,CUS_0x69c6_2023_05_01,0,2023-11-01
CUS_0x6abf,CUS_0x6abf_2023_05_01,0,2023-11-01
CUS_0x6ba9,CUS_0x6ba9_2023_05_01,0,2023-11-01
CUS_0x6bbe,CUS_0x6bbe_2023_05_01,0,2023-11-01
CUS_0x6cf5,CUS_0x6cf5_2023_05_01,0,2023-11-01
CUS_0x6df1,CUS_0x6df1_2023_05_01,0,2023-11-01
CUS_0x6ed3,CUS_0x6ed3_2023_05_01,0,2023-11-01
CUS_0x6ed8,CUS_0x6ed8_2023_05_01,0,2023-11-01
CUS_0x6f0a,CUS_0x6f0a_2023_05_01,1,2023-11-01
CUS_0x6f4c,CUS_0x6f4c_2023_05_01,1,2023-11-01
CUS_0x6f92,CUS_0x6f92_2023_05_01,1,2023-11-01
CUS_0x6f9d,CUS_0x6f9d_2023_05_01,0,2023-11-01
CUS_0x6fa7,CUS_0x6fa7_2023_05_01,0,2023-11-01
CUS_0x7032,CUS_0x7032_2023_05_01,0,2023-11-01
CUS_0x70af,CUS_0x70af_2023_05_01,1,2023-11-01
CUS_0x716c,CUS_0x716c_2023_05_01,0,2023-11-01
CUS_0x71aa,CUS_0x71aa_2023_05_01,1,2023-11-01
CUS_0x71d,CUS_0x71d_2023_05_01,1,2023-11-01
CUS_0x7200,CUS_0x7200_2023_05_01,1,2023-11-01
CUS_0x72fe,CUS_0x72fe_2023_05_01,1,2023-11-01
CUS_0x730d,CUS_0x730d_2023_05_01,0,2023-11-01
CUS_0x7354,CUS_0x7354_2023_05_01,0,2023-11-01
CUS_0x7369,CUS_0x7369_2023_05_01,0,2023-11-01
CUS_0x73d,CUS_0x73d_2023_05_01,0,2023-11-01
CUS_0x73db,CUS_0x73db_2023_05_01,0,2023-11-01
CUS_0x7462,CUS_0x7462_2023_05_01,1,2023-11-01
CUS_0x7473,CUS_0x7473_2023_05_01,0,2023-11-01
CUS_0x74a3,CUS_0x74a3_2023_05_01,1,2023-11-01
CUS_0x74c7,CUS_0x74c7_2023_05_01,0,2023-11-01
CUS_0x74fa,CUS_0x74fa_2023_05_01,0,2023-11-01
CUS_0x7526,CUS_0x7526_2023_05_01,0,2023-11-01
CUS_0x76d1,CUS_0x76d1_2023_05_01,0,2023-11-01
CUS_0x771e,CUS_0x771e_2023_05_01,1,2023-11-01
CUS_0x7820,CUS_0x7820_2023_05_01,0,2023-11-01
CUS_0x7846,CUS_0x7846_2023_05_01,0,2023-11-01
CUS_0x7848,CUS_0x7848_2023_05_01,0,2023-11-01
CUS_0x7863,CUS_0x7863_2023_05_01,1,2023-11-01
CUS_0x78a6,CUS_0x78a6_2023_05_01,0,2023-11-01
CUS_0x78e0,CUS_0x78e0_2023_05_01,0,2023-11-01
CUS_0x795c,CUS_0x795c_2023_05_01,0,2023-11-01
CUS_0x7967,CUS_0x7967_2023_05_01,0,2023-11-01
CUS_0x79d3,CUS_0x79d3_2023_05_01,0,2023-11-01
CUS_0x79ee,CUS_0x79ee_2023_05_01,0,2023-11-01
CUS_0x7a11,CUS_0x7a11_2023_05_01,0,2023-11-01
CUS_0x7a4d,CUS_0x7a4d_2023_05_01,1,2023-11-01
CUS_0x7aba,CUS_0x7aba_2023_05_01,0,2023-11-01
CUS_0x7afc,CUS_0x7afc_2023_05_01,0,2023-11-01
CUS_0x7ba9,CUS_0x7ba9_2023_05_01,0,2023-11-01
CUS_0x7c12,CUS_0x7c12_2023_05_01,0,2023-11-01
CUS_0x7cea,CUS_0x7cea_2023_05_01,0,2023-11-01
CUS_0x7d2c,CUS_0x7d2c_2023_05_01,1,2023-11-01
CUS_0x7d44,CUS_0x7d44_2023_05_01,0,2023-11-01
CUS_0x7dea,CUS_0x7dea_2023_05_01,0,2023-11-01
CUS_0x7df0,CUS_0x7df0_2023_05_01,0,2023-11-01
CUS_0x7e02,CUS_0x7e02_2023_05_01,0,2023-11-01
CUS_0x7e2f,CUS_0x7e2f_2023_05_01,0,2023-11-01
CUS_0x7f2c,CUS_0x7f2c_2023_05_01,0,2023-11-01
CUS_0x7faf,CUS_0x7faf_2023_05_01,0,2023-11-01
CUS_0x8009,CUS_0x8009_2023_05_01,0,2023-11-01
CUS_0x8049,CUS_0x8049_2023_05_01,0,2023-11-01
CUS_0x81e4,CUS_0x81e4_2023_05_01,1,2023-11-01
CUS_0x8216,CUS_0x8216_2023_05_01,1,2023-11-01
CUS_0x82d5,CUS_0x82d5_2023_05_01,1,2023-11-01
CUS_0x8398,CUS_0x8398_2023_05_01,0,2023-11-01
CUS_0x846e,CUS_0x846e_2023_05_01,1,2023-11-01
CUS_0x84ae,CUS_0x84ae_2023_05_01,0,2023-11-01
CUS_0x84fe,CUS_0x84fe_2023_05_01,1,2023-11-01
CUS_0x8536,CUS_0x8536_2023_05_01,0,2023-11-01
CUS_0x857b,CUS_0x857b_2023_05_01,0,2023-11-01
CUS_0x85bb,CUS_0x85bb_2023_05_01,0,2023-11-01
CUS_0x85d,CUS_0x85d_2023_05_01,0,2023-11-01
CUS_0x85fd,CUS_0x85fd_2023_05_01,0,2023-11-01
CUS_0x862b,CUS_0x862b_2023_05_01,0,2023-11-01
CUS_0x866d,CUS_0x866d_2023_05_01,0,2023-11-01
CUS_0x8694,CUS_0x8694_2023_05_01,0,2023-11-01
CUS_0x870c,CUS_0x870c_2023_05_01,0,2023-11-01
CUS_0x87a,CUS_0x87a_2023_05_01,0,2023-11-01
CUS_0x87a2,CUS_0x87a2_2023_05_01,0,2023-11-01
CUS_0x87ba,CUS_0x87ba_2023_05_01,1,2023-11-01
CUS_0x87cb,CUS_0x87cb_2023_05_01,1,2023-11-01
CUS_0x8843,CUS_0x8843_2023_05_01,0,2023-11-01
CUS_0x8844,CUS_0x8844_2023_05_01,0,2023-11-01
CUS_0x885f,CUS_0x885f_2023_05_01,0,2023-11-01
CUS_0x88b8,CUS_0x88b8_2023_05_01,0,2023-11-01
CUS_0x88e3,CUS_0x88e3_2023_05_01,0,2023-11-01
CUS_0x8908,CUS_0x8908_2023_05_01,0,2023-11-01
CUS_0x8925,CUS_0x8925_2023_05_01,0,2023-11-01
CUS_0x8959,CUS_0x8959_2023_05_01,0,2023-11-01
CUS_0x895d,CUS_0x895d_2023_05_01,0,2023-11-01
CUS_0x897e,CUS_0x897e_2023_05_01,0,2023-11-01
CUS_0x89ec,CUS_0x89ec_2023_05_01,1,2023-11-01
CUS_0x8a20,CUS_0x8a20_2023_05_01,0,2023-11-01
CUS_0x8a31,CUS_0x8a31_2023_05_01,1,2023-11-01
CUS_0x8a5,CUS_0x8a5_2023_05_01,0,2023-11-01
CUS_0x8a73,CUS_0x8a73_2023_05_01,0,2023-11-01
CUS_0x8acf,CUS_0x8acf_2023_05_01,0,2023-11-01
CUS_0x8ba3,CUS_0x8ba3_2023_05_01,1,2023-11-01
CUS_0x8ba4,CUS_0x8ba4_2023_05_01,1,2023-11-01
CUS_0x8bcc,CUS_0x8bcc_2023_05_01,0,2023-11-01
CUS_0x8bfe,CUS_0x8bfe_2023_05_01,1,2023-11-01
CUS_0x8cce,CUS_0x8cce_2023_05_01,0,2023-11-01
CUS_0x8cd,CUS_0x8cd_2023_05_01,0,2023-11-01
CUS_0x8cd0,CUS_0x8cd0_2023_05_01,1,2023-11-01
CUS_0x8d02,CUS_0x8d02_2023_05_01,1,2023-11-01
CUS_0x8dc0,CUS_0x8dc0_2023_05_01,1,2023-11-01
CUS_0x8dfa,CUS_0x8dfa_2023_05_01,1,2023-11-01
CUS_0x8f8c,CUS_0x8f8c_2024_06_01,0,2024-12-01
CUS_0x8fd5,CUS_0x8fd5_2024_06_01,0,2024-12-01
CUS_0x9019,CUS_0x9019_2024_06_01,1,2024-12-01
CUS_0x903a,CUS_0x903a_2024_06_01,0,2024-12-01
CUS_0x90d6,CUS_0x90d6_2024_06_01,0,2024-12-01
CUS_0x90e0,CUS_0x90e0_2024_06_01,0,2024-12-01
CUS_0x920e,CUS_0x920e_2024_06_01,0,2024-12-01
CUS_0x92e9,CUS_0x92e9_2024_06_01,1,2024-12-01
CUS_0x939a,CUS_0x939a_2024_06_01,1,2024-12-01
CUS_0x943c,CUS_0x943c_2024_06_01,0,2024-12-01
CUS_0x946f,CUS_0x946f_2024_06_01,0,2024-12-01
CUS_0x9633,CUS_0x9633_2024_06_01,1,2024-12-01
CUS_0x9684,CUS_0x9684_2024_06_01,0,2024-12-01
CUS_0x96c7,CUS_0x96c7_2024_06_01,1,2024-12-01
CUS_0x977,CUS_0x977_2024_06_01,0,2024-12-01
CUS_0x97b0,CUS_0x97b0_2024_06_01,0,2024-12-01
CUS_0x98cc,CUS_0x98cc_2024_06_01,0,2024-12-01
CUS_0x99c2,CUS_0x99c2_2024_06_01,1,2024-12-01
CUS_0x9b35,CUS_0x9b35_2024_06_01,0,2024-12-01
CUS_0x9b4f,CUS_0x9b4f_2024_06_01,0,2024-12-01
CUS_0x9b8c,CUS_0x9b8c_2024_06_01,1,2024-12-01
CUS_0x9c17,CUS_0x9c17_2024_06_01,1,2024-12-01
CUS_0x9c68,CUS_0x9c68_2024_06_01,0,2024-12-01
CUS_0x9cab,CUS_0x9cab_2024_06_01,0,2024-12-01
CUS_0x9cdc,CUS_0x9cdc_2024_06_01,0,2024-12-01
CUS_0x9de1,CUS_0x9de1_2024_06_01,0,2024-12-01
CUS_0x9e42,CUS_0x9e42_2024_06_01,0,2024-12-01
CUS_0x9e9e,CUS_0x9e9e_2024_06_01,1,2024-12-01
CUS_0x9ede,CUS_0x9ede_2024_06_01,0,2024-12-01
CUS_0x9efd,CUS_0x9efd_2024_06_01,0,2024-12-01
CUS_0x9f03,CUS_0x9f03_2024_06_01,0,2024-12-01
CUS_0x9f1c,CUS_0x9f1c_2024_06_01,1,2024-12-01
CUS_0x9fc5,CUS_0x9fc5_2024_06_01,0,2024-12-01
CUS_0xa10f,CUS_0xa10f_2024_06_01,1,2024-12-01
CUS_0xa12c,CUS_0xa12c_2024_06_01,0,2024-12-01
CUS_0xa1aa,CUS_0xa1aa_2024_06_01,1,2024-12-01
CUS_0xa1d6,CUS_0xa1d6_2024_06_01,1,2024-12-01
CUS_0xa224,CUS_0xa224_2024_06_01,1,2024-12-01
CUS_0xa267,CUS_0xa267_2024_06_01,0,2024-12-01
CUS_0xa290,CUS_0xa290_2024_06_01,0,2024-12-01
CUS_0xa2a1,CUS_0xa2a1_2024_06_01,0,2024-12-01
CUS_0xa306,CUS_0xa306_2024_06_01,0,2024-12-01
CUS_0xa366,CUS_0xa366_2024_06_01,1,2024-12-01
CUS_0xa3e1,CUS_0xa3e1_2024_06_01,1,2024-12-01
CUS_0xa421,CUS_0xa421_2024_06_01,1,2024-12-01
CUS_0xa501,CUS_0xa501_2024_06_01,0,2024-12-01
CUS_0xa584,CUS_0xa584_2024_06_01,1,2024-12-01
CUS_0xa664,CUS_0xa664_2024_06_01,0,2024-12-01
CUS_0xa6cb,CUS_0xa6cb_2024_06_01,1,2024-12-01
CUS_0xa7d7,CUS_0xa7d7_2024_06_01,0,2024-12-01
CUS_0xa833,CUS_0xa833_2024_06_01,0,2024-12-01
CUS_0xa85d,CUS_0xa85d_2024_06_01,1,2024-12-01
CUS_0xa8c9,CUS_0xa8c9_2024_06_01,0,2024-12-01
CUS_0xa905,CUS_0xa905_2024_06_01,1,2024-12-01
CUS_0xa961,CUS_0xa961_2024_06_01,0,2024-12-01
CUS_0xaa3a,CUS_0xaa3a_2024_06_01,0,2024-12-01
CUS_0xaaae,CUS_0xaaae_2024_06_01,1,2024-12-01
CUS_0xab5e,CUS_0xab5e_2024_06_01,0,2024-12-01
CUS_0xac28,CUS_0xac28_2024_06_01,0,2024-12-01
CUS_0xac5d,CUS_0xac5d_2024_06_01,0,2024-12-01
CUS_0xac7d,CUS_0xac7d_2024_06_01,0,2024-12-01
CUS_0xacf7,CUS_0xacf7_2024_06_01,0,2024-12-01
CUS_0xad1b,CUS_0xad1b_2024_06_01,0,2024-12-01
CUS_0xad2c,CUS_0xad2c_2024_06_01,0,2024-12-01
CUS_0xad75,CUS_0xad75_2024_06_01,1,2024-12-01
CUS_0xae92,CUS_0xae92_2024_06_01,0,2024-12-01
CUS_0xaf2e,CUS_0xaf2e_2024_06_01,1,2024-12-01
CUS_0xb052,CUS_0xb052_2024_06_01,0,2024-12-01
CUS_0xb0ce,CUS_0xb0ce_2024_06_01,0,2024-12-01
CUS_0xb14f,CUS_0xb14f_2024_06_01,0,2024-12-01
CUS_0xb15d,CUS_0xb15d_2024_06_01,0,2024-12-01
CUS_0xb1c4,CUS_0xb1c4_2024_06_01,0,2024-12-01
CUS_0xb2e,CUS_0xb2e_2024_06_01,1,2024-12-01
CUS_0xb304,CUS_0xb304_2024_06_01,0,2024-12-01
CUS_0xb340,CUS_0xb340_2024_06_01,0,2024-12-01
CUS_0xb39f,CUS_0xb39f_2024_06_01,1,2024-12-01
CUS_0xb46e,CUS_0xb46e_2024_06_01,1,2024-12-01
CUS_0xb4c2,CUS_0xb4c2_2024_06_01,1,2024-12-01
CUS_0xb591,CUS_0xb591_2024_06_01,0,2024-12-01
CUS_0xb615,CUS_0xb615_2024_06_01,0,2024-12-01
CUS_0xb6aa,CUS_0xb6aa_2024_06_01,0,2024-12-01
CUS_0xb728,CUS_0xb728_2024_06_01,1,2024-12-01
CUS_0xb74d,CUS_0xb74d_2024_06_01,1,2024-12-01
CUS_0xb75b,CUS_0xb75b_2024_06_01,1,2024-12-01
CUS_0xb861,CUS_0xb861_2024_06_01,1,2024-12-01
CUS_0xb887,CUS_0xb887_2024_06_01,0,2024-12-01
CUS_0xb959,CUS_0xb959_2024_06_01,0,2024-12-01
CUS_0xb9ae,CUS_0xb9ae_2024_06_01,0,2024-12-01
CUS_0xb9da,CUS_0xb9da_2024_06_01,1,2024-12-01
CUS_0xba13,CUS_0xba13_2024_06_01,0,2024-12-01
CUS_0xbab0,CUS_0xbab0_2024_06_01,0,2024-12-01
CUS_0xbaea,CUS_0xbaea_2024_06_01,0,2024-12-01
CUS_0xbb75,CUS_0xbb75_2024_06_01,0,2024-12-01
CUS_0xbbb0,CUS_0xbbb0_2024_06_01,1,2024-12-01
CUS_0xbbf7,CUS_0xbbf7_2024_06_01,0,2024-12-01
CUS_0xbc4,CUS_0xbc4_2024_06_01,0,2024-12-01
CUS_0xbc56,CUS_0xbc56_2024_06_01,0,2024-12-01
CUS_0xbc58,CUS_0xbc58_2024_06_01,0,2024-12-01
CUS_0xbc71,CUS_0xbc71_2024_06_01,1,2024-12-01
CUS_0xbc79,CUS_0xbc79_2024_06_01,1,2024-12-01
CUS_0xbc9c,CUS_0xbc9c_2024_06_01,0,2024-12-01
CUS_0xbd32,CUS_0xbd32_2024_06_01,1,2024-12-01
CUS_0xbda6,CUS_0xbda6_2024_06_01,0,2024-12-01
CUS_0xbdf7,CUS_0xbdf7_2024_06_01,0,2024-12-01
CUS_0xbe63,CUS_0xbe63_2024_06_01,0,2024-12-01
CUS_0xbec6,CUS_0xbec6_2024_06_01,0,2024-12-01
CUS_0xbf11,CUS_0xbf11_2024_06_01,1,2024-12-01
CUS_0xbf2e,CUS_0xbf2e_2024_06_01,0,2024-12-01
CUS_0xbf67,CUS_0xbf67_2024_06_01,0,2024-12-01
CUS_0xbf9a,CUS_0xbf9a_2024_06_01,1,2024-12-01
CUS_0xc016,CUS_0xc016_2024_06_01,0,2024-12-01
CUS_0xc02d,CUS_0xc02d_2024_06_01,0,2024-12-01
CUS_0xc08b,CUS_0xc08b_2024_06_01,0,2024-12-01
CUS_0xc0ff,CUS_0xc0ff_2024_06_01,0,2024-12-01
CUS_0xc12e,CUS_0xc12e_2024_06_01,0,2024-12-01
CUS_0xc12f,CUS_0xc12f_2024_06_01,0,2024-12-01
CUS_0xc165,CUS_0xc165_2024_06_01,0,2024-12-01
CUS_0xc180,CUS_0xc180_2024_06_01,0,2024-12-01
CUS_0xc1fa,CUS_0xc1fa_2024_06_01,1,2024-12-01
CUS_0xc218,CUS_0xc218_2024_06_01,1,2024-12-01
CUS_0xc265,CUS_0xc265_2024_06_01,0,2024-12-01
CUS_0xc38d,CUS_0xc38d_2024_06_01,0,2024-12-01
CUS_0xc3c3,CUS_0xc3c3_2024_06_01,0,2024-12-01
CUS_0xc42f,CUS_0xc42f_2024_06_01,1,2024-12-01
CUS_0xc4ac,CUS_0xc4ac_2024_06_01,0,2024-12-01
CUS_0xc505,CUS_0xc505_2024_06_01,0,2024-12-01
CUS_0xc513,CUS_0xc513_2024_06_01,0,2024-12-01
CUS_0xc574,CUS_0xc574_2024_06_01,0,2024-12-01
CUS_0xc5e,CUS_0xc5e_2024_06_01,1,2024-12-01
CUS_0xc6f9,CUS_0xc6f9_2024_06_01,1,2024-12-01
CUS_0xc71a,CUS_0xc71a_2024_06_01,0,2024-12-01
CUS_0xc728,CUS_0xc728_2024_06_01,1,2024-12-01
CUS_0xced,CUS_0xced_2024_06_01,1,2024-12-01
CUS_0xd71,CUS_0xd71_2024_06_01,0,2024-12-01
CUS_0xdcb,CUS_0xdcb_2024_06_01,0,2024-12-01
CUS_0xe51,CUS_0xe51_2024_06_01,0,2024-12-01
CUS_0xe72,CUS_0xe72_2024_06_01,0,2024-12-01
CUS_0xea5,CUS_0xea5_2024_06_01,0,2024-12-01
CUS_0xf70,CUS_0xf70_2024_06_01,0,2024-12-01
CUS_0xff3,CUS_0xff3_2024_06_01,0,2024-12-01
CUS_0x8e8,CUS_0x8e8_2024_03_01,0,2024-09-01
CUS_0x8ea,CUS_0x8ea_2024_03_01,0,2024-09-01
CUS_0x8ebd,CUS_0x8ebd_2024_03_01,0,2024-09-01
CUS_0x8ed5,CUS_0x8ed5_2024_03_01,0,2024-09-01
CUS_0x8efa,CUS_0x8efa_2024_03_01,0,2024-09-01
CUS_0x8f17,CUS_0x8f17_2024_03_01,1,2024-09-01
CUS_0x9046,CUS_0x9046_2024_03_01,0,2024-09-01
CUS_0x906b,CUS_0x906b_2024_03_01,1,2024-09-01
CUS_0x906e,CUS_0x906e_2024_03_01,1,2024-09-01
CUS_0x9126,CUS_0x9126_2024_03_01,0,2024-09-01
CUS_0x9146,CUS_0x9146_2024_03_01,0,2024-09-01
CUS_0x9153,CUS_0x9153_2024_03_01,0,2024-09-01
CUS_0x915a,CUS_0x915a_2024_03_01,0,2024-09-01
CUS_0x91ee,CUS_0x91ee_2024_03_01,0,2024-09-01
CUS_0x91f6,CUS_0x91f6_2024_03_01,0,2024-09-01
CUS_0x9200,CUS_0x9200_2024_03_01,1,2024-09-01
CUS_0x9233,CUS_0x9233_2024_03_01,0,2024-09-01
CUS_0x929d,CUS_0x929d_2024_03_01,0,2024-09-01
CUS_0x92f,CUS_0x92f_2024_03_01,1,2024-09-01
CUS_0x9334,CUS_0x9334_2024_03_01,1,2024-09-01
CUS_0x9336,CUS_0x9336_2024_03_01,1,2024-09-01
CUS_0x9339,CUS_0x9339_2024_03_01,0,2024-09-01
CUS_0x9379,CUS_0x9379_2024_03_01,1,2024-09-01
CUS_0x9381,CUS_0x9381_2024_03_01,1,2024-09-01
CUS_0x9425,CUS_0x9425_2024_03_01,0,2024-09-01
CUS_0x9485,CUS_0x9485_2024_03_01,1,2024-09-01
CUS_0x94e2,CUS_0x94e2_2024_03_01,0,2024-09-01
CUS_0x94f4,CUS_0x94f4_2024_03_01,0,2024-09-01
CUS_0x9525,CUS_0x9525_2024_03_01,1,2024-09-01
CUS_0x9529,CUS_0x9529_2024_03_01,0,2024-09-01
CUS_0x956f,CUS_0x956f_2024_03_01,0,2024-09-01
CUS_0x957e,CUS_0x957e_2024_03_01,1,2024-09-01
CUS_0x9620,CUS_0x9620_2024_03_01,1,2024-09-01
CUS_0x9661,CUS_0x9661_2024_03_01,0,2024-09-01
CUS_0x96c3,CUS_0x96c3_2024_03_01,0,2024-09-01
CUS_0x96d9,CUS_0x96d9_2024_03_01,0,2024-09-01
CUS_0x9783,CUS_0x9783_2024_03_01,0,2024-09-01
CUS_0x982a,CUS_0x982a_2024_03_01,1,2024-09-01
CUS_0x983a,CUS_0x983a_2024_03_01,0,2024-09-01
CUS_0x9871,CUS_0x9871_2024_03_01,0,2024-09-01
CUS_0x987d,CUS_0x987d_2024_03_01,0,2024-09-01
CUS_0x991f,CUS_0x991f_2024_03_01,0,2024-09-01
CUS_0x992b,CUS_0x992b_2024_03_01,1,2024-09-01
CUS_0x9941,CUS_0x9941_2024_03_01,0,2024-09-01
CUS_0x9983,CUS_0x9983_2024_03_01,0,2024-09-01
CUS_0x99c9,CUS_0x99c9_2024_03_01,0,2024-09-01
CUS_0x9a18,CUS_0x9a18_2024_03_01,0,2024-09-01
CUS_0x9a30,CUS_0x9a30_2024_03_01,1,2024-09-01
CUS_0x9a3c,CUS_0x9a3c_2024_03_01,0,2024-09-01
CUS_0x9a70,CUS_0x9a70_2024_03_01,0,2024-09-01
CUS_0x9aa1,CUS_0x9aa1_2024_03_01,0,2024-09-01
CUS_0x9c4f,CUS_0x9c4f_2024_03_01,0,2024-09-01
CUS_0x9c9c,CUS_0x9c9c_2024_03_01,0,2024-09-01
CUS_0x9d1a,CUS_0x9d1a_2024_03_01,0,2024-09-01
CUS_0x9d2f,CUS_0x9d2f_2024_03_01,0,2024-09-01
CUS_0x9d60,CUS_0x9d60_2024_03_01,1,2024-09-01
CUS_0x9d62,CUS_0x9d62_2024_03_01,0,2024-09-01
CUS_0x9da0,CUS_0x9da0_2024_03_01,1,2024-09-01
CUS_0x9dbc,CUS_0x9dbc_2024_03_01,1,2024-09-01
CUS_0x9dd7,CUS_0x9dd7_2024_03_01,0,2024-09-01
CUS_0x9e39,CUS_0x9e39_2024_03_01,1,2024-09-01
CUS_0x9f27,CUS_0x9f27_2024_03_01,1,2024-09-01
CUS_0x9f43,CUS_0x9f43_2024_03_01,0,2024-09-01
CUS_0x9f51,CUS_0x9f51_2024_03_01,1,2024-09-01
CUS_0x9ff3,CUS_0x9ff3_2024_03_01,1,2024-09-01
CUS_0xa037,CUS_0xa037_2024_03_01,0,2024-09-01
CUS_0xa06,CUS_0xa06_2024_03_01,0,2024-09-01
CUS_0xa062,CUS_0xa062_2024_03_01,0,2024-09-01
CUS_0xa078,CUS_0xa078_2024_03_01,0,2024-09-01
CUS_0xa15a,CUS_0xa15a_2024_03_01,0,2024-09-01
CUS_0xa1cc,CUS_0xa1cc_2024_03_01,1,2024-09-01
CUS_0xa20b,CUS_0xa20b_2024_03_01,0,2024-09-01
CUS_0xa21c,CUS_0xa21c_2024_03_01,1,2024-09-01
CUS_0xa27a,CUS_0xa27a_2024_03_01,0,2024-09-01
CUS_0xa294,CUS_0xa294_2024_03_01,0,2024-09-01
CUS_0xa2b2,CUS_0xa2b2_2024_03_01,0,2024-09-01
CUS_0xa2b9,CUS_0xa2b9_2024_03_01,0,2024-09-01
CUS_0xa2f4,CUS_0xa2f4_2024_03_01,0,2024-09-01
CUS_0xa336,CUS_0xa336_2024_03_01,0,2024-09-01
CUS_0xa4ad,CUS_0xa4ad_2024_03_01,1,2024-09-01
CUS_0xa547,CUS_0xa547_2024_03_01,0,2024-09-01
CUS_0xa5c2,CUS_0xa5c2_2024_03_01,0,2024-09-01
CUS_0xa624,CUS_0xa624_2024_03_01,0,2024-09-01
CUS_0xa64d,CUS_0xa64d_2024_03_01,1,2024-09-01
CUS_0xa66a,CUS_0xa66a_2024_03_01,0,2024-09-01
CUS_0xa6e4,CUS_0xa6e4_2024_03_01,1,2024-09-01
CUS_0xa72c,CUS_0xa72c_2024_03_01,0,2024-09-01
CUS_0xa75c,CUS_0xa75c_2024_03_01,1,2024-09-01
CUS_0xa772,CUS_0xa772_2024_03_01,0,2024-09-01
CUS_0xa78f,CUS_0xa78f_2024_03_01,0,2024-09-01
CUS_0xa798,CUS_0xa798_2024_03_01,0,2024-09-01
CUS_0xa835,CUS_0xa835_2024_03_01,0,2024-09-01
CUS_0xa84b,CUS_0xa84b_2024_03_01,1,2024-09-01
CUS_0xa8b1,CUS_0xa8b1_2024_03_01,0,2024-09-01
CUS_0xa8e6,CUS_0xa8e6_2024_03_01,0,2024-09-01
CUS_0xa8ec,CUS_0xa8ec_2024_03_01,0,2024-09-01
CUS_0xa9b1,CUS_0xa9b1_2024_03_01,1,2024-09-01
CUS_0xaa8d,CUS_0xaa8d_2024_03_01,0,2024-09-01
CUS_0xaac6,CUS_0xaac6_2024_03_01,0,2024-09-01
CUS_0xab0e,CUS_0xab0e_2024_03_01,0,2024-09-01
CUS_0xab1f,CUS_0xab1f_2024_03_01,1,2024-09-01
CUS_0xab2f,CUS_0xab2f_2024_03_01,0,2024-09-01
CUS_0xab37,CUS_0xab37_2024_03_01,0,2024-09-01
CUS_0xac19,CUS_0xac19_2024_03_01,0,2024-09-01
CUS_0xac56,CUS_0xac56_2024_03_01,1,2024-09-01
CUS_0xac60,CUS_0xac60_2024_03_01,0,2024-09-01
CUS_0xac7b,CUS_0xac7b_2024_03_01,0,2024-09-01
CUS_0xac81,CUS_0xac81_2024_03_01,0,2024-09-01
CUS_0xaca6,CUS_0xaca6_2024_03_01,0,2024-09-01
CUS_0xacf1,CUS_0xacf1_2024_03_01,0,2024-09-01
CUS_0xadab,CUS_0xadab_2024_03_01,0,2024-09-01
CUS_0xadd7,CUS_0xadd7_2024_03_01,0,2024-09-01
CUS_0xae0,CUS_0xae0_2024_03_01,0,2024-09-01
CUS_0xae0b,CUS_0xae0b_2024_03_01,1,2024-09-01
CUS_0xae15,CUS_0xae15_2024_03_01,0,2024-09-01
CUS_0xaea6,CUS_0xaea6_2024_03_01,1,2024-09-01
CUS_0xaea9,CUS_0xaea9_2024_03_01,0,2024-09-01
CUS_0xaeb1,CUS_0xaeb1_2024_03_01,0,2024-09-01
CUS_0xaecd,CUS_0xaecd_2024_03_01,0,2024-09-01
CUS_0xaeda,CUS_0xaeda_2024_03_01,1,2024-09-01
CUS_0xaf93,CUS_0xaf93_2024_03_01,1,2024-09-01
CUS_0xaf9c,CUS_0xaf9c_2024_03_01,1,2024-09-01
CUS_0xafb6,CUS_0xafb6_2024_03_01,1,2024-09-01
CUS_0xafeb,CUS_0xafeb_2024_03_01,0,2024-09-01
CUS_0xb172,CUS_0xb172_2024_03_01,0,2024-09-01
CUS_0xb1cc,CUS_0xb1cc_2024_03_01,0,2024-09-01
CUS_0xb222,CUS_0xb222_2024_03_01,1,2024-09-01
CUS_0xb23c,CUS_0xb23c_2024_03_01,0,2024-09-01
CUS_0xb26,CUS_0xb26_2024_03_01,0,2024-09-01
CUS_0xb288,CUS_0xb288_2024_03_01,0,2024-09-01
CUS_0xb2a4,CUS_0xb2a4_2024_03_01,0,2024-09-01
CUS_0xb2f7,CUS_0xb2f7_2024_03_01,0,2024-09-01
CUS_0xb37a,CUS_0xb37a_2024_03_01,1,2024-09-01
CUS_0xb3b3,CUS_0xb3b3_2024_03_01,0,2024-09-01
CUS_0xb40d,CUS_0xb40d_2024_03_01,0,2024-09-01
CUS_0xb426,CUS_0xb426_2024_03_01,1,2024-09-01
CUS_0xb481,CUS_0xb481_2024_03_01,0,2024-09-01
CUS_0xb498,CUS_0xb498_2024_03_01,1,2024-09-01
CUS_0xb4be,CUS_0xb4be_2024_03_01,0,2024-09-01
CUS_0xb513,CUS_0xb513_2024_03_01,0,2024-09-01
CUS_0xb51d,CUS_0xb51d_2024_03_01,0,2024-09-01
CUS_0xb5a,CUS_0xb5a_2024_03_01,0,2024-09-01
CUS_0xb5bb,CUS_0xb5bb_2024_03_01,1,2024-09-01
CUS_0xb5da,CUS_0xb5da_2024_03_01,0,2024-09-01
CUS_0xb60f,CUS_0xb60f_2024_03_01,0,2024-09-01
CUS_0xb646,CUS_0xb646_2024_03_01,1,2024-09-01
CUS_0xb66f,CUS_0xb66f_2024_03_01,1,2024-09-01
CUS_0xb676,CUS_0xb676_2024_03_01,0,2024-09-01
CUS_0xb681,CUS_0xb681_2024_03_01,1,2024-09-01
CUS_0xb69a,CUS_0xb69a_2024_03_01,1,2024-09-01
CUS_0xb6d0,CUS_0xb6d0_2024_03_01,0,2024-09-01
CUS_0xb6e7,CUS_0xb6e7_2024_03_01,1,2024-09-01
CUS_0xb794,CUS_0xb794_2024_03_01,0,2024-09-01
CUS_0xb837,CUS_0xb837_2024_03_01,1,2024-09-01
CUS_0xb8c,CUS_0xb8c_2024_03_01,1,2024-09-01
CUS_0xb8e5,CUS_0xb8e5_2024_03_01,0,2024-09-01
CUS_0xb910,CUS_0xb910_2024_03_01,0,2024-09-01
CUS_0xb92b,CUS_0xb92b_2024_03_01,0,2024-09-01
CUS_0xb9ec,CUS_0xb9ec_2024_03_01,0,2024-09-01
CUS_0xb9f,CUS_0xb9f_2024_03_01,0,2024-09-01
CUS_0xba06,CUS_0xba06_2024_03_01,0,2024-09-01
CUS_0xba97,CUS_0xba97_2024_03_01,0,2024-09-01
CUS_0xbb43,CUS_0xbb43_2024_03_01,0,2024-09-01
CUS_0xbb88,CUS_0xbb88_2024_03_01,0,2024-09-01
CUS_0xbc1c,CUS_0xbc1c_2024_03_01,0,2024-09-01
CUS_0xbc38,CUS_0xbc38_2024_03_01,0,2024-09-01
CUS_0xbd45,CUS_0xbd45_2024_03_01,0,2024-09-01
CUS_0xbd7c,CUS_0xbd7c_2024_03_01,0,2024-09-01
CUS_0xbda9,CUS_0xbda9_2024_03_01,1,2024-09-01
CUS_0xbdca,CUS_0xbdca_2024_03_01,0,2024-09-01
CUS_0xbed8,CUS_0xbed8_2024_03_01,0,2024-09-01
CUS_0xbee4,CUS_0xbee4_2024_03_01,1,2024-09-01
CUS_0xbf09,CUS_0xbf09_2024_03_01,1,2024-09-01
CUS_0xbf53,CUS_0xbf53_2024_03_01,1,2024-09-01
CUS_0xbfdb,CUS_0xbfdb_2024_03_01,0,2024-09-01
CUS_0xc045,CUS_0xc045_2024_03_01,0,2024-09-01
CUS_0xc163,CUS_0xc163_2024_03_01,0,2024-09-01
CUS_0xc192,CUS_0xc192_2024_03_01,0,2024-09-01
CUS_0xc1c,CUS_0xc1c_2024_03_01,0,2024-09-01
CUS_0xc1c6,CUS_0xc1c6_2024_03_01,0,2024-09-01
CUS_0xc258,CUS_0xc258_2024_03_01,0,2024-09-01
CUS_0xc2c5,CUS_0xc2c5_2024_03_01,0,2024-09-01
CUS_0xc37b,CUS_0xc37b_2024_03_01,1,2024-09-01
CUS_0xc39d,CUS_0xc39d_2024_03_01,0,2024-09-01
CUS_0xc4a7,CUS_0xc4a7_2024_03_01,0,2024-09-01
CUS_0xc4f4,CUS_0xc4f4_2024_03_01,1,2024-09-01
CUS_0xc586,CUS_0xc586_2024_03_01,1,2024-09-01
CUS_0xc59e,CUS_0xc59e_2024_03_01,0,2024-09-01
CUS_0xc6fa,CUS_0xc6fa_2024_03_01,0,2024-09-01
CUS_0xc730,CUS_0xc730_2024_03_01,0,2024-09-01
CUS_0xce2,CUS_0xce2_2024_03_01,0,2024-09-01
CUS_0xd05,CUS_0xd05_2024_03_01,0,2024-09-01
CUS_0xdd9,CUS_0xdd9_2024_03_01,0,2024-09-01
CUS_0xe09,CUS_0xe09_2024_03_01,1,2024-09-01
CUS_0xe94,CUS_0xe94_2024_03_01,0,2024-09-01
CUS_0xf84,CUS_0xf84_2024_03_01,0,2024-09-01
CUS_0xffd,CUS_0xffd_2024_03_01,0,2024-09-01
CUS_0x8ede,CUS_0x8ede_2023_08_01,1,2024-02-01
CUS_0x8f23,CUS_0x8f23_2023_08_01,0,2024-02-01
CUS_0x8f65,CUS_0x8f65_2023_08_01,0,2024-02-01
CUS_0x9051,CUS_0x9051_2023_08_01,0,2024-02-01
CUS_0x9066,CUS_0x9066_2023_08_01,0,2024-02-01
CUS_0x907c,CUS_0x907c_2023_08_01,0,2024-02-01
CUS_0x915,CUS_0x915_2023_08_01,0,2024-02-01
CUS_0x925c,CUS_0x925c_2023_08_01,0,2024-02-01
CUS_0x93c8,CUS_0x93c8_2023_08_01,1,2024-02-01
CUS_0x9491,CUS_0x9491_2023_08_01,1,2024-02-01
CUS_0x94a6,CUS_0x94a6_2023_08_01,1,2024-02-01
CUS_0x956d,CUS_0x956d_2023_08_01,0,2024-02-01
CUS_0x9570,CUS_0x9570_2023_08_01,0,2024-02-01
CUS_0x9586,CUS_0x9586_2023_08_01,0,2024-02-01
CUS_0x9694,CUS_0x9694_2023_08_01,0,2024-02-01
CUS_0x96b4,CUS_0x96b4_2023_08_01,1,2024-02-01
CUS_0x96cd,CUS_0x96cd_2023_08_01,1,2024-02-01
CUS_0x971a,CUS_0x971a_2023_08_01,1,2024-02-01
CUS_0x971f,CUS_0x971f_2023_08_01,1,2024-02-01
CUS_0x9803,CUS_0x9803_2023_08_01,1,2024-02-01
CUS_0x987a,CUS_0x987a_2023_08_01,0,2024-02-01
CUS_0x9934,CUS_0x9934_2023_08_01,0,2024-02-01
CUS_0x9a06,CUS_0x9a06_2023_08_01,0,2024-02-01
CUS_0x9a4b,CUS_0x9a4b_2023_08_01,0,2024-02-01
CUS_0x9a7a,CUS_0x9a7a_2023_08_01,0,2024-02-01
CUS_0x9a9,CUS_0x9a9_2023_08_01,0,2024-02-01
CUS_0x9ab9,CUS_0x9ab9_2023_08_01,0,2024-02-01
CUS_0x9b63,CUS_0x9b63_2023_08_01,1,2024-02-01
CUS_0x9b80,CUS_0x9b80_2023_08_01,0,2024-02-01
CUS_0x9bb1,CUS_0x9bb1_2023_08_01,0,2024-02-01
CUS_0x9c5b,CUS_0x9c5b_2023_08_01,1,2024-02-01
CUS_0x9ce4,CUS_0x9ce4_2023_08_01,1,2024-02-01
CUS_0x9d87,CUS_0x9d87_2023_08_01,1,2024-02-01
CUS_0x9e13,CUS_0x9e13_2023_08_01,0,2024-02-01
CUS_0x9e5f,CUS_0x9e5f_2023_08_01,1,2024-02-01
CUS_0x9e82,CUS_0x9e82_2023_08_01,0,2024-02-01
CUS_0x9f04,CUS_0x9f04_2023_08_01,0,2024-02-01
CUS_0x9f52,CUS_0x9f52_2023_08_01,1,2024-02-01
CUS_0x9fca,CUS_0x9fca_2023_08_01,0,2024-02-01
CUS_0xa041,CUS_0xa041_2023_08_01,0,2024-02-01
CUS_0xa061,CUS_0xa061_2023_08_01,0,2024-02-01
CUS_0xa1be,CUS_0xa1be_2023_08_01,1,2024-02-01
CUS_0xa1c1,CUS_0xa1c1_2023_08_01,1,2024-02-01
CUS_0xa1cb,CUS_0xa1cb_2023_08_01,1,2024-02-01
CUS_0xa1fc,CUS_0xa1fc_2023_08_01,1,2024-02-01
CUS_0xa223,CUS_0xa223_2023_08_01,0,2024-02-01
CUS_0xa293,CUS_0xa293_2023_08_01,0,2024-02-01
CUS_0xa2a2,CUS_0xa2a2_2023_08_01,0,2024-02-01
CUS_0xa329,CUS_0xa329_2023_08_01,0,2024-02-01
CUS_0xa40b,CUS_0xa40b_2023_08_01,0,2024-02-01
CUS_0xa424,CUS_0xa424_2023_08_01,0,2024-02-01
CUS_0xa42a,CUS_0xa42a_2023_08_01,1,2024-02-01
CUS_0xa47c,CUS_0xa47c_2023_08_01,1,2024-02-01
CUS_0xa4bd,CUS_0xa4bd_2023_08_01,0,2024-02-01
CUS_0xa4c6,CUS_0xa4c6_2023_08_01,0,2024-02-01
CUS_0xa505,CUS_0xa505_2023_08_01,0,2024-02-01
CUS_0xa514,CUS_0xa514_2023_08_01,1,2024-02-01
CUS_0xa56a,CUS_0xa56a_2023_08_01,0,2024-02-01
CUS_0xa6e8,CUS_0xa6e8_2023_08_01,0,2024-02-01
CUS_0xa7aa,CUS_0xa7aa_2023_08_01,0,2024-02-01
CUS_0xa822,CUS_0xa822_2023_08_01,0,2024-02-01
CUS_0xa83a,CUS_0xa83a_2023_08_01,1,2024-02-01
CUS_0xa897,CUS_0xa897_2023_08_01,1,2024-02-01
CUS_0xa8d1,CUS_0xa8d1_2023_08_01,0,2024-02-01
CUS_0xa8d8,CUS_0xa8d8_2023_08_01,1,2024-02-01
CUS_0xa95a,CUS_0xa95a_2023_08_01,0,2024-02-01
CUS_0xa96d,CUS_0xa96d_2023_08_01,1,2024-02-01
CUS_0xa972,CUS_0xa972_2023_08_01,0,2024-02-01
CUS_0xa990,CUS_0xa990_2023_08_01,1,2024-02-01
CUS_0xa995,CUS_0xa995_2023_08_01,0,2024-02-01
CUS_0xa99a,CUS_0xa99a_2023_08_01,0,2024-02-01
CUS_0xa9d6,CUS_0xa9d6_2023_08_01,1,2024-02-01
CUS_0xa9e3,CUS_0xa9e3_2023_08_01,1,2024-02-01
CUS_0xa9e7,CUS_0xa9e7_2023_08_01,0,2024-02-01
CUS_0xaa87,CUS_0xaa87_2023_08_01,0,2024-02-01
CUS_0xaaf8,CUS_0xaaf8_2023_08_01,0,2024-02-01
CUS_0xacc6,CUS_0xacc6_2023_08_01,0,2024-02-01
CUS_0xad30,CUS_0xad30_2023_08_01,1,2024-02-01
CUS_0xada1,CUS_0xada1_2023_08_01,0,2024-02-01
CUS_0xade3,CUS_0xade3_2023_08_01,0,2024-02-01
CUS_0xae61,CUS_0xae61_2023_08_01,0,2024-02-01
CUS_0xae62,CUS_0xae62_2023_08_01,0,2024-02-01
CUS_0xaf4a,CUS_0xaf4a_2023_08_01,0,2024-02-01
CUS_0xaf95,CUS_0xaf95_2023_08_01,0,2024-02-01
CUS_0xaf96,CUS_0xaf96_2023_08_01,0,2024-02-01
CUS_0xb005,CUS_0xb005_2023_08_01,0,2024-02-01
CUS_0xb042,CUS_0xb042_2023_08_01,1,2024-02-01
CUS_0xb0e5,CUS_0xb0e5_2023_08_01,0,2024-02-01
CUS_0xb101,CUS_0xb101_2023_08_01,0,2024-02-01
CUS_0xb229,CUS_0xb229_2023_08_01,0,2024-02-01
CUS_0xb2a3,CUS_0xb2a3_2023_08_01,1,2024-02-01
CUS_0xb3cb,CUS_0xb3cb_2023_08_01,0,2024-02-01
CUS_0xb4c4,CUS_0xb4c4_2023_08_01,0,2024-02-01
CUS_0xb512,CUS_0xb512_2023_08_01,0,2024-02-01
CUS_0xb551,CUS_0xb551_2023_08_01,0,2024-02-01
CUS_0xb593,CUS_0xb593_2023_08_01,1,2024-02-01
CUS_0xb5ae,CUS_0xb5ae_2023_08_01,0,2024-02-01
CUS_0xb5c0,CUS_0xb5c0_2023_08_01,0,2024-02-01
CUS_0xb5d4,CUS_0xb5d4_2023_08_01,0,2024-02-01
CUS_0xb5dd,CUS_0xb5dd_2023_08_01,0,2024-02-01
CUS_0xb68f,CUS_0xb68f_2023_08_01,1,2024-02-01
CUS_0xb6be,CUS_0xb6be_2023_08_01,1,2024-02-01
CUS_0xb76e,CUS_0xb76e_2023_08_01,0,2024-02-01
CUS_0xb87d,CUS_0xb87d_2023_08_01,0,2024-02-01
CUS_0xb948,CUS_0xb948_2023_08_01,0,2024-02-01
CUS_0xb949,CUS_0xb949_2023_08_01,0,2024-02-01
CUS_0xb96c,CUS_0xb96c_2023_08_01,0,2024-02-01
CUS_0xb971,CUS_0xb971_2023_08_01,0,2024-02-01
CUS_0xb9e6,CUS_0xb9e6_2023_08_01,0,2024-02-01
CUS_0xba1d,CUS_0xba1d_2023_08_01,1,2024-02-01
CUS_0xba6,CUS_0xba6_2023_08_01,0,2024-02-01
CUS_0xbb02,CUS_0xbb02_2023_08_01,1,2024-02-01
CUS_0xbb4e,CUS_0xbb4e_2023_08_01,0,2024-02-01
CUS_0xbbaa,CUS_0xbbaa_2023_08_01,0,2024-02-01
CUS_0xbc6a,CUS_0xbc6a_2023_08_01,0,2024-02-01
CUS_0xbcda,CUS_0xbcda_2023_08_01,0,2024-02-01
CUS_0xbce2,CUS_0xbce2_2023_08_01,0,2024-02-01
CUS_0xbd85,CUS_0xbd85_2023_08_01,0,2024-02-01
CUS_0xbe14,CUS_0xbe14_2023_08_01,0,2024-02-01
CUS_0xbe54,CUS_0xbe54_2023_08_01,0,2024-02-01
CUS_0xbeb0,CUS_0xbeb0_2023_08_01,1,2024-02-01
CUS_0xbecb,CUS_0xbecb_2023_08_01,1,2024-02-01
CUS_0xbeec,CUS_0xbeec_2023_08_01,0,2024-02-01
CUS_0xbef7,CUS_0xbef7_2023_08_01,1,2024-02-01
CUS_0xbfd5,CUS_0xbfd5_2023_08_01,0,2024-02-01
CUS_0xc17f,CUS_0xc17f_2023_08_01,0,2024-02-01
CUS_0xc1a6,CUS_0xc1a6_2023_08_01,0,2024-02-01
CUS_0xc22f,CUS_0xc22f_2023_08_01,0,2024-02-01
CUS_0xc271,CUS_0xc271_2023_08_01,0,2024-02-01
CUS_0xc272,CUS_0xc272_2023_08_01,1,2024-02-01
CUS_0xc420,CUS_0xc420_2023_08_01,0,2024-02-01
CUS_0xc44a,CUS_0xc44a_2023_08_01,0,2024-02-01
CUS_0xc45d,CUS_0xc45d_2023_08_01,0,2024-02-01
CUS_0xc4b2,CUS_0xc4b2_2023_08_01,0,2024-02-01
CUS_0xc55a,CUS_0xc55a_2023_08_01,0,2024-02-01
CUS_0xc5d6,CUS_0xc5d6_2023_08_01,1,2024-02-01
CUS_0xc5f8,CUS_0xc5f8_2023_08_01,0,2024-02-01
CUS_0xc61e,CUS_0xc61e_2023_08_01,0,2024-02-01
CUS_0xc6cb,CUS_0xc6cb_2023_08_01,0,2024-02-01
CUS_0xd0c,CUS_0xd0c_2023_08_01,1,2024-02-01
CUS_0xd7d,CUS_0xd7d_2023_08_01,1,2024-02-01
CUS_0xe75,CUS_0xe75_2023_08_01,0,2024-02-01
CUS_0xeb6,CUS_0xeb6_2023_08_01,1,2024-02-01
CUS_0xf79,CUS_0xf79_2023_08_01,0,2024-02-01
CUS_0x8e5f,CUS_0x8e5f_2024_01_01,0,2024-07-01
CUS_0x8e65,CUS_0x8e65_2024_01_01,0,2024-07-01
CUS_0x8f70,CUS_0x8f70_2024_01_01,0,2024-07-01
CUS_0x8fe6,CUS_0x8fe6_2024_01_01,0,2024-07-01
CUS_0x8ff4,CUS_0x8ff4_2024_01_01,1,2024-07-01
CUS_0x905,CUS_0x905_2024_01_01,0,2024-07-01
CUS_0x90f,CUS_0x90f_2024_01_01,0,2024-07-01
CUS_0x9175,CUS_0x9175_2024_01_01,0,2024-07-01
CUS_0x91da,CUS_0x91da_2024_01_01,0,2024-07-01
CUS_0x925d,CUS_0x925d_2024_01_01,1,2024-07-01
CUS_0x92b6,CUS_0x92b6_2024_01_01,1,2024-07-01
CUS_0x92cf,CUS_0x92cf_2024_01_01,0,2024-07-01
CUS_0x92ff,CUS_0x92ff_2024_01_01,0,2024-07-01
CUS_0x9322,CUS_0x9322_2024_01_01,0,2024-07-01
CUS_0x9340,CUS_0x9340_2024_01_01,0,2024-07-01
CUS_0x9378,CUS_0x9378_2024_01_01,1,2024-07-01
CUS_0x9382,CUS_0x9382_2024_01_01,1,2024-07-01
CUS_0x938f,CUS_0x938f_2024_01_01,0,2024-07-01
CUS_0x93ba,CUS_0x93ba_2024_01_01,0,2024-07-01
CUS_0x9476,CUS_0x9476_2024_01_01,1,2024-07-01
CUS_0x9493,CUS_0x9493_2024_01_01,0,2024-07-01
CUS_0x9501,CUS_0x9501_2024_01_01,0,2024-07-01
CUS_0x951b,CUS_0x951b_2024_01_01,0,2024-07-01
CUS_0x9538,CUS_0x9538_2024_01_01,0,2024-07-01
CUS_0x9550,CUS_0x9550_2024_01_01,0,2024-07-01
CUS_0x9567,CUS_0x9567_2024_01_01,0,2024-07-01
CUS_0x9593,CUS_0x9593_2024_01_01,0,2024-07-01
CUS_0x95b6,CUS_0x95b6_2024_01_01,0,2024-07-01
CUS_0x95d2,CUS_0x95d2_2024_01_01,0,2024-07-01
CUS_0x9730,CUS_0x9730_2024_01_01,1,2024-07-01
CUS_0x9769,CUS_0x9769_2024_01_01,0,2024-07-01
CUS_0x9778,CUS_0x9778_2024_01_01,0,2024-07-01
CUS_0x9886,CUS_0x9886_2024_01_01,0,2024-07-01
CUS_0x98f6,CUS_0x98f6_2024_01_01,1,2024-07-01
CUS_0x9906,CUS_0x9906_2024_01_01,0,2024-07-01
CUS_0x991d,CUS_0x991d_2024_01_01,0,2024-07-01
CUS_0x9942,CUS_0x9942_2024_01_01,0,2024-07-01
CUS_0x994c,CUS_0x994c_2024_01_01,0,2024-07-01
CUS_0x999f,CUS_0x999f_2024_01_01,1,2024-07-01
CUS_0x9a0c,CUS_0x9a0c_2024_01_01,0,2024-07-01
CUS_0x9a26,CUS_0x9a26_2024_01_01,0,2024-07-01
CUS_0x9a7,CUS_0x9a7_2024_01_01,0,2024-07-01
CUS_0x9a8d,CUS_0x9a8d_2024_01_01,0,2024-07-01
CUS_0x9b1f,CUS_0x9b1f_2024_01_01,0,2024-07-01
CUS_0x9b58,CUS_0x9b58_2024_01_01,1,2024-07-01
CUS_0x9b5c,CUS_0x9b5c_2024_01_01,0,2024-07-01
CUS_0x9c4b,CUS_0x9c4b_2024_01_01,1,2024-07-01
CUS_0x9c63,CUS_0x9c63_2024_01_01,0,2024-07-01
CUS_0x9caf,CUS_0x9caf_2024_01_01,0,2024-07-01
CUS_0x9d04,CUS_0x9d04_2024_01_01,1,2024-07-01
CUS_0x9d09,CUS_0x9d09_2024_01_01,0,2024-07-01
CUS_0x9e04,CUS_0x9e04_2024_01_01,1,2024-07-01
CUS_0x9e05,CUS_0x9e05_2024_01_01,0,2024-07-01
CUS_0x9e11,CUS_0x9e11_2024_01_01,1,2024-07-01
CUS_0x9e50,CUS_0x9e50_2024_01_01,1,2024-07-01
CUS_0x9e51,CUS_0x9e51_2024_01_01,0,2024-07-01
CUS_0x9e8f,CUS_0x9e8f_2024_01_01,0,2024-07-01
CUS_0x9f5c,CUS_0x9f5c_2024_01_01,1,2024-07-01
CUS_0x9fe6,CUS_0x9fe6_2024_01_01,0,2024-07-01
CUS_0xa053,CUS_0xa053_2024_01_01,0,2024-07-01
CUS_0xa123,CUS_0xa123_2024_01_01,0,2024-07-01
CUS_0xa287,CUS_0xa287_2024_01_01,0,2024-07-01
CUS_0xa2a3,CUS_0xa2a3_2024_01_01,0,2024-07-01
CUS_0xa3db,CUS_0xa3db_2024_01_01,1,2024-07-01
CUS_0xa478,CUS_0xa478_2024_01_01,0,2024-07-01
CUS_0xa4a9,CUS_0xa4a9_2024_01_01,1,2024-07-01
CUS_0xa4b7,CUS_0xa4b7_2024_01_01,0,2024-07-01
CUS_0xa4db,CUS_0xa4db_2024_01_01,1,2024-07-01
CUS_0xa5dd,CUS_0xa5dd_2024_01_01,0,2024-07-01
CUS_0xa61a,CUS_0xa61a_2024_01_01,0,2024-07-01
CUS_0xa6f1,CUS_0xa6f1_2024_01_01,0,2024-07-01
CUS_0xa83c,CUS_0xa83c_2024_01_01,0,2024-07-01
CUS_0xa8ab,CUS_0xa8ab_2024_01_01,1,2024-07-01
CUS_0xa9ca,CUS_0xa9ca_2024_01_01,1,2024-07-01
CUS_0xa9cc,CUS_0xa9cc_2024_01_01,0,2024-07-01
CUS_0xaa83,CUS_0xaa83_2024_01_01,0,2024-07-01
CUS_0xab1c,CUS_0xab1c_2024_01_01,0,2024-07-01
CUS_0xab77,CUS_0xab77_2024_01_01,0,2024-07-01
CUS_0xac93,CUS_0xac93_2024_01_01,1,2024-07-01
CUS_0xad0b,CUS_0xad0b_2024_01_01,0,2024-07-01
CUS_0xad12,CUS_0xad12_2024_01_01,1,2024-07-01
CUS_0xad1e,CUS_0xad1e_2024_01_01,0,2024-07-01
CUS_0xad50,CUS_0xad50_2024_01_01,1,2024-07-01
CUS_0xae98,CUS_0xae98_2024_01_01,0,2024-07-01
CUS_0xaf4c,CUS_0xaf4c_2024_01_01,0,2024-07-01
CUS_0xaf5c,CUS_0xaf5c_2024_01_01,0,2024-07-01
CUS_0xaf8d,CUS_0xaf8d_2024_01_01,0,2024-07-01
CUS_0xb06d,CUS_0xb06d_2024_01_01,1,2024-07-01
CUS_0xb123,CUS_0xb123_2024_01_01,0,2024-07-01
CUS_0xb13d,CUS_0xb13d_2024_01_01,0,2024-07-01
CUS_0xb152,CUS_0xb152_2024_01_01,0,2024-07-01
CUS_0xb16,CUS_0xb16_2024_01_01,0,2024-07-01
CUS_0xb171,CUS_0xb171_2024_01_01,0,2024-07-01
CUS_0xb1e1,CUS_0xb1e1_2024_01_01,1,2024-07-01
CUS_0xb218,CUS_0xb218_2024_01_01,1,2024-07-01
CUS_0xb226,CUS_0xb226_2024_01_01,1,2024-07-01
CUS_0xb227,CUS_0xb227_2024_01_01,0,2024-07-01
CUS_0xb312,CUS_0xb312_2024_01_01,1,2024-07-01
CUS_0xb3c2,CUS_0xb3c2_2024_01_01,0,2024-07-01
CUS_0xb407,CUS_0xb407_2024_01_01,1,2024-07-01
CUS_0xb48d,CUS_0xb48d_2024_01_01,0,2024-07-01
CUS_0xb556,CUS_0xb556_2024_01_01,0,2024-07-01
CUS_0xb6f8,CUS_0xb6f8_2024_01_01,0,2024-07-01
CUS_0xb7a1,CUS_0xb7a1_2024_01_01,0,2024-07-01
CUS_0xb7c7,CUS_0xb7c7_2024_01_01,1,2024-07-01
CUS_0xb7d4,CUS_0xb7d4_2024_01_01,0,2024-07-01
CUS_0xb7fb,CUS_0xb7fb_2024_01_01,1,2024-07-01
CUS_0xb82b,CUS_0xb82b_2024_01_01,0,2024-07-01
CUS_0xb8ea,CUS_0xb8ea_2024_01_01,0,2024-07-01
CUS_0xb98f,CUS_0xb98f_2024_01_01,0,2024-07-01
CUS_0xb99c,CUS_0xb99c_2024_01_01,0,2024-07-01
CUS_0xbae9,CUS_0xbae9_2024_01_01,0,2024-07-01
CUS_0xbc0b,CUS_0xbc0b_2024_01_01,1,2024-07-01
CUS_0xbcd8,CUS_0xbcd8_2024_01_01,0,2024-07-01
CUS_0xbd2d,CUS_0xbd2d_2024_01_01,0,2024-07-01
CUS_0xbd57,CUS_0xbd57_2024_01_01,0,2024-07-01
CUS_0xbda,CUS_0xbda_2024_01_01,1,2024-07-01
CUS_0xbdb4,CUS_0xbdb4_2024_01_01,1,2024-07-01
CUS_0xbdf9,CUS_0xbdf9_2024_01_01,1,2024-07-01
CUS_0xbf64,CUS_0xbf64_2024_01_01,0,2024-07-01
CUS_0xbf9c,CUS_0xbf9c_2024_01_01,0,2024-07-01
CUS_0xc090,CUS_0xc090_2024_01_01,0,2024-07-01
CUS_0xc09f,CUS_0xc09f_2024_01_01,0,2024-07-01
CUS_0xc0cd,CUS_0xc0cd_2024_01_01,1,2024-07-01
CUS_0xc131,CUS_0xc131_2024_01_01,1,2024-07-01
CUS_0xc134,CUS_0xc134_2024_01_01,0,2024-07-01
CUS_0xc1b9,CUS_0xc1b9_2024_01_01,0,2024-07-01
CUS_0xc1ce,CUS_0xc1ce_2024_01_01,1,2024-07-01
CUS_0xc208,CUS_0xc208_2024_01_01,0,2024-07-01
CUS_0xc222,CUS_0xc222_2024_01_01,0,2024-07-01
CUS_0xc24c,CUS_0xc24c_2024_01_01,0,2024-07-01
CUS_0xc2dd,CUS_0xc2dd_2024_01_01,0,2024-07-01
CUS_0xc346,CUS_0xc346_2024_01_01,1,2024-07-01
CUS_0xc349,CUS_0xc349_2024_01_01,1,2024-07-01
CUS_0xc393,CUS_0xc393_2024_01_01,0,2024-07-01
CUS_0xc3d5,CUS_0xc3d5_2024_01_01,1,2024-07-01
CUS_0xc3d6,CUS_0xc3d6_2024_01_01,1,2024-07-01
CUS_0xc49c,CUS_0xc49c_2024_01_01,0,2024-07-01
CUS_0xc4c9,CUS_0xc4c9_2024_01_01,0,2024-07-01
CUS_0xc501,CUS_0xc501_2024_01_01,0,2024-07-01
CUS_0xc50f,CUS_0xc50f_2024_01_01,0,2024-07-01
CUS_0xc517,CUS_0xc517_2024_01_01,0,2024-07-01
CUS_0xc53f,CUS_0xc53f_2024_01_01,1,2024-07-01
CUS_0xc57e,CUS_0xc57e_2024_01_01,0,2024-07-01
CUS_0xc5c9,CUS_0xc5c9_2024_01_01,0,2024-07-01
CUS_0xc5cc,CUS_0xc5cc_2024_01_01,0,2024-07-01
CUS_0xc5f4,CUS_0xc5f4_2024_01_01,0,2024-07-01
CUS_0xc633,CUS_0xc633_2024_01_01,0,2024-07-01
CUS_0xc68d,CUS_0xc68d_2024_01_01,0,2024-07-01
CUS_0xc6d8,CUS_0xc6d8_2024_01_01,1,2024-07-01
CUS_0xe8d,CUS_0xe8d_2024_01_01,1,2024-07-01
CUS_0xf9e,CUS_0xf9e_2024_01_01,0,2024-07-01
CUS_0xffc,CUS_0xffc_2024_01_01,1,2024-07-01
CUS_0x8e71,CUS_0x8e71_2023_12_01,0,2024-06-01
CUS_0x8ee1,CUS_0x8ee1_2023_12_01,0,2024-06-01
CUS_0x8ee3,CUS_0x8ee3_2023_12_01,0,2024-06-01
CUS_0x8f20,CUS_0x8f20_2023_12_01,0,2024-06-01
CUS_0x8f4f,CUS_0x8f4f_2023_12_01,1,2024-06-01
CUS_0x8fa9,CUS_0x8fa9_2023_12_01,1,2024-06-01
CUS_0x8fee,CUS_0x8fee_2023_12_01,0,2024-06-01
CUS_0x909d,CUS_0x909d_2023_12_01,1,2024-06-01
CUS_0x9165,CUS_0x9165_2023_12_01,0,2024-06-01
CUS_0x9173,CUS_0x9173_2023_12_01,0,2024-06-01
CUS_0x9192,CUS_0x9192_2023_12_01,0,2024-06-01
CUS_0x91dd,CUS_0x91dd_2023_12_01,0,2024-06-01
CUS_0x91fe,CUS_0x91fe_2023_12_01,0,2024-06-01
CUS_0x9214,CUS_0x9214_2023_12_01,1,2024-06-01
CUS_0x9281,CUS_0x9281_2023_12_01,1,2024-06-01
CUS_0x92df,CUS_0x92df_2023_12_01,0,2024-06-01
CUS_0x9423,CUS_0x9423_2023_12_01,0,2024-06-01
CUS_0x94aa,CUS_0x94aa_2023_12_01,0,2024-06-01
CUS_0x9595,CUS_0x9595_2023_12_01,0,2024-06-01
CUS_0x960f,CUS_0x960f_2023_12_01,1,2024-06-01
CUS_0x961d,CUS_0x961d_2023_12_01,1,2024-06-01
CUS_0x965e,CUS_0x965e_2023_12_01,0,2024-06-01
CUS_0x96b5,CUS_0x96b5_2023_12_01,0,2024-06-01
CUS_0x9741,CUS_0x9741_2023_12_01,1,2024-06-01
CUS_0x9761,CUS_0x9761_2023_12_01,0,2024-06-01
CUS_0x9815,CUS_0x9815_2023_12_01,1,2024-06-01
CUS_0x98f5,CUS_0x98f5_2023_12_01,1,2024-06-01
CUS_0x997,CUS_0x997_2023_12_01,0,2024-06-01
CUS_0x99be,CUS_0x99be_2023_12_01,0,2024-06-01
CUS_0x99dc,CUS_0x99dc_2023_12_01,1,2024-06-01
CUS_0x9a6b,CUS_0x9a6b_2023_12_01,0,2024-06-01
CUS_0x9adc,CUS_0x9adc_2023_12_01,0,2024-06-01
CUS_0x9afb,CUS_0x9afb_2023_12_01,1,2024-06-01
CUS_0x9bbd,CUS_0x9bbd_2023_12_01,0,2024-06-01
CUS_0x9c34,CUS_0x9c34_2023_12_01,1,2024-06-01
CUS_0x9cdf,CUS_0x9cdf_2023_12_01,0,2024-06-01
CUS_0x9ce9,CUS_0x9ce9_2023_12_01,0,2024-06-01
CUS_0x9d89,CUS_0x9d89_2023_12_01,0,2024-06-01
CUS_0x9dc1,CUS_0x9dc1_2023_12_01,1,2024-06-01
CUS_0x9de2,CUS_0x9de2_2023_12_01,0,2024-06-01
CUS_0x9e26,CUS_0x9e26_2023_12_01,1,2024-06-01
CUS_0x9f25,CUS_0x9f25_2023_12_01,1,2024-06-01
CUS_0xa03a,CUS_0xa03a_2023_12_01,0,2024-06-01
CUS_0xa040,CUS_0xa040_2023_12_01,0,2024-06-01
CUS_0xa05d,CUS_0xa05d_2023_12_01,0,2024-06-01
CUS_0xa080,CUS_0xa080_2023_12_01,0,2024-06-01
CUS_0xa08b,CUS_0xa08b_2023_12_01,0,2024-06-01
CUS_0xa0d,CUS_0xa0d_2023_12_01,0,2024-06-01
CUS_0xa1b,CUS_0xa1b_2023_12_01,0,2024-06-01
CUS_0xa1bd,CUS_0xa1bd_2023_12_01,1,2024-06-01
CUS_0xa1f1,CUS_0xa1f1_2023_12_01,1,2024-06-01
CUS_0xa23e,CUS_0xa23e_2023_12_01,0,2024-06-01
CUS_0xa282,CUS_0xa282_2023_12_01,0,2024-06-01
CUS_0xa2ac,CUS_0xa2ac_2023_12_01,1,2024-06-01
CUS_0xa2b,CUS_0xa2b_2023_12_01,0,2024-06-01
CUS_0xa301,CUS_0xa301_2023_12_01,0,2024-06-01
CUS_0xa350,CUS_0xa350_2023_12_01,0,2024-06-01
CUS_0xa36e,CUS_0xa36e_2023_12_01,0,2024-06-01
CUS_0xa3bf,CUS_0xa3bf_2023_12_01,1,2024-06-01
CUS_0xa465,CUS_0xa465_2023_12_01,0,2024-06-01
CUS_0xa46f,CUS_0xa46f_2023_12_01,0,2024-06-01
CUS_0xa47,CUS_0xa47_2023_12_01,1,2024-06-01
CUS_0xa4f2,CUS_0xa4f2_2023_12_01,0,2024-06-01
CUS_0xa530,CUS_0xa530_2023_12_01,1,2024-06-01
CUS_0xa54b,CUS_0xa54b_2023_12_01,0,2024-06-01
CUS_0xa585,CUS_0xa585_2023_12_01,1,2024-06-01
CUS_0xa648,CUS_0xa648_2023_12_01,0,2024-06-01
CUS_0xa66c,CUS_0xa66c_2023_12_01,0,2024-06-01
CUS_0xa741,CUS_0xa741_2023_12_01,0,2024-06-01
CUS_0xa766,CUS_0xa766_2023_12_01,0,2024-06-01
CUS_0xa773,CUS_0xa773_2023_12_01,1,2024-06-01
CUS_0xa781,CUS_0xa781_2023_12_01,0,2024-06-01
CUS_0xa8a,CUS_0xa8a_2023_12_01,1,2024-06-01
CUS_0xa964,CUS_0xa964_2023_12_01,0,2024-06-01
CUS_0xa9a2,CUS_0xa9a2_2023_12_01,1,2024-06-01
CUS_0xaa80,CUS_0xaa80_2023_12_01,0,2024-06-01
CUS_0xab9c,CUS_0xab9c_2023_12_01,0,2024-06-01
CUS_0xabd9,CUS_0xabd9_2023_12_01,0,2024-06-01
CUS_0xac2d,CUS_0xac2d_2023_12_01,0,2024-06-01
CUS_0xac4a,CUS_0xac4a_2023_12_01,0,2024-06-01
CUS_0xacb2,CUS_0xacb2_2023_12_01,1,2024-06-01
CUS_0xacec,CUS_0xacec_2023_12_01,0,2024-06-01
CUS_0xad0e,CUS_0xad0e_2023_12_01,1,2024-06-01
CUS_0xad11,CUS_0xad11_2023_12_01,0,2024-06-01
CUS_0xad3f,CUS_0xad3f_2023_12_01,0,2024-06-01
CUS_0xad4f,CUS_0xad4f_2023_12_01,1,2024-06-01
CUS_0xad97,CUS_0xad97_2023_12_01,1,2024-06-01
CUS_0xada3,CUS_0xada3_2023_12_01,0,2024-06-01
CUS_0xadf5,CUS_0xadf5_2023_12_01,0,2024-06-01
CUS_0xae42,CUS_0xae42_2023_12_01,0,2024-06-01
CUS_0xae4f,CUS_0xae4f_2023_12_01,1,2024-06-01
CUS_0xb024,CUS_0xb024_2023_12_01,0,2024-06-01
CUS_0xb066,CUS_0xb066_2023_12_01,0,2024-06-01
CUS_0xb14d,CUS_0xb14d_2023_12_01,0,2024-06-01
CUS_0xb15e,CUS_0xb15e_2023_12_01,0,2024-06-01
CUS_0xb160,CUS_0xb160_2023_12_01,0,2024-06-01
CUS_0xb1c2,CUS_0xb1c2_2023_12_01,1,2024-06-01
CUS_0xb1e7,CUS_0xb1e7_2023_12_01,1,2024-06-01
CUS_0xb2d2,CUS_0xb2d2_2023_12_01,1,2024-06-01
CUS_0xb3f2,CUS_0xb3f2_2023_12_01,0,2024-06-01
CUS_0xb460,CUS_0xb460_2023_12_01,0,2024-06-01
CUS_0xb607,CUS_0xb607_2023_12_01,0,2024-06-01
CUS_0xb637,CUS_0xb637_2023_12_01,0,2024-06-01
CUS_0xb648,CUS_0xb648_2023_12_01,0,2024-06-01
CUS_0xb658,CUS_0xb658_2023_12_01,0,2024-06-01
CUS_0xb68e,CUS_0xb68e_2023_12_01,0,2024-06-01
CUS_0xb6eb,CUS_0xb6eb_2023_12_01,1,2024-06-01
CUS_0xb756,CUS_0xb756_2023_12_01,0,2024-06-01
CUS_0xb7c4,CUS_0xb7c4_2023_12_01,1,2024-06-01
CUS_0xb7d0,CUS_0xb7d0_2023_12_01,0,2024-06-01
CUS_0xb83d,CUS_0xb83d_2023_12_01,0,2024-06-01
CUS_0xb89,CUS_0xb89_2023_12_01,1,2024-06-01
CUS_0xb8a1,CUS_0xb8a1_2023_12_01,1,2024-06-01
CUS_0xb98d,CUS_0xb98d_2023_12_01,0,2024-06-01
CUS_0xb9d2,CUS_0xb9d2_2023_12_01,0,2024-06-01
CUS_0xba5,CUS_0xba5_2023_12_01,0,2024-06-01
CUS_0xba68,CUS_0xba68_2023_12_01,1,2024-06-01
CUS_0xba6c,CUS_0xba6c_2023_12_01,1,2024-06-01
CUS_0xba96,CUS_0xba96_2023_12_01,0,2024-06-01
CUS_0xbb6c,CUS_0xbb6c_2023_12_01,1,2024-06-01
CUS_0xbc06,CUS_0xbc06_2023_12_01,1,2024-06-01
CUS_0xbd23,CUS_0xbd23_2023_12_01,0,2024-06-01
CUS_0xbd89,CUS_0xbd89_2023_12_01,0,2024-06-01
CUS_0xbe89,CUS_0xbe89_2023_12_01,0,2024-06-01
CUS_0xbeef,CUS_0xbeef_2023_12_01,0,2024-06-01
CUS_0xbf1d,CUS_0xbf1d_2023_12_01,0,2024-06-01
CUS_0xbf8f,CUS_0xbf8f_2023_12_01,0,2024-06-01
CUS_0xc11e,CUS_0xc11e_2023_12_01,0,2024-06-01
CUS_0xc166,CUS_0xc166_2023_12_01,0,2024-06-01
CUS_0xc181,CUS_0xc181_2023_12_01,0,2024-06-01
CUS_0xc18f,CUS_0xc18f_2023_12_01,0,2024-06-01
CUS_0xc1dc,CUS_0xc1dc_2023_12_01,0,2024-06-01
CUS_0xc331,CUS_0xc331_2023_12_01,1,2024-06-01
CUS_0xc3cc,CUS_0xc3cc_2023_12_01,0,2024-06-01
CUS_0xc48b,CUS_0xc48b_2023_12_01,1,2024-06-01
CUS_0xc52c,CUS_0xc52c_2023_12_01,0,2024-06-01
CUS_0xc5f9,CUS_0xc5f9_2023_12_01,0,2024-06-01
CUS_0xc664,CUS_0xc664_2023_12_01,1,2024-06-01
CUS_0xc680,CUS_0xc680_2023_12_01,1,2024-06-01
CUS_0xc70e,CUS_0xc70e_2023_12_01,0,2024-06-01
CUS_0xc9f,CUS_0xc9f_2023_12_01,0,2024-06-01
CUS_0xd61,CUS_0xd61_2023_12_01,0,2024-06-01
CUS_0xde7,CUS_0xde7_2023_12_01,0,2024-06-01
CUS_0xe32,CUS_0xe32_2023_12_01,0,2024-06-01
CUS_0xe42,CUS_0xe42_2023_12_01,1,2024-06-01
CUS_0xedf,CUS_0xedf_2023_12_01,1,2024-06-01
CUS_0xfb4,CUS_0xfb4_2023_12_01,0,2024-06-01
CUS_0x8ecf,CUS_0x8ecf_2023_05_01,1,2023-11-01
CUS_0x8f0c,CUS_0x8f0c_2023_05_01,0,2023-11-01
CUS_0x8fa0,CUS_0x8fa0_2023_05_01,0,2023-11-01
CUS_0x8fdf,CUS_0x8fdf_2023_05_01,0,2023-11-01
CUS_0x8fea,CUS_0x8fea_2023_05_01,0,2023-11-01
CUS_0x903f,CUS_0x903f_2023_05_01,0,2023-11-01
CUS_0x905e,CUS_0x905e_2023_05_01,0,2023-11-01
CUS_0x9087,CUS_0x9087_2023_05_01,0,2023-11-01
CUS_0x90a1,CUS_0x90a1_2023_05_01,0,2023-11-01
CUS_0x9189,CUS_0x9189_2023_05_01,1,2023-11-01
CUS_0x91c4,CUS_0x91c4_2023_05_01,0,2023-11-01
CUS_0x9274,CUS_0x9274_2023_05_01,0,2023-11-01
CUS_0x9275,CUS_0x9275_2023_05_01,0,2023-11-01
CUS_0x9296,CUS_0x9296_2023_05_01,0,2023-11-01
CUS_0x9297,CUS_0x9297_2023_05_01,0,2023-11-01
CUS_0x93bb,CUS_0x93bb_2023_05_01,1,2023-11-01
CUS_0x93d2,CUS_0x93d2_2023_05_01,1,2023-11-01
CUS_0x9434,CUS_0x9434_2023_05_01,0,2023-11-01
CUS_0x9534,CUS_0x9534_2023_05_01,0,2023-11-01
CUS_0x95ef,CUS_0x95ef_2023_05_01,1,2023-11-01
CUS_0x95f0,CUS_0x95f0_2023_05_01,0,2023-11-01
CUS_0x970b,CUS_0x970b_2023_05_01,0,2023-11-01
CUS_0x973e,CUS_0x973e_2023_05_01,1,2023-11-01
CUS_0x980b,CUS_0x980b_2023_05_01,0,2023-11-01
CUS_0x9819,CUS_0x9819_2023_05_01,0,2023-11-01
CUS_0x981d,CUS_0x981d_2023_05_01,1,2023-11-01
CUS_0x982e,CUS_0x982e_2023_05_01,0,2023-11-01
CUS_0x9902,CUS_0x9902_2023_05_01,0,2023-11-01
CUS_0x9919,CUS_0x9919_2023_05_01,1,2023-11-01
CUS_0x9931,CUS_0x9931_2023_05_01,0,2023-11-01
CUS_0x995,CUS_0x995_2023_05_01,0,2023-11-01
CUS_0x99a,CUS_0x99a_2023_05_01,1,2023-11-01
CUS_0x99f1,CUS_0x99f1_2023_05_01,0,2023-11-01
CUS_0x9a92,CUS_0x9a92_2023_05_01,0,2023-11-01
CUS_0x9b0f,CUS_0x9b0f_2023_05_01,0,2023-11-01
CUS_0x9b46,CUS_0x9b46_2023_05_01,0,2023-11-01
CUS_0x9b5a,CUS_0x9b5a_2023_05_01,0,2023-11-01
CUS_0x9be9,CUS_0x9be9_2023_05_01,1,2023-11-01
CUS_0x9bf9,CUS_0x9bf9_2023_05_01,0,2023-11-01
CUS_0x9c28,CUS_0x9c28_2023_05_01,1,2023-11-01
CUS_0x9c30,CUS_0x9c30_2023_05_01,0,2023-11-01
CUS_0x9cc4,CUS_0x9cc4_2023_05_01,0,2023-11-01
CUS_0x9ce8,CUS_0x9ce8_2023_05_01,1,2023-11-01
CUS_0x9d86,CUS_0x9d86_2023_05_01,0,2023-11-01
CUS_0x9df6,CUS_0x9df6_2023_05_01,0,2023-11-01
CUS_0x9e3c,CUS_0x9e3c_2023_05_01,0,2023-11-01
CUS_0x9f3,CUS_0x9f3_2023_05_01,0,2023-11-01
CUS_0x9f5e,CUS_0x9f5e_2023_05_01,1,2023-11-01
CUS_0x9fab,CUS_0x9fab_2023_05_01,0,2023-11-01
CUS_0xa005,CUS_0xa005_2023_05_01,0,2023-11-01
CUS_0xa03c,CUS_0xa03c_2023_05_01,0,2023-11-01
CUS_0xa04f,CUS_0xa04f_2023_05_01,1,2023-11-01
CUS_0xa0ee,CUS_0xa0ee_2023_05_01,1,2023-11-01
CUS_0xa0f4,CUS_0xa0f4_2023_05_01,0,2023-11-01
CUS_0xa11c,CUS_0xa11c_2023_05_01,1,2023-11-01
CUS_0xa12,CUS_0xa12_2023_05_01,1,2023-11-01
CUS_0xa1ab,CUS_0xa1ab_2023_05_01,0,2023-11-01
CUS_0xa299,CUS_0xa299_2023_05_01,0,2023-11-01
CUS_0xa29a,CUS_0xa29a_2023_05_01,0,2023-11-01
CUS_0xa2de,CUS_0xa2de_2023_05_01,0,2023-11-01
CUS_0xa300,CUS_0xa300_2023_05_01,0,2023-11-01
CUS_0xa326,CUS_0xa326_2023_05_01,0,2023-11-01
CUS_0xa342,CUS_0xa342_2023_05_01,0,2023-11-01
CUS_0xa37,CUS_0xa37_2023_05_01,1,2023-11-01
CUS_0xa42f,CUS_0xa42f_2023_05_01,1,2023-11-01
CUS_0xa5ac,CUS_0xa5ac_2023_05_01,0,2023-11-01
CUS_0xa5b6,CUS_0xa5b6_2023_05_01,0,2023-11-01
CUS_0xa5be,CUS_0xa5be_2023_05_01,0,2023-11-01
CUS_0xa5ee,CUS_0xa5ee_2023_05_01,0,2023-11-01
CUS_0xa66b,CUS_0xa66b_2023_05_01,0,2023-11-01
CUS_0xa685,CUS_0xa685_2023_05_01,0,2023-11-01
CUS_0xa696,CUS_0xa696_2023_05_01,0,2023-11-01
CUS_0xa6f4,CUS_0xa6f4_2023_05_01,0,2023-11-01
CUS_0xa762,CUS_0xa762_2023_05_01,0,2023-11-01
CUS_0xa77e,CUS_0xa77e_2023_05_01,0,2023-11-01
CUS_0xa7ea,CUS_0xa7ea_2023_05_01,0,2023-11-01
CUS_0xa9f5,CUS_0xa9f5_2023_05_01,1,2023-11-01
CUS_0xaa15,CUS_0xaa15_2023_05_01,0,2023-11-01
CUS_0xaa52,CUS_0xaa52_2023_05_01,0,2023-11-01
CUS_0xaa5b,CUS_0xaa5b_2023_05_01,1,2023-11-01
CUS_0xaa85,CUS_0xaa85_2023_05_01,0,2023-11-01
CUS_0xaac3,CUS_0xaac3_2023_05_01,0,2023-11-01
CUS_0xab17,CUS_0xab17_2023_05_01,0,2023-11-01
CUS_0xab2,CUS_0xab2_2023_05_01,0,2023-11-01
CUS_0xab92,CUS_0xab92_2023_05_01,1,2023-11-01
CUS_0xac39,CUS_0xac39_2023_05_01,0,2023-11-01
CUS_0xac41,CUS_0xac41_2023_05_01,1,2023-11-01
CUS_0xac86,CUS_0xac86_2023_05_01,0,2023-11-01
CUS_0xad38,CUS_0xad38_2023_05_01,1,2023-11-01
CUS_0xad3d,CUS_0xad3d_2023_05_01,0,2023-11-01
CUS_0xae34,CUS_0xae34_2023_05_01,0,2023-11-01
CUS_0xae79,CUS_0xae79_2023_05_01,0,2023-11-01
CUS_0xb0e8,CUS_0xb0e8_2023_05_01,0,2023-11-01
CUS_0xb115,CUS_0xb115_2023_05_01,0,2023-11-01
CUS_0xb143,CUS_0xb143_2023_05_01,1,2023-11-01
CUS_0xb14c,CUS_0xb14c_2023_05_01,0,2023-11-01
CUS_0xb1bc,CUS_0xb1bc_2023_05_01,1,2023-11-01
CUS_0xb1dd,CUS_0xb1dd_2023_05_01,0,2023-11-01
CUS_0xb203,CUS_0xb203_2023_05_01,1,2023-11-01
CUS_0xb250,CUS_0xb250_2023_05_01,1,2023-11-01
CUS_0xb282,CUS_0xb282_2023_05_01,0,2023-11-01
CUS_0xb293,CUS_0xb293_2023_05_01,1,2023-11-01
CUS_0xb3b0,CUS_0xb3b0_2023_05_01,0,2023-11-01
CUS_0xb46b,CUS_0xb46b_2023_05_01,1,2023-11-01
CUS_0xb4e2,CUS_0xb4e2_2023_05_01,1,2023-11-01
CUS_0xb4fd,CUS_0xb4fd_2023_05_01,0,2023-11-01
CUS_0xb583,CUS_0xb583_2023_05_01,0,2023-11-01
CUS_0xb59b,CUS_0xb59b_2023_05_01,0,2023-11-01
CUS_0xb5b9,CUS_0xb5b9_2023_05_01,0,2023-11-01
CUS_0xb70f,CUS_0xb70f_2023_05_01,0,2023-11-01
CUS_0xb744,CUS_0xb744_2023_05_01,0,2023-11-01
CUS_0xb82,CUS_0xb82_2023_05_01,1,2023-11-01
CUS_0xb9ea,CUS_0xb9ea_2023_05_01,0,2023-11-01
CUS_0xbaa8,CUS_0xbaa8_2023_05_01,0,2023-11-01
CUS_0xbb6a,CUS_0xbb6a_2023_05_01,1,2023-11-01
CUS_0xbb94,CUS_0xbb94_2023_05_01,1,2023-11-01
CUS_0xbc05,CUS_0xbc05_2023_05_01,1,2023-11-01
CUS_0xbcca,CUS_0xbcca_2023_05_01,0,2023-11-01
CUS_0xbcf7,CUS_0xbcf7_2023_05_01,1,2023-11-01
CUS_0xbd1e,CUS_0xbd1e_2023_05_01,0,2023-11-01
CUS_0xbd29,CUS_0xbd29_2023_05_01,0,2023-11-01
CUS_0xbda2,CUS_0xbda2_2023_05_01,0,2023-11-01
CUS_0xbdf,CUS_0xbdf_2023_05_01,0,2023-11-01
CUS_0xbe20,CUS_0xbe20_2023_05_01,0,2023-11-01
CUS_0xbe64,CUS_0xbe64_2023_05_01,0,2023-11-01
CUS_0xbe7,CUS_0xbe7_2023_05_01,1,2023-11-01
CUS_0xbe70,CUS_0xbe70_2023_05_01,1,2023-11-01
CUS_0xbf03,CUS_0xbf03_2023_05_01,0,2023-11-01
CUS_0xbf18,CUS_0xbf18_2023_05_01,0,2023-11-01
CUS_0xbfb5,CUS_0xbfb5_2023_05_01,0,2023-11-01
CUS_0xbfeb,CUS_0xbfeb_2023_05_01,1,2023-11-01
CUS_0xc0c8,CUS_0xc0c8_2023_05_01,0,2023-11-01
CUS_0xc16d,CUS_0xc16d_2023_05_01,0,2023-11-01
CUS_0xc29a,CUS_0xc29a_2023_05_01,1,2023-11-01
CUS_0xc2f5,CUS_0xc2f5_2023_05_01,0,2023-11-01
CUS_0xc30f,CUS_0xc30f_2023_05_01,0,2023-11-01
CUS_0xc319,CUS_0xc319_2023_05_01,1,2023-11-01
CUS_0xc365,CUS_0xc365_2023_05_01,0,2023-11-01
CUS_0xc475,CUS_0xc475_2023_05_01,0,2023-11-01
CUS_0xc4b3,CUS_0xc4b3_2023_05_01,0,2023-11-01
CUS_0xc515,CUS_0xc515_2023_05_01,1,2023-11-01
CUS_0xc524,CUS_0xc524_2023_05_01,0,2023-11-01
CUS_0xc526,CUS_0xc526_2023_05_01,0,2023-11-01
CUS_0xc52a,CUS_0xc52a_2023_05_01,1,2023-11-01
CUS_0xc5b0,CUS_0xc5b0_2023_05_01,0,2023-11-01
CUS_0xc62a,CUS_0xc62a_2023_05_01,1,2023-11-01
CUS_0xc648,CUS_0xc648_2023_05_01,0,2023-11-01
CUS_0xc65,CUS_0xc65_2023_05_01,0,2023-11-01
CUS_0xc6be,CUS_0xc6be_2023_05_01,0,2023-11-01
CUS_0xc704,CUS_0xc704_2023_05_01,0,2023-11-01
CUS_0xd35,CUS_0xd35_2023_05_01,0,2023-11-01
CUS_0xd8e,CUS_0xd8e_2023_05_01,0,2023-11-01
CUS_0xdf5,CUS_0xdf5_2023_05_01,0,2023-11-01
CUS_0xe2f,CUS_0xe2f_2023_05_01,0,2023-11-01
CUS_0xe36,CUS_0xe36_2023_05_01,0,2023-11-01
CUS_0xf01,CUS_0xf01_2023_05_01,1,2023-11-01
CUS_0xf45,CUS_0xf45_2023_05_01,1,2023-11-01
CUS_0xf9f,CUS_0xf9f_2023_05_01,0,2023-11-01
CUS_0x8e82,CUS_0x8e82_2024_04_01,0,2024-10-01
CUS_0x8f16,CUS_0x8f16_2024_04_01,0,2024-10-01
CUS_0x8f1b,CUS_0x8f1b_2024_04_01,0,2024-10-01
CUS_0x8fb8,CUS_0x8fb8_2024_04_01,1,2024-10-01
CUS_0x8fcd,CUS_0x8fcd_2024_04_01,0,2024-10-01
CUS_0x90d0,CUS_0x90d0_2024_04_01,1,2024-10-01
CUS_0x90ef,CUS_0x90ef_2024_04_01,0,2024-10-01
CUS_0x914e,CUS_0x914e_2024_04_01,0,2024-10-01
CUS_0x9169,CUS_0x9169_2024_04_01,0,2024-10-01
CUS_0x925e,CUS_0x925e_2024_04_01,0,2024-10-01
CUS_0x927e,CUS_0x927e_2024_04_01,0,2024-10-01
CUS_0x9330,CUS_0x9330_2024_04_01,0,2024-10-01
CUS_0x9338,CUS_0x9338_2024_04_01,0,2024-10-01
CUS_0x9365,CUS_0x9365_2024_04_01,1,2024-10-01
CUS_0x939b,CUS_0x939b_2024_04_01,0,2024-10-01
CUS_0x93b2,CUS_0x93b2_2024_04_01,1,2024-10-01
CUS_0x93c9,CUS_0x93c9_2024_04_01,0,2024-10-01
CUS_0x93f5,CUS_0x93f5_2024_04_01,0,2024-10-01
CUS_0x93ff,CUS_0x93ff_2024_04_01,1,2024-10-01
CUS_0x9497,CUS_0x9497_2024_04_01,1,2024-10-01
CUS_0x952a,CUS_0x952a_2024_04_01,0,2024-10-01
CUS_0x9557,CUS_0x9557_2024_04_01,1,2024-10-01
CUS_0x9576,CUS_0x9576_2024_04_01,0,2024-10-01
CUS_0x965d,CUS_0x965d_2024_04_01,0,2024-10-01
CUS_0x969b,CUS_0x969b_2024_04_01,0,2024-10-01
CUS_0x97a0,CUS_0x97a0_2024_04_01,0,2024-10-01
CUS_0x9813,CUS_0x9813_2024_04_01,0,2024-10-01
CUS_0x9878,CUS_0x9878_2024_04_01,1,2024-10-01
CUS_0x98fc,CUS_0x98fc_2024_04_01,0,2024-10-01
CUS_0x991b,CUS_0x991b_2024_04_01,0,2024-10-01
CUS_0x99b3,CUS_0x99b3_2024_04_01,0,2024-10-01
CUS_0x99c5,CUS_0x99c5_2024_04_01,1,2024-10-01
CUS_0x9a1c,CUS_0x9a1c_2024_04_01,1,2024-10-01
CUS_0x9a2c,CUS_0x9a2c_2024_04_01,1,2024-10-01
CUS_0x9a4a,CUS_0x9a4a_2024_04_01,0,2024-10-01
CUS_0x9acf,CUS_0x9acf_2024_04_01,0,2024-10-01
CUS_0x9af6,CUS_0x9af6_2024_04_01,0,2024-10-01
CUS_0x9c65,CUS_0x9c65_2024_04_01,0,2024-10-01
CUS_0x9c99,CUS_0x9c99_2024_04_01,1,2024-10-01
CUS_0x9ce3,CUS_0x9ce3_2024_04_01,1,2024-10-01
CUS_0x9d38,CUS_0x9d38_2024_04_01,0,2024-10-01
CUS_0x9db5,CUS_0x9db5_2024_04_01,1,2024-10-01
CUS_0x9e0,CUS_0x9e0_2024_04_01,0,2024-10-01
CUS_0x9e43,CUS_0x9e43_2024_04_01,0,2024-10-01
CUS_0x9e68,CUS_0x9e68_2024_04_01,1,2024-10-01
CUS_0x9fd0,CUS_0x9fd0_2024_04_01,0,2024-10-01
CUS_0x9ff7,CUS_0x9ff7_2024_04_01,0,2024-10-01
CUS_0xa015,CUS_0xa015_2024_04_01,0,2024-10-01
CUS_0xa075,CUS_0xa075_2024_04_01,1,2024-10-01
CUS_0xa082,CUS_0xa082_2024_04_01,0,2024-10-01
CUS_0xa0cd,CUS_0xa0cd_2024_04_01,0,2024-10-01
CUS_0xa18d,CUS_0xa18d_2024_04_01,1,2024-10-01
CUS_0xa1a8,CUS_0xa1a8_2024_04_01,0,2024-10-01
CUS_0xa22b,CUS_0xa22b_2024_04_01,0,2024-10-01
CUS_0xa276,CUS_0xa276_2024_04_01,0,2024-10-01
CUS_0xa3df,CUS_0xa3df_2024_04_01,0,2024-10-01
CUS_0xa3f4,CUS_0xa3f4_2024_04_01,0,2024-10-01
CUS_0xa403,CUS_0xa403_2024_04_01,0,2024-10-01
CUS_0xa411,CUS_0xa411_2024_04_01,0,2024-10-01
CUS_0xa453,CUS_0xa453_2024_04_01,0,2024-10-01
CUS_0xa459,CUS_0xa459_2024_04_01,1,2024-10-01
CUS_0xa46,CUS_0xa46_2024_04_01,0,2024-10-01
CUS_0xa4fd,CUS_0xa4fd_2024_04_01,0,2024-10-01
CUS_0xa567,CUS_0xa567_2024_04_01,0,2024-10-01
CUS_0xa56d,CUS_0xa56d_2024_04_01,1,2024-10-01
CUS_0xa60a,CUS_0xa60a_2024_04_01,0,2024-10-01
CUS_0xa64c,CUS_0xa64c_2024_04_01,0,2024-10-01
CUS_0xa663,CUS_0xa663_2024_04_01,0,2024-10-01
CUS_0xa6e0,CUS_0xa6e0_2024_04_01,0,2024-10-01
CUS_0xa742,CUS_0xa742_2024_04_01,1,2024-10-01
CUS_0xa79,CUS_0xa79_2024_04_01,1,2024-10-01
CUS_0xa7ce,CUS_0xa7ce_2024_04_01,0,2024-10-01
CUS_0xa86a,CUS_0xa86a_2024_04_01,0,2024-10-01
CUS_0xa8d4,CUS_0xa8d4_2024_04_01,1,2024-10-01
CUS_0xa8df,CUS_0xa8df_2024_04_01,0,2024-10-01
CUS_0xa8e1,CUS_0xa8e1_2024_04_01,0,2024-10-01
CUS_0xa977,CUS_0xa977_2024_04_01,0,2024-10-01
CUS_0xa987,CUS_0xa987_2024_04_01,0,2024-10-01
CUS_0xad02,CUS_0xad02_2024_04_01,0,2024-10-01
CUS_0xad15,CUS_0xad15_2024_04_01,1,2024-10-01
CUS_0xadeb,CUS_0xadeb_2024_04_01,0,2024-10-01
CUS_0xadf0,CUS_0xadf0_2024_04_01,0,2024-10-01
CUS_0xae01,CUS_0xae01_2024_04_01,0,2024-10-01
CUS_0xae02,CUS_0xae02_2024_04_01,0,2024-10-01
CUS_0xae30,CUS_0xae30_2024_04_01,1,2024-10-01
CUS_0xae60,CUS_0xae60_2024_04_01,1,2024-10-01
CUS_0xafa3,CUS_0xafa3_2024_04_01,0,2024-10-01
CUS_0xb00,CUS_0xb00_2024_04_01,0,2024-10-01
CUS_0xb035,CUS_0xb035_2024_04_01,0,2024-10-01
CUS_0xb057,CUS_0xb057_2024_04_01,1,2024-10-01
CUS_0xb060,CUS_0xb060_2024_04_01,0,2024-10-01
CUS_0xb09,CUS_0xb09_2024_04_01,0,2024-10-01
CUS_0xb1cd,CUS_0xb1cd_2024_04_01,0,2024-10-01
CUS_0xb1d8,CUS_0xb1d8_2024_04_01,0,2024-10-01
CUS_0xb367,CUS_0xb367_2024_04_01,0,2024-10-01
CUS_0xb38d,CUS_0xb38d_2024_04_01,1,2024-10-01
CUS_0xb3ac,CUS_0xb3ac_2024_04_01,1,2024-10-01
CUS_0xb3cd,CUS_0xb3cd_2024_04_01,1,2024-10-01
CUS_0xb40,CUS_0xb40_2024_04_01,0,2024-10-01
CUS_0xb464,CUS_0xb464_2024_04_01,0,2024-10-01
CUS_0xb46a,CUS_0xb46a_2024_04_01,1,2024-10-01
CUS_0xb49f,CUS_0xb49f_2024_04_01,1,2024-10-01
CUS_0xb4a,CUS_0xb4a_2024_04_01,0,2024-10-01
CUS_0xb53,CUS_0xb53_2024_04_01,0,2024-10-01
CUS_0xb57b,CUS_0xb57b_2024_04_01,0,2024-10-01
CUS_0xb5f6,CUS_0xb5f6_2024_04_01,0,2024-10-01
CUS_0xb66d,CUS_0xb66d_2024_04_01,0,2024-10-01
CUS_0xb675,CUS_0xb675_2024_04_01,0,2024-10-01
CUS_0xb69d,CUS_0xb69d_2024_04_01,1,2024-10-01
CUS_0xb8a2,CUS_0xb8a2_2024_04_01,0,2024-10-01
CUS_0xb8af,CUS_0xb8af_2024_04_01,0,2024-10-01
CUS_0xb8da,CUS_0xb8da_2024_04_01,0,2024-10-01
CUS_0xb956,CUS_0xb956_2024_04_01,0,2024-10-01
CUS_0xbaa0,CUS_0xbaa0_2024_04_01,1,2024-10-01
CUS_0xbaa9,CUS_0xbaa9_2024_04_01,0,2024-10-01
CUS_0xbb3c,CUS_0xbb3c_2024_04_01,0,2024-10-01
CUS_0xbb53,CUS_0xbb53_2024_04_01,1,2024-10-01
CUS_0xbbd8,CUS_0xbbd8_2024_04_01,1,2024-10-01
CUS_0xbc23,CUS_0xbc23_2024_04_01,0,2024-10-01
CUS_0xbc7f,CUS_0xbc7f_2024_04_01,0,2024-10-01
CUS_0xbca4,CUS_0xbca4_2024_04_01,0,2024-10-01
CUS_0xbcfc,CUS_0xbcfc_2024_04_01,1,2024-10-01
CUS_0xbd5,CUS_0xbd5_2024_04_01,0,2024-10-01
CUS_0xbd76,CUS_0xbd76_2024_04_01,0,2024-10-01
CUS_0xbd90,CUS_0xbd90_2024_04_01,0,2024-10-01
CUS_0xbd9f,CUS_0xbd9f_2024_04_01,0,2024-10-01
CUS_0xbda3,CUS_0xbda3_2024_04_01,1,2024-10-01
CUS_0xbdac,CUS_0xbdac_2024_04_01,0,2024-10-01
CUS_0xbe29,CUS_0xbe29_2024_04_01,0,2024-10-01
CUS_0xbed9,CUS_0xbed9_2024_04_01,0,2024-10-01
CUS_0xbfa8,CUS_0xbfa8_2024_04_01,0,2024-10-01
CUS_0xc04,CUS_0xc04_2024_04_01,0,2024-10-01
CUS_0xc072,CUS_0xc072_2024_04_01,1,2024-10-01
CUS_0xc07c,CUS_0xc07c_2024_04_01,0,2024-10-01
CUS_0xc127,CUS_0xc127_2024_04_01,0,2024-10-01
CUS_0xc24a,CUS_0xc24a_2024_04_01,0,2024-10-01
CUS_0xc282,CUS_0xc282_2024_04_01,1,2024-10-01
CUS_0xc2cc,CUS_0xc2cc_2024_04_01,1,2024-10-01
CUS_0xc35c,CUS_0xc35c_2024_04_01,0,2024-10-01
CUS_0xc394,CUS_0xc394_2024_04_01,1,2024-10-01
CUS_0xc436,CUS_0xc436_2024_04_01,0,2024-10-01
CUS_0xc47,CUS_0xc47_2024_04_01,0,2024-10-01
CUS_0xc548,CUS_0xc548_2024_04_01,1,2024-10-01
CUS_0xc592,CUS_0xc592_2024_04_01,0,2024-10-01
CUS_0xc599,CUS_0xc599_2024_04_01,0,2024-10-01
CUS_0xc5d3,CUS_0xc5d3_2024_04_01,0,2024-10-01
CUS_0xc5ee,CUS_0xc5ee_2024_04_01,0,2024-10-01
CUS_0xc617,CUS_0xc617_2024_04_01,0,2024-10-01
CUS_0xc650,CUS_0xc650_2024_04_01,0,2024-10-01
CUS_0xc6e4,CUS_0xc6e4_2024_04_01,1,2024-10-01
CUS_0xc700,CUS_0xc700_2024_04_01,1,2024-10-01
CUS_0xc7c,CUS_0xc7c_2024_04_01,0,2024-10-01
CUS_0xcc3,CUS_0xcc3_2024_04_01,0,2024-10-01
CUS_0xce6,CUS_0xce6_2024_04_01,0,2024-10-01
CUS_0xcea,CUS_0xcea_2024_04_01,0,2024-10-01
CUS_0xd3e,CUS_0xd3e_2024_04_01,0,2024-10-01
CUS_0xd60,CUS_0xd60_2024_04_01,1,2024-10-01
CUS_0xd6a,CUS_0xd6a_2024_04_01,0,2024-10-01
CUS_0xd78,CUS_0xd78_2024_04_01,0,2024-10-01
CUS_0xdc0,CUS_0xdc0_2024_04_01,0,2024-10-01
CUS_0xe18,CUS_0xe18_2024_04_01,1,2024-10-01
CUS_0xe5b,CUS_0xe5b_2024_04_01,0,2024-10-01
CUS_0xee1,CUS_0xee1_2024_04_01,1,2024-10-01
CUS_0xf42,CUS_0xf42_2024_04_01,1,2024-10-01
CUS_0xf64,CUS_0xf64_2024_04_01,0,2024-10-01
CUS_0xf8b,CUS_0xf8b_2024_04_01,0,2024-10-01
CUS_0xfe3,CUS_0xfe3_2024_04_01,0,2024-10-01
CUS_0x8e5,CUS_0x8e5_2024_05_01,1,2024-11-01
CUS_0x8ed,CUS_0x8ed_2024_05_01,0,2024-11-01
CUS_0x8f02,CUS_0x8f02_2024_05_01,0,2024-11-01
CUS_0x8f68,CUS_0x8f68_2024_05_01,1,2024-11-01
CUS_0x8fe0,CUS_0x8fe0_2024_05_01,0,2024-11-01
CUS_0x901c,CUS_0x901c_2024_05_01,1,2024-11-01
CUS_0x907d,CUS_0x907d_2024_05_01,0,2024-11-01
CUS_0x90b2,CUS_0x90b2_2024_05_01,0,2024-11-01
CUS_0x910e,CUS_0x910e_2024_05_01,1,2024-11-01
CUS_0x9117,CUS_0x9117_2024_05_01,0,2024-11-01
CUS_0x9127,CUS_0x9127_2024_05_01,0,2024-11-01
CUS_0x91df,CUS_0x91df_2024_05_01,0,2024-11-01
CUS_0x922,CUS_0x922_2024_05_01,0,2024-11-01
CUS_0x92e8,CUS_0x92e8_2024_05_01,0,2024-11-01
CUS_0x9344,CUS_0x9344_2024_05_01,1,2024-11-01
CUS_0x9346,CUS_0x9346_2024_05_01,0,2024-11-01
CUS_0x9403,CUS_0x9403_2024_05_01,0,2024-11-01
CUS_0x94bc,CUS_0x94bc_2024_05_01,0,2024-11-01
CUS_0x954e,CUS_0x954e_2024_05_01,0,2024-11-01
CUS_0x95f4,CUS_0x95f4_2024_05_01,0,2024-11-01
CUS_0x96ad,CUS_0x96ad_2024_05_01,0,2024-11-01
CUS_0x974f,CUS_0x974f_2024_05_01,1,2024-11-01
CUS_0x97ca,CUS_0x97ca_2024_05_01,1,2024-11-01
CUS_0x97d7,CUS_0x97d7_2024_05_01,0,2024-11-01
CUS_0x9853,CUS_0x9853_2024_05_01,0,2024-11-01
CUS_0x9976,CUS_0x9976_2024_05_01,1,2024-11-01
CUS_0x99f7,CUS_0x99f7_2024_05_01,0,2024-11-01
CUS_0x9a93,CUS_0x9a93_2024_05_01,0,2024-11-01
CUS_0x9ab6,CUS_0x9ab6_2024_05_01,1,2024-11-01
CUS_0x9b85,CUS_0x9b85_2024_05_01,1,2024-11-01
CUS_0x9b9,CUS_0x9b9_2024_05_01,0,2024-11-01
CUS_0x9bb3,CUS_0x9bb3_2024_05_01,0,2024-11-01
CUS_0x9bb4,CUS_0x9bb4_2024_05_01,1,2024-11-01
CUS_0x9c38,CUS_0x9c38_2024_05_01,1,2024-11-01
CUS_0x9c4,CUS_0x9c4_2024_05_01,1,2024-11-01
CUS_0x9d29,CUS_0x9d29_2024_05_01,0,2024-11-01
CUS_0x9e1e,CUS_0x9e1e_2024_05_01,1,2024-11-01
CUS_0x9e6c,CUS_0x9e6c_2024_05_01,0,2024-11-01
CUS_0x9ece,CUS_0x9ece_2024_05_01,1,2024-11-01
CUS_0x9ed4,CUS_0x9ed4_2024_05_01,0,2024-11-01
CUS_0x9ed7,CUS_0x9ed7_2024_05_01,0,2024-11-01
CUS_0x9f8a,CUS_0x9f8a_2024_05_01,1,2024-11-01
CUS_0xa00f,CUS_0xa00f_2024_05_01,0,2024-11-01
CUS_0xa014,CUS_0xa014_2024_05_01,0,2024-11-01
CUS_0xa022,CUS_0xa022_2024_05_01,0,2024-11-01
CUS_0xa088,CUS_0xa088_2024_05_01,0,2024-11-01
CUS_0xa137,CUS_0xa137_2024_05_01,0,2024-11-01
CUS_0xa1c5,CUS_0xa1c5_2024_05_01,0,2024-11-01
CUS_0xa1ce,CUS_0xa1ce_2024_05_01,0,2024-11-01
CUS_0xa2df,CUS_0xa2df_2024_05_01,1,2024-11-01
CUS_0xa2f0,CUS_0xa2f0_2024_05_01,0,2024-11-01
CUS_0xa3a9,CUS_0xa3a9_2024_05_01,0,2024-11-01
CUS_0xa4e2,CUS_0xa4e2_2024_05_01,0,2024-11-01
CUS_0xa5a0,CUS_0xa5a0_2024_05_01,0,2024-11-01
CUS_0xa5a1,CUS_0xa5a1_2024_05_01,1,2024-11-01
CUS_0xa666,CUS_0xa666_2024_05_01,0,2024-11-01
CUS_0xa690,CUS_0xa690_2024_05_01,0,2024-11-01
CUS_0xa6b,CUS_0xa6b_2024_05_01,0,2024-11-01
CUS_0xa70c,CUS_0xa70c_2024_05_01,0,2024-11-01
CUS_0xa7d5,CUS_0xa7d5_2024_05_01,0,2024-11-01
CUS_0xa8ba,CUS_0xa8ba_2024_05_01,1,2024-11-01
CUS_0xa8c0,CUS_0xa8c0_2024_05_01,0,2024-11-01
CUS_0xa91f,CUS_0xa91f_2024_05_01,1,2024-11-01
CUS_0xaa93,CUS_0xaa93_2024_05_01,1,2024-11-01
CUS_0xaa9e,CUS_0xaa9e_2024_05_01,0,2024-11-01
CUS_0xaac2,CUS_0xaac2_2024_05_01,0,2024-11-01
CUS_0xab13,CUS_0xab13_2024_05_01,0,2024-11-01
CUS_0xab56,CUS_0xab56_2024_05_01,0,2024-11-01
CUS_0xab6e,CUS_0xab6e_2024_05_01,1,2024-11-01
CUS_0xab7d,CUS_0xab7d_2024_05_01,0,2024-11-01
CUS_0xac0c,CUS_0xac0c_2024_05_01,1,2024-11-01
CUS_0xac18,CUS_0xac18_2024_05_01,0,2024-11-01
CUS_0xac33,CUS_0xac33_2024_05_01,0,2024-11-01
CUS_0xad18,CUS_0xad18_2024_05_01,0,2024-11-01
CUS_0xadf6,CUS_0xadf6_2024_05_01,0,2024-11-01
CUS_0xae08,CUS_0xae08_2024_05_01,1,2024-11-01
CUS_0xae14,CUS_0xae14_2024_05_01,1,2024-11-01
CUS_0xae36,CUS_0xae36_2024_05_01,0,2024-11-01
CUS_0xae57,CUS_0xae57_2024_05_01,1,2024-11-01
CUS_0xae95,CUS_0xae95_2024_05_01,0,2024-11-01
CUS_0xaea3,CUS_0xaea3_2024_05_01,0,2024-11-01
CUS_0xaeb5,CUS_0xaeb5_2024_05_01,0,2024-11-01
CUS_0xaec2,CUS_0xaec2_2024_05_01,1,2024-11-01
CUS_0xaed9,CUS_0xaed9_2024_05_01,0,2024-11-01
CUS_0xaf1e,CUS_0xaf1e_2024_05_01,0,2024-11-01
CUS_0xaf23,CUS_0xaf23_2024_05_01,0,2024-11-01
CUS_0xaf2a,CUS_0xaf2a_2024_05_01,1,2024-11-01
CUS_0xaf39,CUS_0xaf39_2024_05_01,0,2024-11-01
CUS_0xb017,CUS_0xb017_2024_05_01,0,2024-11-01
CUS_0xb04,CUS_0xb04_2024_05_01,1,2024-11-01
CUS_0xb0f7,CUS_0xb0f7_2024_05_01,0,2024-11-01
CUS_0xb108,CUS_0xb108_2024_05_01,1,2024-11-01
CUS_0xb138,CUS_0xb138_2024_05_01,0,2024-11-01
CUS_0xb13b,CUS_0xb13b_2024_05_01,0,2024-11-01
CUS_0xb182,CUS_0xb182_2024_05_01,0,2024-11-01
CUS_0xb189,CUS_0xb189_2024_05_01,1,2024-11-01
CUS_0xb19f,CUS_0xb19f_2024_05_01,0,2024-11-01
CUS_0xb1dc,CUS_0xb1dc_2024_05_01,0,2024-11-01
CUS_0xb276,CUS_0xb276_2024_05_01,0,2024-11-01
CUS_0xb27a,CUS_0xb27a_2024_05_01,1,2024-11-01
CUS_0xb298,CUS_0xb298_2024_05_01,0,2024-11-01
CUS_0xb2bd,CUS_0xb2bd_2024_05_01,0,2024-11-01
CUS_0xb2cc,CUS_0xb2cc_2024_05_01,1,2024-11-01
CUS_0xb36c,CUS_0xb36c_2024_05_01,1,2024-11-01
CUS_0xb3c4,CUS_0xb3c4_2024_05_01,0,2024-11-01
CUS_0xb432,CUS_0xb432_2024_05_01,0,2024-11-01
CUS_0xb451,CUS_0xb451_2024_05_01,1,2024-11-01
CUS_0xb46f,CUS_0xb46f_2024_05_01,0,2024-11-01
CUS_0xb52b,CUS_0xb52b_2024_05_01,0,2024-11-01
CUS_0xb585,CUS_0xb585_2024_05_01,1,2024-11-01
CUS_0xb594,CUS_0xb594_2024_05_01,0,2024-11-01
CUS_0xb5e9,CUS_0xb5e9_2024_05_01,0,2024-11-01
CUS_0xb62c,CUS_0xb62c_2024_05_01,0,2024-11-01
CUS_0xb639,CUS_0xb639_2024_05_01,1,2024-11-01
CUS_0xb692,CUS_0xb692_2024_05_01,0,2024-11-01
CUS_0xb6ad,CUS_0xb6ad_2024_05_01,1,2024-11-01
CUS_0xb713,CUS_0xb713_2024_05_01,0,2024-11-01
CUS_0xb76d,CUS_0xb76d_2024_05_01,0,2024-11-01
CUS_0xb82a,CUS_0xb82a_2024_05_01,0,2024-11-01
CUS_0xb89c,CUS_0xb89c_2024_05_01,0,2024-11-01
CUS_0xb89f,CUS_0xb89f_2024_05_01,0,2024-11-01
CUS_0xb8d3,CUS_0xb8d3_2024_05_01,0,2024-11-01
CUS_0xb9b8,CUS_0xb9b8_2024_05_01,0,2024-11-01
CUS_0xba51,CUS_0xba51_2024_05_01,0,2024-11-01
CUS_0xba67,CUS_0xba67_2024_05_01,0,2024-11-01
CUS_0xbaa1,CUS_0xbaa1_2024_05_01,0,2024-11-01
CUS_0xbb48,CUS_0xbb48_2024_05_01,0,2024-11-01
CUS_0xbbcf,CUS_0xbbcf_2024_05_01,0,2024-11-01
CUS_0xbc03,CUS_0xbc03_2024_05_01,1,2024-11-01
CUS_0xbc1f,CUS_0xbc1f_2024_05_01,0,2024-11-01
CUS_0xbcdf,CUS_0xbcdf_2024_05_01,0,2024-11-01
CUS_0xbd46,CUS_0xbd46_2024_05_01,0,2024-11-01
CUS_0xbd4a,CUS_0xbd4a_2024_05_01,0,2024-11-01
CUS_0xbd72,CUS_0xbd72_2024_05_01,0,2024-11-01
CUS_0xbdc7,CUS_0xbdc7_2024_05_01,0,2024-11-01
CUS_0xbe1,CUS_0xbe1_2024_05_01,0,2024-11-01
CUS_0xbe49,CUS_0xbe49_2024_05_01,1,2024-11-01
CUS_0xbe56,CUS_0xbe56_2024_05_01,0,2024-11-01
CUS_0xbe9,CUS_0xbe9_2024_05_01,1,2024-11-01
CUS_0xbec0,CUS_0xbec0_2024_05_01,0,2024-11-01
CUS_0xbf4d,CUS_0xbf4d_2024_05_01,0,2024-11-01
CUS_0xbf6e,CUS_0xbf6e_2024_05_01,0,2024-11-01
CUS_0xc00f,CUS_0xc00f_2024_05_01,0,2024-11-01
CUS_0xc029,CUS_0xc029_2024_05_01,1,2024-11-01
CUS_0xc113,CUS_0xc113_2024_05_01,0,2024-11-01
CUS_0xc150,CUS_0xc150_2024_05_01,0,2024-11-01
CUS_0xc187,CUS_0xc187_2024_05_01,1,2024-11-01
CUS_0xc249,CUS_0xc249_2024_05_01,0,2024-11-01
CUS_0xc26a,CUS_0xc26a_2024_05_01,0,2024-11-01
CUS_0xc2d8,CUS_0xc2d8_2024_05_01,0,2024-11-01
CUS_0xc3ad,CUS_0xc3ad_2024_05_01,1,2024-11-01
CUS_0xc3cd,CUS_0xc3cd_2024_05_01,0,2024-11-01
CUS_0xc41e,CUS_0xc41e_2024_05_01,1,2024-11-01
CUS_0xc4f9,CUS_0xc4f9_2024_05_01,1,2024-11-01
CUS_0xc571,CUS_0xc571_2024_05_01,0,2024-11-01
CUS_0xc5d1,CUS_0xc5d1_2024_05_01,1,2024-11-01
CUS_0xc641,CUS_0xc641_2024_05_01,1,2024-11-01
CUS_0xc6bb,CUS_0xc6bb_2024_05_01,0,2024-11-01
CUS_0xc702,CUS_0xc702_2024_05_01,0,2024-11-01
CUS_0xc72e,CUS_0xc72e_2024_05_01,1,2024-11-01
CUS_0xc7b,CUS_0xc7b_2024_05_01,0,2024-11-01
CUS_0xde1,CUS_0xde1_2024_05_01,0,2024-11-01
CUS_0xe03,CUS_0xe03_2024_05_01,0,2024-11-01
CUS_0xeb9,CUS_0xeb9_2024_05_01,1,2024-11-01
CUS_0xebb,CUS_0xebb_2024_05_01,0,2024-11-01
CUS_0xeea,CUS_0xeea_2024_05_01,0,2024-11-01
CUS_0xf0c,CUS_0xf0c_2024_05_01,0,2024-11-01
CUS_0xf4b,CUS_0xf4b_2024_05_01,1,2024-11-01
CUS_0xf7d,CUS_0xf7d_2024_05_01,1,2024-11-01
CUS_0xfdb,CUS_0xfdb_2024_05_01,0,2024-11-01
CUS_0x8ed4,CUS_0x8ed4_2023_07_01,0,2024-01-01
CUS_0x8f25,CUS_0x8f25_2023_07_01,1,2024-01-01
CUS_0x8f45,CUS_0x8f45_2023_07_01,0,2024-01-01
CUS_0x8fa,CUS_0x8fa_2023_07_01,0,2024-01-01
CUS_0x8fdd,CUS_0x8fdd_2023_07_01,0,2024-01-01
CUS_0x908,CUS_0x908_2023_07_01,1,2024-01-01
CUS_0x90be,CUS_0x90be_2023_07_01,0,2024-01-01
CUS_0x90cf,CUS_0x90cf_2023_07_01,0,2024-01-01
CUS_0x9138,CUS_0x9138_2023_07_01,0,2024-01-01
CUS_0x9176,CUS_0x9176_2023_07_01,0,2024-01-01
CUS_0x917d,CUS_0x917d_2023_07_01,0,2024-01-01
CUS_0x9319,CUS_0x9319_2023_07_01,0,2024-01-01
CUS_0x93f4,CUS_0x93f4_2023_07_01,1,2024-01-01
CUS_0x942a,CUS_0x942a_2023_07_01,0,2024-01-01
CUS_0x945f,CUS_0x945f_2023_07_01,0,2024-01-01
CUS_0x946d,CUS_0x946d_2023_07_01,1,2024-01-01
CUS_0x9495,CUS_0x9495_2023_07_01,1,2024-01-01
CUS_0x94e8,CUS_0x94e8_2023_07_01,0,2024-01-01
CUS_0x94f6,CUS_0x94f6_2023_07_01,0,2024-01-01
CUS_0x960e,CUS_0x960e_2023_07_01,1,2024-01-01
CUS_0x9619,CUS_0x9619_2023_07_01,0,2024-01-01
CUS_0x9708,CUS_0x9708_2023_07_01,0,2024-01-01
CUS_0x981,CUS_0x981_2023_07_01,0,2024-01-01
CUS_0x98a,CUS_0x98a_2023_07_01,1,2024-01-01
CUS_0x997a,CUS_0x997a_2023_07_01,0,2024-01-01
CUS_0x99d9,CUS_0x99d9_2023_07_01,0,2024-01-01
CUS_0x9a0f,CUS_0x9a0f_2023_07_01,1,2024-01-01
CUS_0x9b7d,CUS_0x9b7d_2023_07_01,0,2024-01-01
CUS_0x9b94,CUS_0x9b94_2023_07_01,0,2024-01-01
CUS_0x9bb7,CUS_0x9bb7_2023_07_01,0,2024-01-01
CUS_0x9bc4,CUS_0x9bc4_2023_07_01,1,2024-01-01
CUS_0x9c14,CUS_0x9c14_2023_07_01,0,2024-01-01
CUS_0x9c82,CUS_0x9c82_2023_07_01,0,2024-01-01
CUS_0x9d36,CUS_0x9d36_2023_07_01,0,2024-01-01
CUS_0x9d72,CUS_0x9d72_2023_07_01,0,2024-01-01
CUS_0x9d7d,CUS_0x9d7d_2023_07_01,1,2024-01-01
CUS_0x9d9a,CUS_0x9d9a_2023_07_01,0,2024-01-01
CUS_0x9da2,CUS_0x9da2_2023_07_01,1,2024-01-01
CUS_0x9dbe,CUS_0x9dbe_2023_07_01,0,2024-01-01
CUS_0x9ddd,CUS_0x9ddd_2023_07_01,0,2024-01-01
CUS_0x9e24,CUS_0x9e24_2023_07_01,0,2024-01-01
CUS_0x9e5e,CUS_0x9e5e_2023_07_01,1,2024-01-01
CUS_0x9ebf,CUS_0x9ebf_2023_07_01,1,2024-01-01
CUS_0x9ecd,CUS_0x9ecd_2023_07_01,0,2024-01-01
CUS_0x9f1f,CUS_0x9f1f_2023_07_01,0,2024-01-01
CUS_0x9f2f,CUS_0x9f2f_2023_07_01,1,2024-01-01
CUS_0x9fce,CUS_0x9fce_2023_07_01,1,2024-01-01
CUS_0x9ff5,CUS_0x9ff5_2023_07_01,0,2024-01-01
CUS_0xa008,CUS_0xa008_2023_07_01,0,2024-01-01
CUS_0xa049,CUS_0xa049_2023_07_01,0,2024-01-01
CUS_0xa05a,CUS_0xa05a_2023_07_01,1,2024-01-01
CUS_0xa05f,CUS_0xa05f_2023_07_01,1,2024-01-01
CUS_0xa08c,CUS_0xa08c_2023_07_01,0,2024-01-01
CUS_0xa0f3,CUS_0xa0f3_2023_07_01,0,2024-01-01
CUS_0xa153,CUS_0xa153_2023_07_01,0,2024-01-01
CUS_0xa163,CUS_0xa163_2023_07_01,0,2024-01-01
CUS_0xa235,CUS_0xa235_2023_07_01,1,2024-01-01
CUS_0xa25a,CUS_0xa25a_2023_07_01,1,2024-01-01
CUS_0xa2d2,CUS_0xa2d2_2023_07_01,0,2024-01-01
CUS_0xa347,CUS_0xa347_2023_07_01,1,2024-01-01
CUS_0xa396,CUS_0xa396_2023_07_01,0,2024-01-01
CUS_0xa39c,CUS_0xa39c_2023_07_01,1,2024-01-01
CUS_0xa3e4,CUS_0xa3e4_2023_07_01,0,2024-01-01
CUS_0xa50e,CUS_0xa50e_2023_07_01,1,2024-01-01
CUS_0xa5d1,CUS_0xa5d1_2023_07_01,0,2024-01-01
CUS_0xa5f,CUS_0xa5f_2023_07_01,0,2024-01-01
CUS_0xa60e,CUS_0xa60e_2023_07_01,0,2024-01-01
CUS_0xa878,CUS_0xa878_2023_07_01,1,2024-01-01
CUS_0xa9d9,CUS_0xa9d9_2023_07_01,1,2024-01-01
CUS_0xab76,CUS_0xab76_2023_07_01,0,2024-01-01
CUS_0xabc1,CUS_0xabc1_2023_07_01,0,2024-01-01
CUS_0xabef,CUS_0xabef_2023_07_01,0,2024-01-01
CUS_0xac16,CUS_0xac16_2023_07_01,0,2024-01-01
CUS_0xac67,CUS_0xac67_2023_07_01,1,2024-01-01
CUS_0xacd,CUS_0xacd_2023_07_01,1,2024-01-01
CUS_0xacd6,CUS_0xacd6_2023_07_01,0,2024-01-01
CUS_0xacd7,CUS_0xacd7_2023_07_01,1,2024-01-01
CUS_0xacfc,CUS_0xacfc_2023_07_01,0,2024-01-01
CUS_0xadee,CUS_0xadee_2023_07_01,0,2024-01-01
CUS_0xae6c,CUS_0xae6c_2023_07_01,0,2024-01-01
CUS_0xae82,CUS_0xae82_2023_07_01,0,2024-01-01
CUS_0xaf0a,CUS_0xaf0a_2023_07_01,0,2024-01-01
CUS_0xaf3a,CUS_0xaf3a_2023_07_01,1,2024-01-01
CUS_0xafc0,CUS_0xafc0_2023_07_01,0,2024-01-01
CUS_0xafed,CUS_0xafed_2023_07_01,0,2024-01-01
CUS_0xaff7,CUS_0xaff7_2023_07_01,0,2024-01-01
CUS_0xb018,CUS_0xb018_2023_07_01,0,2024-01-01
CUS_0xb04b,CUS_0xb04b_2023_07_01,1,2024-01-01
CUS_0xb183,CUS_0xb183_2023_07_01,0,2024-01-01
CUS_0xb239,CUS_0xb239_2023_07_01,0,2024-01-01
CUS_0xb2b5,CUS_0xb2b5_2023_07_01,0,2024-01-01
CUS_0xb300,CUS_0xb300_2023_07_01,0,2024-01-01
CUS_0xb380,CUS_0xb380_2023_07_01,1,2024-01-01
CUS_0xb473,CUS_0xb473_2023_07_01,0,2024-01-01
CUS_0xb483,CUS_0xb483_2023_07_01,0,2024-01-01
CUS_0xb517,CUS_0xb517_2023_07_01,0,2024-01-01
CUS_0xb51a,CUS_0xb51a_2023_07_01,0,2024-01-01
CUS_0xb521,CUS_0xb521_2023_07_01,1,2024-01-01
CUS_0xb586,CUS_0xb586_2023_07_01,0,2024-01-01
CUS_0xb631,CUS_0xb631_2023_07_01,0,2024-01-01
CUS_0xb650,CUS_0xb650_2023_07_01,1,2024-01-01
CUS_0xb67f,CUS_0xb67f_2023_07_01,0,2024-01-01
CUS_0xb6bc,CUS_0xb6bc_2023_07_01,1,2024-01-01
CUS_0xb6d2,CUS_0xb6d2_2023_07_01,1,2024-01-01
CUS_0xb7c,CUS_0xb7c_2023_07_01,1,2024-01-01
CUS_0xb801,CUS_0xb801_2023_07_01,0,2024-01-01
CUS_0xb83e,CUS_0xb83e_2023_07_01,0,2024-01-01
CUS_0xb843,CUS_0xb843_2023_07_01,0,2024-01-01
CUS_0xb903,CUS_0xb903_2023_07_01,0,2024-01-01
CUS_0xb9a2,CUS_0xb9a2_2023_07_01,0,2024-01-01
CUS_0xb9e0,CUS_0xb9e0_2023_07_01,1,2024-01-01
CUS_0xba20,CUS_0xba20_2023_07_01,1,2024-01-01
CUS_0xba94,CUS_0xba94_2023_07_01,0,2024-01-01
CUS_0xbabe,CUS_0xbabe_2023_07_01,1,2024-01-01
CUS_0xbace,CUS_0xbace_2023_07_01,0,2024-01-01
CUS_0xbaf6,CUS_0xbaf6_2023_07_01,0,2024-01-01
CUS_0xbafb,CUS_0xbafb_2023_07_01,0,2024-01-01
CUS_0xbb18,CUS_0xbb18_2023_07_01,0,2024-01-01
CUS_0xbb55,CUS_0xbb55_2023_07_01,1,2024-01-01
CUS_0xbba,CUS_0xbba_2023_07_01,0,2024-01-01
CUS_0xbba9,CUS_0xbba9_2023_07_01,1,2024-01-01
CUS_0xbc14,CUS_0xbc14_2023_07_01,1,2024-01-01
CUS_0xbca1,CUS_0xbca1_2023_07_01,0,2024-01-01
CUS_0xbd75,CUS_0xbd75_2023_07_01,0,2024-01-01
CUS_0xbdcd,CUS_0xbdcd_2023_07_01,0,2024-01-01
CUS_0xbe2,CUS_0xbe2_2023_07_01,0,2024-01-01
CUS_0xbe22,CUS_0xbe22_2023_07_01,0,2024-01-01
CUS_0xbe25,CUS_0xbe25_2023_07_01,0,2024-01-01
CUS_0xbe3,CUS_0xbe3_2023_07_01,0,2024-01-01
CUS_0xbe4b,CUS_0xbe4b_2023_07_01,0,2024-01-01
CUS_0xbf8,CUS_0xbf8_2023_07_01,0,2024-01-01
CUS_0xc007,CUS_0xc007_2023_07_01,0,2024-01-01
CUS_0xc00a,CUS_0xc00a_2023_07_01,0,2024-01-01
CUS_0xc044,CUS_0xc044_2023_07_01,0,2024-01-01
CUS_0xc1b8,CUS_0xc1b8_2023_07_01,1,2024-01-01
CUS_0xc1cc,CUS_0xc1cc_2023_07_01,0,2024-01-01
CUS_0xc2ba,CUS_0xc2ba_2023_07_01,0,2024-01-01
CUS_0xc345,CUS_0xc345_2023_07_01,0,2024-01-01
CUS_0xc362,CUS_0xc362_2023_07_01,1,2024-01-01
CUS_0xc39e,CUS_0xc39e_2023_07_01,0,2024-01-01
CUS_0xc3b7,CUS_0xc3b7_2023_07_01,1,2024-01-01
CUS_0xc40f,CUS_0xc40f_2023_07_01,1,2024-01-01
CUS_0xc47b,CUS_0xc47b_2023_07_01,1,2024-01-01
CUS_0xc48a,CUS_0xc48a_2023_07_01,0,2024-01-01
CUS_0xc4b0,CUS_0xc4b0_2023_07_01,0,2024-01-01
CUS_0xc516,CUS_0xc516_2023_07_01,0,2024-01-01
CUS_0xc55b,CUS_0xc55b_2023_07_01,1,2024-01-01
CUS_0xc5a4,CUS_0xc5a4_2023_07_01,1,2024-01-01
CUS_0xc62c,CUS_0xc62c_2023_07_01,0,2024-01-01
CUS_0xc651,CUS_0xc651_2023_07_01,0,2024-01-01
CUS_0xc692,CUS_0xc692_2023_07_01,1,2024-01-01
CUS_0xc6f2,CUS_0xc6f2_2023_07_01,0,2024-01-01
CUS_0xc715,CUS_0xc715_2023_07_01,1,2024-01-01
CUS_0xcb3,CUS_0xcb3_2023_07_01,0,2024-01-01
CUS_0xccf,CUS_0xccf_2023_07_01,1,2024-01-01
CUS_0xd25,CUS_0xd25_2023_07_01,0,2024-01-01
CUS_0xd39,CUS_0xd39_2023_07_01,0,2024-01-01
CUS_0xe05,CUS_0xe05_2023_07_01,1,2024-01-01
CUS_0xe2a,CUS_0xe2a_2023_07_01,0,2024-01-01
CUS_0xe34,CUS_0xe34_2023_07_01,0,2024-01-01
CUS_0xe60,CUS_0xe60_2023_07_01,0,2024-01-01
CUS_0xeb0,CUS_0xeb0_2023_07_01,0,2024-01-01
CUS_0xebd,CUS_0xebd_2023_07_01,1,2024-01-01
CUS_0xf2e,CUS_0xf2e_2023_07_01,0,2024-01-01
CUS_0xf5d,CUS_0xf5d_2023_07_01,1,2024-01-01
CUS_0xf8f,CUS_0xf8f_2023_07_01,1,2024-01-01
CUS_0xfaa,CUS_0xfaa_2023_07_01,0,2024-01-01
CUS_0xfb8,CUS_0xfb8_2023_07_01,0,2024-01-01
CUS_0x8e80,CUS_0x8e80_2023_06_01,0,2023-12-01
CUS_0x8e96,CUS_0x8e96_2023_06_01,1,2023-12-01
CUS_0x8ea8,CUS_0x8ea8_2023_06_01,0,2023-12-01
CUS_0x8f4,CUS_0x8f4_2023_06_01,0,2023-12-01
CUS_0x8f63,CUS_0x8f63_2023_06_01,0,2023-12-01
CUS_0x8f6f,CUS_0x8f6f_2023_06_01,0,2023-12-01
CUS_0x8f8f,CUS_0x8f8f_2023_06_01,0,2023-12-01
CUS_0x8f9e,CUS_0x8f9e_2023_06_01,0,2023-12-01
CUS_0x9122,CUS_0x9122_2023_06_01,0,2023-12-01
CUS_0x913a,CUS_0x913a_2023_06_01,0,2023-12-01
CUS_0x913e,CUS_0x913e_2023_06_01,0,2023-12-01
CUS_0x919b,CUS_0x919b_2023_06_01,1,2023-12-01
CUS_0x9268,CUS_0x9268_2023_06_01,0,2023-12-01
CUS_0x927d,CUS_0x927d_2023_06_01,0,2023-12-01
CUS_0x92c6,CUS_0x92c6_2023_06_01,0,2023-12-01
CUS_0x92ec,CUS_0x92ec_2023_06_01,0,2023-12-01
CUS_0x92f8,CUS_0x92f8_2023_06_01,0,2023-12-01
CUS_0x9386,CUS_0x9386_2023_06_01,0,2023-12-01
CUS_0x9398,CUS_0x9398_2023_06_01,0,2023-12-01
CUS_0x93af,CUS_0x93af_2023_06_01,1,2023-12-01
CUS_0x947b,CUS_0x947b_2023_06_01,0,2023-12-01
CUS_0x94ac,CUS_0x94ac_2023_06_01,0,2023-12-01
CUS_0x94e1,CUS_0x94e1_2023_06_01,0,2023-12-01
CUS_0x9520,CUS_0x9520_2023_06_01,0,2023-12-01
CUS_0x9536,CUS_0x9536_2023_06_01,0,2023-12-01
CUS_0x9553,CUS_0x9553_2023_06_01,0,2023-12-01
CUS_0x955d,CUS_0x955d_2023_06_01,1,2023-12-01
CUS_0x956b,CUS_0x956b_2023_06_01,1,2023-12-01
CUS_0x958b,CUS_0x958b_2023_06_01,1,2023-12-01
CUS_0x95a1,CUS_0x95a1_2023_06_01,0,2023-12-01
CUS_0x95d0,CUS_0x95d0_2023_06_01,0,2023-12-01
CUS_0x9680,CUS_0x9680_2023_06_01,0,2023-12-01
CUS_0x96c,CUS_0x96c_2023_06_01,0,2023-12-01
CUS_0x96de,CUS_0x96de_2023_06_01,0,2023-12-01
CUS_0x96f7,CUS_0x96f7_2023_06_01,0,2023-12-01
CUS_0x974,CUS_0x974_2023_06_01,0,2023-12-01
CUS_0x974a,CUS_0x974a_2023_06_01,1,2023-12-01
CUS_0x97a2,CUS_0x97a2_2023_06_01,1,2023-12-01
CUS_0x97d,CUS_0x97d_2023_06_01,1,2023-12-01
CUS_0x985e,CUS_0x985e_2023_06_01,0,2023-12-01
CUS_0x9867,CUS_0x9867_2023_06_01,0,2023-12-01
CUS_0x98c2,CUS_0x98c2_2023_06_01,0,2023-12-01
CUS_0x98e3,CUS_0x98e3_2023_06_01,0,2023-12-01
CUS_0x9903,CUS_0x9903_2023_06_01,0,2023-12-01
CUS_0x9939,CUS_0x9939_2023_06_01,0,2023-12-01
CUS_0x9ad,CUS_0x9ad_2023_06_01,0,2023-12-01
CUS_0x9b12,CUS_0x9b12_2023_06_01,1,2023-12-01
CUS_0x9bb9,CUS_0x9bb9_2023_06_01,1,2023-12-01
CUS_0x9d77,CUS_0x9d77_2023_06_01,0,2023-12-01
CUS_0x9d78,CUS_0x9d78_2023_06_01,0,2023-12-01
CUS_0x9daa,CUS_0x9daa_2023_06_01,0,2023-12-01
CUS_0x9db8,CUS_0x9db8_2023_06_01,0,2023-12-01
CUS_0x9dfc,CUS_0x9dfc_2023_06_01,0,2023-12-01
CUS_0x9e3b,CUS_0x9e3b_2023_06_01,0,2023-12-01
CUS_0x9e9d,CUS_0x9e9d_2023_06_01,1,2023-12-01
CUS_0x9f70,CUS_0x9f70_2023_06_01,0,2023-12-01
CUS_0x9f7e,CUS_0x9f7e_2023_06_01,0,2023-12-01
CUS_0x9f9,CUS_0x9f9_2023_06_01,0,2023-12-01
CUS_0xa01f,CUS_0xa01f_2023_06_01,0,2023-12-01
CUS_0xa024,CUS_0xa024_2023_06_01,0,2023-12-01
CUS_0xa055,CUS_0xa055_2023_06_01,0,2023-12-01
CUS_0xa0a5,CUS_0xa0a5_2023_06_01,0,2023-12-01
CUS_0xa0eb,CUS_0xa0eb_2023_06_01,1,2023-12-01
CUS_0xa201,CUS_0xa201_2023_06_01,0,2023-12-01
CUS_0xa24a,CUS_0xa24a_2023_06_01,0,2023-12-01
CUS_0xa2a7,CUS_0xa2a7_2023_06_01,1,2023-12-01
CUS_0xa2e5,CUS_0xa2e5_2023_06_01,0,2023-12-01
CUS_0xa2f8,CUS_0xa2f8_2023_06_01,0,2023-12-01
CUS_0xa31b,CUS_0xa31b_2023_06_01,0,2023-12-01
CUS_0xa328,CUS_0xa328_2023_06_01,1,2023-12-01
CUS_0xa405,CUS_0xa405_2023_06_01,0,2023-12-01
CUS_0xa41f,CUS_0xa41f_2023_06_01,0,2023-12-01
CUS_0xa499,CUS_0xa499_2023_06_01,0,2023-12-01
CUS_0xa520,CUS_0xa520_2023_06_01,0,2023-12-01
CUS_0xa66,CUS_0xa66_2023_06_01,0,2023-12-01
CUS_0xa6c6,CUS_0xa6c6_2023_06_01,1,2023-12-01
CUS_0xa71a,CUS_0xa71a_2023_06_01,0,2023-12-01
CUS_0xa751,CUS_0xa751_2023_06_01,0,2023-12-01
CUS_0xa7ab,CUS_0xa7ab_2023_06_01,0,2023-12-01
CUS_0xa7b6,CUS_0xa7b6_2023_06_01,0,2023-12-01
CUS_0xa7cd,CUS_0xa7cd_2023_06_01,1,2023-12-01
CUS_0xa843,CUS_0xa843_2023_06_01,0,2023-12-01
CUS_0xa865,CUS_0xa865_2023_06_01,0,2023-12-01
CUS_0xa86b,CUS_0xa86b_2023_06_01,0,2023-12-01
CUS_0xa88,CUS_0xa88_2023_06_01,0,2023-12-01
CUS_0xa93b,CUS_0xa93b_2023_06_01,0,2023-12-01
CUS_0xaa8c,CUS_0xaa8c_2023_06_01,0,2023-12-01
CUS_0xaaaf,CUS_0xaaaf_2023_06_01,0,2023-12-01
CUS_0xab80,CUS_0xab80_2023_06_01,0,2023-12-01
CUS_0xac0d,CUS_0xac0d_2023_06_01,1,2023-12-01
CUS_0xacf,CUS_0xacf_2023_06_01,0,2023-12-01
CUS_0xad19,CUS_0xad19_2023_06_01,0,2023-12-01
CUS_0xae07,CUS_0xae07_2023_06_01,0,2023-12-01
CUS_0xae0a,CUS_0xae0a_2023_06_01,0,2023-12-01
CUS_0xae54,CUS_0xae54_2023_06_01,0,2023-12-01
CUS_0xaec,CUS_0xaec_2023_06_01,0,2023-12-01
CUS_0xaed6,CUS_0xaed6_2023_06_01,0,2023-12-01
CUS_0xaf3b,CUS_0xaf3b_2023_06_01,0,2023-12-01
CUS_0xaf7d,CUS_0xaf7d_2023_06_01,0,2023-12-01
CUS_0xafd5,CUS_0xafd5_2023_06_01,0,2023-12-01
CUS_0xb030,CUS_0xb030_2023_06_01,0,2023-12-01
CUS_0xb0a3,CUS_0xb0a3_2023_06_01,0,2023-12-01
CUS_0xb0e,CUS_0xb0e_2023_06_01,1,2023-12-01
CUS_0xb15c,CUS_0xb15c_2023_06_01,1,2023-12-01
CUS_0xb168,CUS_0xb168_2023_06_01,0,2023-12-01
CUS_0xb173,CUS_0xb173_2023_06_01,1,2023-12-01
CUS_0xb17e,CUS_0xb17e_2023_06_01,1,2023-12-01
CUS_0xb196,CUS_0xb196_2023_06_01,0,2023-12-01
CUS_0xb1a2,CUS_0xb1a2_2023_06_01,0,2023-12-01
CUS_0xb1e8,CUS_0xb1e8_2023_06_01,0,2023-12-01
CUS_0xb201,CUS_0xb201_2023_06_01,0,2023-12-01
CUS_0xb22f,CUS_0xb22f_2023_06_01,1,2023-12-01
CUS_0xb240,CUS_0xb240_2023_06_01,0,2023-12-01
CUS_0xb29a,CUS_0xb29a_2023_06_01,1,2023-12-01
CUS_0xb362,CUS_0xb362_2023_06_01,0,2023-12-01
CUS_0xb374,CUS_0xb374_2023_06_01,1,2023-12-01
CUS_0xb38f,CUS_0xb38f_2023_06_01,0,2023-12-01
CUS_0xb395,CUS_0xb395_2023_06_01,0,2023-12-01
CUS_0xb461,CUS_0xb461_2023_06_01,1,2023-12-01
CUS_0xb503,CUS_0xb503_2023_06_01,0,2023-12-01
CUS_0xb52f,CUS_0xb52f_2023_06_01,0,2023-12-01
CUS_0xb5b5,CUS_0xb5b5_2023_06_01,1,2023-12-01
CUS_0xb5be,CUS_0xb5be_2023_06_01,0,2023-12-01
CUS_0xb5e3,CUS_0xb5e3_2023_06_01,0,2023-12-01
CUS_0xb699,CUS_0xb699_2023_06_01,0,2023-12-01
CUS_0xb6a5,CUS_0xb6a5_2023_06_01,0,2023-12-01
CUS_0xb7c3,CUS_0xb7c3_2023_06_01,0,2023-12-01
CUS_0xb7e2,CUS_0xb7e2_2023_06_01,0,2023-12-01
CUS_0xb814,CUS_0xb814_2023_06_01,0,2023-12-01
CUS_0xb888,CUS_0xb888_2023_06_01,1,2023-12-01
CUS_0xb8b6,CUS_0xb8b6_2023_06_01,0,2023-12-01
CUS_0xb8f4,CUS_0xb8f4_2023_06_01,0,2023-12-01
CUS_0xb8f6,CUS_0xb8f6_2023_06_01,0,2023-12-01
CUS_0xba0b,CUS_0xba0b_2023_06_01,0,2023-12-01
CUS_0xba16,CUS_0xba16_2023_06_01,0,2023-12-01
CUS_0xba7e,CUS_0xba7e_2023_06_01,1,2023-12-01
CUS_0xba93,CUS_0xba93_2023_06_01,0,2023-12-01
CUS_0xbaa6,CUS_0xbaa6_2023_06_01,0,2023-12-01
CUS_0xbaee,CUS_0xbaee_2023_06_01,0,2023-12-01
CUS_0xbb21,CUS_0xbb21_2023_06_01,0,2023-12-01
CUS_0xbb7e,CUS_0xbb7e_2023_06_01,0,2023-12-01
CUS_0xbce0,CUS_0xbce0_2023_06_01,0,2023-12-01
CUS_0xbcfe,CUS_0xbcfe_2023_06_01,0,2023-12-01
CUS_0xbd08,CUS_0xbd08_2023_06_01,1,2023-12-01
CUS_0xbd11,CUS_0xbd11_2023_06_01,1,2023-12-01
CUS_0xbd59,CUS_0xbd59_2023_06_01,0,2023-12-01
CUS_0xbdcf,CUS_0xbdcf_2023_06_01,0,2023-12-01
CUS_0xbe65,CUS_0xbe65_2023_06_01,0,2023-12-01
CUS_0xbfa1,CUS_0xbfa1_2023_06_01,0,2023-12-01
CUS_0xbfa9,CUS_0xbfa9_2023_06_01,1,2023-12-01
CUS_0xbfbc,CUS_0xbfbc_2023_06_01,0,2023-12-01
CUS_0xc02f,CUS_0xc02f_2023_06_01,0,2023-12-01
CUS_0xc062,CUS_0xc062_2023_06_01,0,2023-12-01
CUS_0xc0b7,CUS_0xc0b7_2023_06_01,0,2023-12-01
CUS_0xc173,CUS_0xc173_2023_06_01,0,2023-12-01
CUS_0xc1bb,CUS_0xc1bb_2023_06_01,0,2023-12-01
CUS_0xc1c9,CUS_0xc1c9_2023_06_01,0,2023-12-01
CUS_0xc2a1,CUS_0xc2a1_2023_06_01,1,2023-12-01
CUS_0xc2c0,CUS_0xc2c0_2023_06_01,0,2023-12-01
CUS_0xc323,CUS_0xc323_2023_06_01,1,2023-12-01
CUS_0xc356,CUS_0xc356_2023_06_01,1,2023-12-01
CUS_0xc37,CUS_0xc37_2023_06_01,0,2023-12-01
CUS_0xc38f,CUS_0xc38f_2023_06_01,1,2023-12-01
CUS_0xc3c7,CUS_0xc3c7_2023_06_01,0,2023-12-01
CUS_0xc56b,CUS_0xc56b_2023_06_01,1,2023-12-01
CUS_0xc59f,CUS_0xc59f_2023_06_01,0,2023-12-01
CUS_0xc65a,CUS_0xc65a_2023_06_01,0,2023-12-01
CUS_0xc6dd,CUS_0xc6dd_2023_06_01,0,2023-12-01
CUS_0xc726,CUS_0xc726_2023_06_01,0,2023-12-01
CUS_0xcad,CUS_0xcad_2023_06_01,0,2023-12-01
CUS_0xccc,CUS_0xccc_2023_06_01,0,2023-12-01
CUS_0xd22,CUS_0xd22_2023_06_01,0,2023-12-01
CUS_0xd51,CUS_0xd51_2023_06_01,0,2023-12-01
CUS_0xd83,CUS_0xd83_2023_06_01,0,2023-12-01
CUS_0xda6,CUS_0xda6_2023_06_01,0,2023-12-01
CUS_0xdac,CUS_0xdac_2023_06_01,0,2023-12-01
CUS_0xdca,CUS_0xdca_2023_06_01,1,2023-12-01
CUS_0xde6,CUS_0xde6_2023_06_01,0,2023-12-01
CUS_0xe2c,CUS_0xe2c_2023_06_01,0,2023-12-01
CUS_0xe4f,CUS_0xe4f_2023_06_01,0,2023-12-01
CUS_0xebe,CUS_0xebe_2023_06_01,0,2023-12-01
CUS_0xf30,CUS_0xf30_2023_06_01,0,2023-12-01
CUS_0xf59,CUS_0xf59_2023_06_01,0,2023-12-01
CUS_0xfbd,CUS_0xfbd_2023_06_01,1,2023-12-01
CUS_0xfe5,CUS_0xfe5_2023_06_01,0,2023-12-01
CUS_0x50c4,CUS_0x50c4_2024_08_01,0,2025-02-01
CUS_0x511e,CUS_0x511e_2024_08_01,1,2025-02-01
CUS_0x5129,CUS_0x5129_2024_08_01,1,2025-02-01
CUS_0x5189,CUS_0x5189_2024_08_01,0,2025-02-01
CUS_0x51ff,CUS_0x51ff_2024_08_01,0,2025-02-01
CUS_0x5209,CUS_0x5209_2024_08_01,1,2025-02-01
CUS_0x5234,CUS_0x5234_2024_08_01,0,2025-02-01
CUS_0x529c,CUS_0x529c_2024_08_01,0,2025-02-01
CUS_0x52d2,CUS_0x52d2_2024_08_01,0,2025-02-01
CUS_0x535b,CUS_0x535b_2024_08_01,0,2025-02-01
CUS_0x53eb,CUS_0x53eb_2024_08_01,0,2025-02-01
CUS_0x5418,CUS_0x5418_2024_08_01,0,2025-02-01
CUS_0x543d,CUS_0x543d_2024_08_01,1,2025-02-01
CUS_0x54a3,CUS_0x54a3_2024_08_01,0,2025-02-01
CUS_0x54bc,CUS_0x54bc_2024_08_01,0,2025-02-01
CUS_0x54bd,CUS_0x54bd_2024_08_01,0,2025-02-01
CUS_0x552,CUS_0x552_2024_08_01,0,2025-02-01
CUS_0x5536,CUS_0x5536_2024_08_01,0,2025-02-01
CUS_0x5540,CUS_0x5540_2024_08_01,1,2025-02-01
CUS_0x5569,CUS_0x5569_2024_08_01,0,2025-02-01
CUS_0x55e3,CUS_0x55e3_2024_08_01,1,2025-02-01
CUS_0x55fb,CUS_0x55fb_2024_08_01,1,2025-02-01
CUS_0x560d,CUS_0x560d_2024_08_01,0,2025-02-01
CUS_0x5627,CUS_0x5627_2024_08_01,0,2025-02-01
CUS_0x5640,CUS_0x5640_2024_08_01,0,2025-02-01
CUS_0x564a,CUS_0x564a_2024_08_01,1,2025-02-01
CUS_0x568,CUS_0x568_2024_08_01,1,2025-02-01
CUS_0x5682,CUS_0x5682_2024_08_01,0,2025-02-01
CUS_0x57a1,CUS_0x57a1_2024_08_01,0,2025-02-01
CUS_0x57a7,CUS_0x57a7_2024_08_01,0,2025-02-01
CUS_0x5845,CUS_0x5845_2024_08_01,1,2025-02-01
CUS_0x58a3,CUS_0x58a3_2024_08_01,0,2025-02-01
CUS_0x58ad,CUS_0x58ad_2024_08_01,0,2025-02-01
CUS_0x5909,CUS_0x5909_2024_08_01,0,2025-02-01
CUS_0x5933,CUS_0x5933_2024_08_01,0,2025-02-01
CUS_0x5974,CUS_0x5974_2024_08_01,1,2025-02-01
CUS_0x59a5,CUS_0x59a5_2024_08_01,0,2025-02-01
CUS_0x5a04,CUS_0x5a04_2024_08_01,1,2025-02-01
CUS_0x5aac,CUS_0x5aac_2024_08_01,0,2025-02-01
CUS_0x5af1,CUS_0x5af1_2024_08_01,0,2025-02-01
CUS_0x5b7c,CUS_0x5b7c_2024_08_01,0,2025-02-01
CUS_0x5bd8,CUS_0x5bd8_2024_08_01,0,2025-02-01
CUS_0x5c45,CUS_0x5c45_2024_08_01,0,2025-02-01
CUS_0x5ce6,CUS_0x5ce6_2024_08_01,1,2025-02-01
CUS_0x5d29,CUS_0x5d29_2024_08_01,1,2025-02-01
CUS_0x5d5f,CUS_0x5d5f_2024_08_01,0,2025-02-01
CUS_0x5d8b,CUS_0x5d8b_2024_08_01,0,2025-02-01
CUS_0x5dfe,CUS_0x5dfe_2024_08_01,0,2025-02-01
CUS_0x5e05,CUS_0x5e05_2024_08_01,0,2025-02-01
CUS_0x5e0d,CUS_0x5e0d_2024_08_01,0,2025-02-01
CUS_0x5e1b,CUS_0x5e1b_2024_08_01,0,2025-02-01
CUS_0x5ec6,CUS_0x5ec6_2024_08_01,0,2025-02-01
CUS_0x5f06,CUS_0x5f06_2024_08_01,1,2025-02-01
CUS_0x5fc3,CUS_0x5fc3_2024_08_01,0,2025-02-01
CUS_0x5fc9,CUS_0x5fc9_2024_08_01,0,2025-02-01
CUS_0x5fd5,CUS_0x5fd5_2024_08_01,1,2025-02-01
CUS_0x5ffa,CUS_0x5ffa_2024_08_01,0,2025-02-01
CUS_0x603b,CUS_0x603b_2024_08_01,1,2025-02-01
CUS_0x606d,CUS_0x606d_2024_08_01,1,2025-02-01
CUS_0x6075,CUS_0x6075_2024_08_01,0,2025-02-01
CUS_0x6086,CUS_0x6086_2024_08_01,0,2025-02-01
CUS_0x60d8,CUS_0x60d8_2024_08_01,0,2025-02-01
CUS_0x60da,CUS_0x60da_2024_08_01,0,2025-02-01
CUS_0x6191,CUS_0x6191_2024_08_01,1,2025-02-01
CUS_0x61b0,CUS_0x61b0_2024_08_01,1,2025-02-01
CUS_0x61ec,CUS_0x61ec_2024_08_01,0,2025-02-01
CUS_0x622c,CUS_0x622c_2024_08_01,0,2025-02-01
CUS_0x629c,CUS_0x629c_2024_08_01,0,2025-02-01
CUS_0x62a1,CUS_0x62a1_2024_08_01,0,2025-02-01
CUS_0x6339,CUS_0x6339_2024_08_01,0,2025-02-01
CUS_0x6359,CUS_0x6359_2024_08_01,0,2025-02-01
CUS_0x641a,CUS_0x641a_2024_08_01,0,2025-02-01
CUS_0x6437,CUS_0x6437_2024_08_01,0,2025-02-01
CUS_0x6448,CUS_0x6448_2024_08_01,0,2025-02-01
CUS_0x64c,CUS_0x64c_2024_08_01,0,2025-02-01
CUS_0x6579,CUS_0x6579_2024_08_01,1,2025-02-01
CUS_0x658f,CUS_0x658f_2024_08_01,0,2025-02-01
CUS_0x659,CUS_0x659_2024_08_01,1,2025-02-01
CUS_0x6596,CUS_0x6596_2024_08_01,0,2025-02-01
CUS_0x65a0,CUS_0x65a0_2024_08_01,1,2025-02-01
CUS_0x65c6,CUS_0x65c6_2024_08_01,1,2025-02-01
CUS_0x65d9,CUS_0x65d9_2024_08_01,0,2025-02-01
CUS_0x6635,CUS_0x6635_2024_08_01,1,2025-02-01
CUS_0x668f,CUS_0x668f_2024_08_01,0,2025-02-01
CUS_0x66d,CUS_0x66d_2024_08_01,0,2025-02-01
CUS_0x66d6,CUS_0x66d6_2024_08_01,0,2025-02-01
CUS_0x673b,CUS_0x673b_2024_08_01,0,2025-02-01
CUS_0x67c8,CUS_0x67c8_2024_08_01,0,2025-02-01
CUS_0x682e,CUS_0x682e_2024_08_01,0,2025-02-01
CUS_0x6863,CUS_0x6863_2024_08_01,0,2025-02-01
CUS_0x68cc,CUS_0x68cc_2024_08_01,0,2025-02-01
CUS_0x68d5,CUS_0x68d5_2024_08_01,0,2025-02-01
CUS_0x68da,CUS_0x68da_2024_08_01,0,2025-02-01
CUS_0x6938,CUS_0x6938_2024_08_01,1,2025-02-01
CUS_0x693b,CUS_0x693b_2024_08_01,0,2025-02-01
CUS_0x6963,CUS_0x6963_2024_08_01,1,2025-02-01
CUS_0x6987,CUS_0x6987_2024_08_01,1,2025-02-01
CUS_0x6991,CUS_0x6991_2024_08_01,1,2025-02-01
CUS_0x69e0,CUS_0x69e0_2024_08_01,1,2025-02-01
CUS_0x6a1d,CUS_0x6a1d_2024_08_01,1,2025-02-01
CUS_0x6a86,CUS_0x6a86_2024_08_01,0,2025-02-01
CUS_0x6b49,CUS_0x6b49_2024_08_01,0,2025-02-01
CUS_0x6c99,CUS_0x6c99_2024_08_01,1,2025-02-01
CUS_0x6cbb,CUS_0x6cbb_2024_08_01,0,2025-02-01
CUS_0x6cd4,CUS_0x6cd4_2024_08_01,0,2025-02-01
CUS_0x6d7e,CUS_0x6d7e_2024_08_01,0,2025-02-01
CUS_0x6dc3,CUS_0x6dc3_2024_08_01,0,2025-02-01
CUS_0x6e81,CUS_0x6e81_2024_08_01,1,2025-02-01
CUS_0x6f7d,CUS_0x6f7d_2024_08_01,0,2025-02-01
CUS_0x6f86,CUS_0x6f86_2024_08_01,0,2025-02-01
CUS_0x703d,CUS_0x703d_2024_08_01,0,2025-02-01
CUS_0x708e,CUS_0x708e_2024_08_01,1,2025-02-01
CUS_0x70ea,CUS_0x70ea_2024_08_01,0,2025-02-01
CUS_0x70f6,CUS_0x70f6_2024_08_01,1,2025-02-01
CUS_0x713d,CUS_0x713d_2024_08_01,1,2025-02-01
CUS_0x7177,CUS_0x7177_2024_08_01,0,2025-02-01
CUS_0x71bc,CUS_0x71bc_2024_08_01,1,2025-02-01
CUS_0x71fa,CUS_0x71fa_2024_08_01,1,2025-02-01
CUS_0x7270,CUS_0x7270_2024_08_01,0,2025-02-01
CUS_0x728f,CUS_0x728f_2024_08_01,0,2025-02-01
CUS_0x7403,CUS_0x7403_2024_08_01,1,2025-02-01
CUS_0x7453,CUS_0x7453_2024_08_01,1,2025-02-01
CUS_0x7478,CUS_0x7478_2024_08_01,0,2025-02-01
CUS_0x74db,CUS_0x74db_2024_08_01,1,2025-02-01
CUS_0x7611,CUS_0x7611_2024_08_01,0,2025-02-01
CUS_0x7672,CUS_0x7672_2024_08_01,0,2025-02-01
CUS_0x77ad,CUS_0x77ad_2024_08_01,0,2025-02-01
CUS_0x77ff,CUS_0x77ff_2024_08_01,1,2025-02-01
CUS_0x7808,CUS_0x7808_2024_08_01,1,2025-02-01
CUS_0x7812,CUS_0x7812_2024_08_01,0,2025-02-01
CUS_0x78db,CUS_0x78db_2024_08_01,1,2025-02-01
CUS_0x7942,CUS_0x7942_2024_08_01,1,2025-02-01
CUS_0x799e,CUS_0x799e_2024_08_01,0,2025-02-01
CUS_0x79d9,CUS_0x79d9_2024_08_01,0,2025-02-01
CUS_0x7a34,CUS_0x7a34_2024_08_01,0,2025-02-01
CUS_0x7a36,CUS_0x7a36_2024_08_01,1,2025-02-01
CUS_0x7b3,CUS_0x7b3_2024_08_01,1,2025-02-01
CUS_0x7b39,CUS_0x7b39_2024_08_01,0,2025-02-01
CUS_0x7b9d,CUS_0x7b9d_2024_08_01,1,2025-02-01
CUS_0x7c8c,CUS_0x7c8c_2024_08_01,0,2025-02-01
CUS_0x7cc1,CUS_0x7cc1_2024_08_01,0,2025-02-01
CUS_0x7d6c,CUS_0x7d6c_2024_08_01,0,2025-02-01
CUS_0x7dff,CUS_0x7dff_2024_08_01,0,2025-02-01
CUS_0x7e06,CUS_0x7e06_2024_08_01,0,2025-02-01
CUS_0x7ec9,CUS_0x7ec9_2024_08_01,0,2025-02-01
CUS_0x7f32,CUS_0x7f32_2024_08_01,1,2025-02-01
CUS_0x7f3d,CUS_0x7f3d_2024_08_01,0,2025-02-01
CUS_0x7f43,CUS_0x7f43_2024_08_01,1,2025-02-01
CUS_0x7fb2,CUS_0x7fb2_2024_08_01,0,2025-02-01
CUS_0x7ff9,CUS_0x7ff9_2024_08_01,0,2025-02-01
CUS_0x8000,CUS_0x8000_2024_08_01,0,2025-02-01
CUS_0x8062,CUS_0x8062_2024_08_01,0,2025-02-01
CUS_0x80b8,CUS_0x80b8_2024_08_01,1,2025-02-01
CUS_0x80d0,CUS_0x80d0_2024_08_01,0,2025-02-01
CUS_0x815,CUS_0x815_2024_08_01,1,2025-02-01
CUS_0x817d,CUS_0x817d_2024_08_01,1,2025-02-01
CUS_0x81b,CUS_0x81b_2024_08_01,1,2025-02-01
CUS_0x81ce,CUS_0x81ce_2024_08_01,1,2025-02-01
CUS_0x81de,CUS_0x81de_2024_08_01,0,2025-02-01
CUS_0x81fe,CUS_0x81fe_2024_08_01,0,2025-02-01
CUS_0x82c2,CUS_0x82c2_2024_08_01,1,2025-02-01
CUS_0x8348,CUS_0x8348_2024_08_01,1,2025-02-01
CUS_0x8382,CUS_0x8382_2024_08_01,0,2025-02-01
CUS_0x8395,CUS_0x8395_2024_08_01,0,2025-02-01
CUS_0x83a0,CUS_0x83a0_2024_08_01,0,2025-02-01
CUS_0x844b,CUS_0x844b_2024_08_01,0,2025-02-01
CUS_0x84be,CUS_0x84be_2024_08_01,0,2025-02-01
CUS_0x84d0,CUS_0x84d0_2024_08_01,1,2025-02-01
CUS_0x84f5,CUS_0x84f5_2024_08_01,0,2025-02-01
CUS_0x8535,CUS_0x8535_2024_08_01,0,2025-02-01
CUS_0x857e,CUS_0x857e_2024_08_01,0,2025-02-01
CUS_0x8590,CUS_0x8590_2024_08_01,0,2025-02-01
CUS_0x85c6,CUS_0x85c6_2024_08_01,0,2025-02-01
CUS_0x864a,CUS_0x864a_2024_08_01,0,2025-02-01
CUS_0x864e,CUS_0x864e_2024_08_01,0,2025-02-01
CUS_0x86f4,CUS_0x86f4_2024_08_01,0,2025-02-01
CUS_0x8702,CUS_0x8702_2024_08_01,0,2025-02-01
CUS_0x87e4,CUS_0x87e4_2024_08_01,0,2025-02-01
CUS_0x88f4,CUS_0x88f4_2024_08_01,0,2025-02-01
CUS_0x890,CUS_0x890_2024_08_01,1,2025-02-01
CUS_0x8985,CUS_0x8985_2024_08_01,1,2025-02-01
CUS_0x89c2,CUS_0x89c2_2024_08_01,0,2025-02-01
CUS_0x89ff,CUS_0x89ff_2024_08_01,1,2025-02-01
CUS_0x8a27,CUS_0x8a27_2024_08_01,0,2025-02-01
CUS_0x8a70,CUS_0x8a70_2024_08_01,0,2025-02-01
CUS_0x8a9c,CUS_0x8a9c_2024_08_01,0,2025-02-01
CUS_0x8aa6,CUS_0x8aa6_2024_08_01,0,2025-02-01
CUS_0x8b8b,CUS_0x8b8b_2024_08_01,1,2025-02-01
CUS_0x8be0,CUS_0x8be0_2024_08_01,1,2025-02-01
CUS_0x8c79,CUS_0x8c79_2024_08_01,1,2025-02-01
CUS_0x8cc8,CUS_0x8cc8_2024_08_01,0,2025-02-01
CUS_0x8cfe,CUS_0x8cfe_2024_08_01,0,2025-02-01
CUS_0x8d0d,CUS_0x8d0d_2024_08_01,0,2025-02-01
CUS_0x8d40,CUS_0x8d40_2024_08_01,0,2025-02-01
CUS_0x8db6,CUS_0x8db6_2024_08_01,1,2025-02-01
CUS_0x10ac,CUS_0x10ac_2024_08_01,0,2025-02-01
CUS_0x10c5,CUS_0x10c5_2024_08_01,1,2025-02-01
CUS_0x1145,CUS_0x1145_2024_08_01,1,2025-02-01
CUS_0x11ac,CUS_0x11ac_2024_08_01,0,2025-02-01
CUS_0x122c,CUS_0x122c_2024_08_01,0,2025-02-01
CUS_0x1274,CUS_0x1274_2024_08_01,1,2025-02-01
CUS_0x1288,CUS_0x1288_2024_08_01,1,2025-02-01
CUS_0x12cc,CUS_0x12cc_2024_08_01,1,2025-02-01
CUS_0x1338,CUS_0x1338_2024_08_01,0,2025-02-01
CUS_0x1370,CUS_0x1370_2024_08_01,1,2025-02-01
CUS_0x1378,CUS_0x1378_2024_08_01,1,2025-02-01
CUS_0x139b,CUS_0x139b_2024_08_01,0,2025-02-01
CUS_0x13a9,CUS_0x13a9_2024_08_01,0,2025-02-01
CUS_0x13ce,CUS_0x13ce_2024_08_01,0,2025-02-01
CUS_0x147a,CUS_0x147a_2024_08_01,0,2025-02-01
CUS_0x1510,CUS_0x1510_2024_08_01,1,2025-02-01
CUS_0x1572,CUS_0x1572_2024_08_01,0,2025-02-01
CUS_0x159b,CUS_0x159b_2024_08_01,0,2025-02-01
CUS_0x15f1,CUS_0x15f1_2024_08_01,0,2025-02-01
CUS_0x1621,CUS_0x1621_2024_08_01,0,2025-02-01
CUS_0x1638,CUS_0x1638_2024_08_01,1,2025-02-01
CUS_0x165b,CUS_0x165b_2024_08_01,1,2025-02-01
CUS_0x1890,CUS_0x1890_2024_08_01,1,2025-02-01
CUS_0x18f5,CUS_0x18f5_2024_08_01,0,2025-02-01
CUS_0x1900,CUS_0x1900_2024_08_01,0,2025-02-01
CUS_0x1947,CUS_0x1947_2024_08_01,0,2025-02-01
CUS_0x194f,CUS_0x194f_2024_08_01,0,2025-02-01
CUS_0x19a5,CUS_0x19a5_2024_08_01,0,2025-02-01
CUS_0x1a06,CUS_0x1a06_2024_08_01,0,2025-02-01
CUS_0x1a3b,CUS_0x1a3b_2024_08_01,0,2025-02-01
CUS_0x1a57,CUS_0x1a57_2024_08_01,1,2025-02-01
CUS_0x1a96,CUS_0x1a96_2024_08_01,0,2025-02-01
CUS_0x1ad3,CUS_0x1ad3_2024_08_01,0,2025-02-01
CUS_0x1bfd,CUS_0x1bfd_2024_08_01,1,2025-02-01
CUS_0x1c2a,CUS_0x1c2a_2024_08_01,0,2025-02-01
CUS_0x1c3a,CUS_0x1c3a_2024_08_01,0,2025-02-01
CUS_0x1d58,CUS_0x1d58_2024_08_01,0,2025-02-01
CUS_0x1e16,CUS_0x1e16_2024_08_01,0,2025-02-01
CUS_0x1e3f,CUS_0x1e3f_2024_08_01,0,2025-02-01
CUS_0x1e62,CUS_0x1e62_2024_08_01,0,2025-02-01
CUS_0x1ed6,CUS_0x1ed6_2024_08_01,0,2025-02-01
CUS_0x1f61,CUS_0x1f61_2024_08_01,1,2025-02-01
CUS_0x20fa,CUS_0x20fa_2024_08_01,1,2025-02-01
CUS_0x2194,CUS_0x2194_2024_08_01,0,2025-02-01
CUS_0x2200,CUS_0x2200_2024_08_01,1,2025-02-01
CUS_0x2212,CUS_0x2212_2024_08_01,1,2025-02-01
CUS_0x225a,CUS_0x225a_2024_08_01,0,2025-02-01
CUS_0x22b1,CUS_0x22b1_2024_08_01,0,2025-02-01
CUS_0x22d6,CUS_0x22d6_2024_08_01,0,2025-02-01
CUS_0x241d,CUS_0x241d_2024_08_01,1,2025-02-01
CUS_0x242d,CUS_0x242d_2024_08_01,0,2025-02-01
CUS_0x2449,CUS_0x2449_2024_08_01,1,2025-02-01
CUS_0x247e,CUS_0x247e_2024_08_01,0,2025-02-01
CUS_0x24bc,CUS_0x24bc_2024_08_01,0,2025-02-01
CUS_0x2509,CUS_0x2509_2024_08_01,1,2025-02-01
CUS_0x2516,CUS_0x2516_2024_08_01,0,2025-02-01
CUS_0x2527,CUS_0x2527_2024_08_01,0,2025-02-01
CUS_0x2562,CUS_0x2562_2024_08_01,1,2025-02-01
CUS_0x2634,CUS_0x2634_2024_08_01,0,2025-02-01
CUS_0x264a,CUS_0x264a_2024_08_01,0,2025-02-01
CUS_0x268d,CUS_0x268d_2024_08_01,0,2025-02-01
CUS_0x2692,CUS_0x2692_2024_08_01,0,2025-02-01
CUS_0x269c,CUS_0x269c_2024_08_01,0,2025-02-01
CUS_0x2827,CUS_0x2827_2024_08_01,0,2025-02-01
CUS_0x2834,CUS_0x2834_2024_08_01,0,2025-02-01
CUS_0x2869,CUS_0x2869_2024_08_01,0,2025-02-01
CUS_0x28e2,CUS_0x28e2_2024_08_01,0,2025-02-01
CUS_0x29bf,CUS_0x29bf_2024_08_01,0,2025-02-01
CUS_0x29e9,CUS_0x29e9_2024_08_01,0,2025-02-01
CUS_0x2a45,CUS_0x2a45_2024_08_01,0,2025-02-01
CUS_0x2a46,CUS_0x2a46_2024_08_01,0,2025-02-01
CUS_0x2a8c,CUS_0x2a8c_2024_08_01,0,2025-02-01
CUS_0x2a8f,CUS_0x2a8f_2024_08_01,0,2025-02-01
CUS_0x2abd,CUS_0x2abd_2024_08_01,0,2025-02-01
CUS_0x2ae8,CUS_0x2ae8_2024_08_01,0,2025-02-01
CUS_0x2b7a,CUS_0x2b7a_2024_08_01,1,2025-02-01
CUS_0x2ba1,CUS_0x2ba1_2024_08_01,0,2025-02-01
CUS_0x2ba4,CUS_0x2ba4_2024_08_01,1,2025-02-01
CUS_0x2bb5,CUS_0x2bb5_2024_08_01,1,2025-02-01
CUS_0x2bdc,CUS_0x2bdc_2024_08_01,1,2025-02-01
CUS_0x2bf7,CUS_0x2bf7_2024_08_01,0,2025-02-01
CUS_0x2c0a,CUS_0x2c0a_2024_08_01,0,2025-02-01
CUS_0x2c15,CUS_0x2c15_2024_08_01,0,2025-02-01
CUS_0x2c98,CUS_0x2c98_2024_08_01,0,2025-02-01
CUS_0x2ce8,CUS_0x2ce8_2024_08_01,0,2025-02-01
CUS_0x2d5a,CUS_0x2d5a_2024_08_01,1,2025-02-01
CUS_0x2d6a,CUS_0x2d6a_2024_08_01,0,2025-02-01
CUS_0x2da9,CUS_0x2da9_2024_08_01,0,2025-02-01
CUS_0x2dfd,CUS_0x2dfd_2024_08_01,0,2025-02-01
CUS_0x2e73,CUS_0x2e73_2024_08_01,1,2025-02-01
CUS_0x2ef1,CUS_0x2ef1_2024_08_01,0,2025-02-01
CUS_0x2f86,CUS_0x2f86_2024_08_01,0,2025-02-01
CUS_0x2fc9,CUS_0x2fc9_2024_08_01,0,2025-02-01
CUS_0x2fe7,CUS_0x2fe7_2024_08_01,1,2025-02-01
CUS_0x3069,CUS_0x3069_2024_08_01,0,2025-02-01
CUS_0x3092,CUS_0x3092_2024_08_01,0,2025-02-01
CUS_0x30ee,CUS_0x30ee_2024_08_01,0,2025-02-01
CUS_0x3182,CUS_0x3182_2024_08_01,0,2025-02-01
CUS_0x319d,CUS_0x319d_2024_08_01,0,2025-02-01
CUS_0x31ef,CUS_0x31ef_2024_08_01,0,2025-02-01
CUS_0x31f8,CUS_0x31f8_2024_08_01,0,2025-02-01
CUS_0x32a5,CUS_0x32a5_2024_08_01,0,2025-02-01
CUS_0x32b1,CUS_0x32b1_2024_08_01,0,2025-02-01
CUS_0x32e5,CUS_0x32e5_2024_08_01,0,2025-02-01
CUS_0x334b,CUS_0x334b_2024_08_01,0,2025-02-01
CUS_0x337d,CUS_0x337d_2024_08_01,1,2025-02-01
CUS_0x342a,CUS_0x342a_2024_08_01,0,2025-02-01
CUS_0x3499,CUS_0x3499_2024_08_01,1,2025-02-01
CUS_0x3525,CUS_0x3525_2024_08_01,0,2025-02-01
CUS_0x35e4,CUS_0x35e4_2024_08_01,1,2025-02-01
CUS_0x35e9,CUS_0x35e9_2024_08_01,0,2025-02-01
CUS_0x3639,CUS_0x3639_2024_08_01,0,2025-02-01
CUS_0x372e,CUS_0x372e_2024_08_01,0,2025-02-01
CUS_0x37bf,CUS_0x37bf_2024_08_01,0,2025-02-01
CUS_0x384c,CUS_0x384c_2024_08_01,0,2025-02-01
CUS_0x3855,CUS_0x3855_2024_08_01,0,2025-02-01
CUS_0x387a,CUS_0x387a_2024_08_01,1,2025-02-01
CUS_0x393f,CUS_0x393f_2024_08_01,1,2025-02-01
CUS_0x396e,CUS_0x396e_2024_08_01,0,2025-02-01
CUS_0x39b2,CUS_0x39b2_2024_08_01,1,2025-02-01
CUS_0x39bf,CUS_0x39bf_2024_08_01,1,2025-02-01
CUS_0x39ff,CUS_0x39ff_2024_08_01,0,2025-02-01
CUS_0x3a3a,CUS_0x3a3a_2024_08_01,0,2025-02-01
CUS_0x3afb,CUS_0x3afb_2024_08_01,0,2025-02-01
CUS_0x3b37,CUS_0x3b37_2024_08_01,0,2025-02-01
CUS_0x3b90,CUS_0x3b90_2024_08_01,0,2025-02-01
CUS_0x3bc5,CUS_0x3bc5_2024_08_01,1,2025-02-01
CUS_0x3c24,CUS_0x3c24_2024_08_01,0,2025-02-01
CUS_0x3c39,CUS_0x3c39_2024_08_01,0,2025-02-01
CUS_0x3c97,CUS_0x3c97_2024_08_01,0,2025-02-01
CUS_0x3db1,CUS_0x3db1_2024_08_01,0,2025-02-01
CUS_0x3e10,CUS_0x3e10_2024_08_01,1,2025-02-01
CUS_0x3e74,CUS_0x3e74_2024_08_01,1,2025-02-01
CUS_0x3e89,CUS_0x3e89_2024_08_01,0,2025-02-01
CUS_0x3ec7,CUS_0x3ec7_2024_08_01,1,2025-02-01
CUS_0x3f1,CUS_0x3f1_2024_08_01,0,2025-02-01
CUS_0x3f27,CUS_0x3f27_2024_08_01,0,2025-02-01
CUS_0x3f62,CUS_0x3f62_2024_08_01,1,2025-02-01
CUS_0x3f94,CUS_0x3f94_2024_08_01,0,2025-02-01
CUS_0x3fcd,CUS_0x3fcd_2024_08_01,0,2025-02-01
CUS_0x3fee,CUS_0x3fee_2024_08_01,0,2025-02-01
CUS_0x3ffe,CUS_0x3ffe_2024_08_01,0,2025-02-01
CUS_0x4020,CUS_0x4020_2024_08_01,0,2025-02-01
CUS_0x4037,CUS_0x4037_2024_08_01,0,2025-02-01
CUS_0x4103,CUS_0x4103_2024_08_01,0,2025-02-01
CUS_0x4143,CUS_0x4143_2024_08_01,1,2025-02-01
CUS_0x416d,CUS_0x416d_2024_08_01,0,2025-02-01
CUS_0x423c,CUS_0x423c_2024_08_01,0,2025-02-01
CUS_0x4315,CUS_0x4315_2024_08_01,0,2025-02-01
CUS_0x4330,CUS_0x4330_2024_08_01,0,2025-02-01
CUS_0x43fc,CUS_0x43fc_2024_08_01,0,2025-02-01
CUS_0x447b,CUS_0x447b_2024_08_01,1,2025-02-01
CUS_0x449b,CUS_0x449b_2024_08_01,0,2025-02-01
CUS_0x44aa,CUS_0x44aa_2024_08_01,0,2025-02-01
CUS_0x44b0,CUS_0x44b0_2024_08_01,0,2025-02-01
CUS_0x4544,CUS_0x4544_2024_08_01,0,2025-02-01
CUS_0x45fc,CUS_0x45fc_2024_08_01,1,2025-02-01
CUS_0x4695,CUS_0x4695_2024_08_01,0,2025-02-01
CUS_0x46d1,CUS_0x46d1_2024_08_01,0,2025-02-01
CUS_0x477d,CUS_0x477d_2024_08_01,0,2025-02-01
CUS_0x47f9,CUS_0x47f9_2024_08_01,0,2025-02-01
CUS_0x486d,CUS_0x486d_2024_08_01,0,2025-02-01
CUS_0x4904,CUS_0x4904_2024_08_01,1,2025-02-01
CUS_0x492e,CUS_0x492e_2024_08_01,0,2025-02-01
CUS_0x49d3,CUS_0x49d3_2024_08_01,0,2025-02-01
CUS_0x4a23,CUS_0x4a23_2024_08_01,0,2025-02-01
CUS_0x4b11,CUS_0x4b11_2024_08_01,1,2025-02-01
CUS_0x4bb,CUS_0x4bb_2024_08_01,0,2025-02-01
CUS_0x4c3e,CUS_0x4c3e_2024_08_01,0,2025-02-01
CUS_0x4c64,CUS_0x4c64_2024_08_01,0,2025-02-01
CUS_0x4d0,CUS_0x4d0_2024_08_01,0,2025-02-01
CUS_0x4d1b,CUS_0x4d1b_2024_08_01,0,2025-02-01
CUS_0x4dba,CUS_0x4dba_2024_08_01,0,2025-02-01
CUS_0x4e5f,CUS_0x4e5f_2024_08_01,0,2025-02-01
CUS_0x4e80,CUS_0x4e80_2024_08_01,0,2025-02-01
CUS_0x4e89,CUS_0x4e89_2024_08_01,0,2025-02-01
CUS_0x4e97,CUS_0x4e97_2024_08_01,1,2025-02-01
CUS_0x4ed2,CUS_0x4ed2_2024_08_01,0,2025-02-01
CUS_0x4ee5,CUS_0x4ee5_2024_08_01,0,2025-02-01
CUS_0x4f44,CUS_0x4f44_2024_08_01,0,2025-02-01
CUS_0x4f70,CUS_0x4f70_2024_08_01,0,2025-02-01
CUS_0x4f85,CUS_0x4f85_2024_08_01,1,2025-02-01
CUS_0x4fcc,CUS_0x4fcc_2024_08_01,0,2025-02-01
CUS_0x4fe9,CUS_0x4fe9_2024_08_01,1,2025-02-01
CUS_0x4ffd,CUS_0x4ffd_2024_08_01,0,2025-02-01
CUS_0x1056,CUS_0x1056_2023_04_01,1,2023-10-01
CUS_0x11fc,CUS_0x11fc_2023_04_01,0,2023-10-01
CUS_0x1216,CUS_0x1216_2023_04_01,1,2023-10-01
CUS_0x1285,CUS_0x1285_2023_04_01,0,2023-10-01
CUS_0x12be,CUS_0x12be_2023_04_01,0,2023-10-01
CUS_0x12c1,CUS_0x12c1_2023_04_01,1,2023-10-01
CUS_0x130b,CUS_0x130b_2023_04_01,0,2023-10-01
CUS_0x141d,CUS_0x141d_2023_04_01,0,2023-10-01
CUS_0x1431,CUS_0x1431_2023_04_01,1,2023-10-01
CUS_0x148b,CUS_0x148b_2023_04_01,0,2023-10-01
CUS_0x14b4,CUS_0x14b4_2023_04_01,0,2023-10-01
CUS_0x14ff,CUS_0x14ff_2023_04_01,1,2023-10-01
CUS_0x1537,CUS_0x1537_2023_04_01,1,2023-10-01
CUS_0x163c,CUS_0x163c_2023_04_01,0,2023-10-01
CUS_0x1746,CUS_0x1746_2023_04_01,1,2023-10-01
CUS_0x1755,CUS_0x1755_2023_04_01,0,2023-10-01
CUS_0x17d1,CUS_0x17d1_2023_04_01,0,2023-10-01
CUS_0x1894,CUS_0x1894_2023_04_01,0,2023-10-01
CUS_0x18b9,CUS_0x18b9_2023_04_01,1,2023-10-01
CUS_0x1911,CUS_0x1911_2023_04_01,0,2023-10-01
CUS_0x1924,CUS_0x1924_2023_04_01,0,2023-10-01
CUS_0x192f,CUS_0x192f_2023_04_01,1,2023-10-01
CUS_0x197f,CUS_0x197f_2023_04_01,0,2023-10-01
CUS_0x1a8d,CUS_0x1a8d_2023_04_01,0,2023-10-01
CUS_0x1b0f,CUS_0x1b0f_2023_04_01,1,2023-10-01
CUS_0x1b56,CUS_0x1b56_2023_04_01,1,2023-10-01
CUS_0x1b59,CUS_0x1b59_2023_04_01,0,2023-10-01
CUS_0x1be4,CUS_0x1be4_2023_04_01,0,2023-10-01
CUS_0x1c5d,CUS_0x1c5d_2023_04_01,0,2023-10-01
CUS_0x1cc0,CUS_0x1cc0_2023_04_01,0,2023-10-01
CUS_0x1cd1,CUS_0x1cd1_2023_04_01,1,2023-10-01
CUS_0x1d7a,CUS_0x1d7a_2023_04_01,1,2023-10-01
CUS_0x1def,CUS_0x1def_2023_04_01,0,2023-10-01
CUS_0x1e48,CUS_0x1e48_2023_04_01,0,2023-10-01
CUS_0x1e4d,CUS_0x1e4d_2023_04_01,0,2023-10-01
CUS_0x1e6b,CUS_0x1e6b_2023_04_01,1,2023-10-01
CUS_0x1e9b,CUS_0x1e9b_2023_04_01,1,2023-10-01
CUS_0x1e9e,CUS_0x1e9e_2023_04_01,1,2023-10-01
CUS_0x1efc,CUS_0x1efc_2023_04_01,0,2023-10-01
CUS_0x1f9e,CUS_0x1f9e_2023_04_01,0,2023-10-01
CUS_0x2048,CUS_0x2048_2023_04_01,0,2023-10-01
CUS_0x207a,CUS_0x207a_2023_04_01,0,2023-10-01
CUS_0x2084,CUS_0x2084_2023_04_01,0,2023-10-01
CUS_0x20fe,CUS_0x20fe_2023_04_01,0,2023-10-01
CUS_0x2123,CUS_0x2123_2023_04_01,0,2023-10-01
CUS_0x2126,CUS_0x2126_2023_04_01,0,2023-10-01
CUS_0x21a1,CUS_0x21a1_2023_04_01,1,2023-10-01
CUS_0x21c3,CUS_0x21c3_2023_04_01,1,2023-10-01
CUS_0x2246,CUS_0x2246_2023_04_01,0,2023-10-01
CUS_0x2255,CUS_0x2255_2023_04_01,1,2023-10-01
CUS_0x2288,CUS_0x2288_2023_04_01,0,2023-10-01
CUS_0x22a3,CUS_0x22a3_2023_04_01,0,2023-10-01
CUS_0x2317,CUS_0x2317_2023_04_01,0,2023-10-01
CUS_0x233a,CUS_0x233a_2023_04_01,0,2023-10-01
CUS_0x265a,CUS_0x265a_2023_04_01,0,2023-10-01
CUS_0x271e,CUS_0x271e_2023_04_01,0,2023-10-01
CUS_0x275a,CUS_0x275a_2023_04_01,1,2023-10-01
CUS_0x2771,CUS_0x2771_2023_04_01,1,2023-10-01
CUS_0x279f,CUS_0x279f_2023_04_01,1,2023-10-01
CUS_0x27e8,CUS_0x27e8_2023_04_01,1,2023-10-01
CUS_0x299d,CUS_0x299d_2023_04_01,0,2023-10-01
CUS_0x29dd,CUS_0x29dd_2023_04_01,0,2023-10-01
CUS_0x2a12,CUS_0x2a12_2023_04_01,0,2023-10-01
CUS_0x2a3a,CUS_0x2a3a_2023_04_01,1,2023-10-01
CUS_0x2a77,CUS_0x2a77_2023_04_01,0,2023-10-01
CUS_0x2acc,CUS_0x2acc_2023_04_01,1,2023-10-01
CUS_0x2b51,CUS_0x2b51_2023_04_01,0,2023-10-01
CUS_0x2b7e,CUS_0x2b7e_2023_04_01,0,2023-10-01
CUS_0x2bfe,CUS_0x2bfe_2023_04_01,0,2023-10-01
CUS_0x2c04,CUS_0x2c04_2023_04_01,1,2023-10-01
CUS_0x2c6f,CUS_0x2c6f_2023_04_01,0,2023-10-01
CUS_0x2c8f,CUS_0x2c8f_2023_04_01,1,2023-10-01
CUS_0x2cd9,CUS_0x2cd9_2023_04_01,1,2023-10-01
CUS_0x2d38,CUS_0x2d38_2023_04_01,0,2023-10-01
CUS_0x2dd6,CUS_0x2dd6_2023_04_01,0,2023-10-01
CUS_0x2eac,CUS_0x2eac_2023_04_01,0,2023-10-01
CUS_0x2eb1,CUS_0x2eb1_2023_04_01,0,2023-10-01
CUS_0x2f0a,CUS_0x2f0a_2023_04_01,0,2023-10-01
CUS_0x2f29,CUS_0x2f29_2023_04_01,0,2023-10-01
CUS_0x2fa2,CUS_0x2fa2_2023_04_01,0,2023-10-01
CUS_0x3009,CUS_0x3009_2023_04_01,1,2023-10-01
CUS_0x3032,CUS_0x3032_2023_04_01,0,2023-10-01
CUS_0x3059,CUS_0x3059_2023_04_01,1,2023-10-01
CUS_0x3090,CUS_0x3090_2023_04_01,0,2023-10-01
CUS_0x30c1,CUS_0x30c1_2023_04_01,0,2023-10-01
CUS_0x30e8,CUS_0x30e8_2023_04_01,0,2023-10-01
CUS_0x30ec,CUS_0x30ec_2023_04_01,0,2023-10-01
CUS_0x320d,CUS_0x320d_2023_04_01,0,2023-10-01
CUS_0x3364,CUS_0x3364_2023_04_01,1,2023-10-01
CUS_0x3365,CUS_0x3365_2023_04_01,0,2023-10-01
CUS_0x3371,CUS_0x3371_2023_04_01,1,2023-10-01
CUS_0x33e1,CUS_0x33e1_2023_04_01,0,2023-10-01
CUS_0x3468,CUS_0x3468_2023_04_01,0,2023-10-01
CUS_0x34be,CUS_0x34be_2023_04_01,0,2023-10-01
CUS_0x35c8,CUS_0x35c8_2023_04_01,1,2023-10-01
CUS_0x360c,CUS_0x360c_2023_04_01,0,2023-10-01
CUS_0x3634,CUS_0x3634_2023_04_01,0,2023-10-01
CUS_0x36da,CUS_0x36da_2023_04_01,0,2023-10-01
CUS_0x36ee,CUS_0x36ee_2023_04_01,0,2023-10-01
CUS_0x36f9,CUS_0x36f9_2023_04_01,0,2023-10-01
CUS_0x383e,CUS_0x383e_2023_04_01,0,2023-10-01
CUS_0x3861,CUS_0x3861_2023_04_01,1,2023-10-01
CUS_0x388a,CUS_0x388a_2023_04_01,1,2023-10-01
CUS_0x3949,CUS_0x3949_2023_04_01,0,2023-10-01
CUS_0x396c,CUS_0x396c_2023_04_01,0,2023-10-01
CUS_0x398d,CUS_0x398d_2023_04_01,0,2023-10-01
CUS_0x39bd,CUS_0x39bd_2023_04_01,0,2023-10-01
CUS_0x39c6,CUS_0x39c6_2023_04_01,0,2023-10-01
CUS_0x3a44,CUS_0x3a44_2023_04_01,1,2023-10-01
CUS_0x3a6c,CUS_0x3a6c_2023_04_01,0,2023-10-01
CUS_0x3b20,CUS_0x3b20_2023_04_01,0,2023-10-01
CUS_0x3b9a,CUS_0x3b9a_2023_04_01,0,2023-10-01
CUS_0x3ba7,CUS_0x3ba7_2023_04_01,1,2023-10-01
CUS_0x3c69,CUS_0x3c69_2023_04_01,0,2023-10-01
CUS_0x3ce1,CUS_0x3ce1_2023_04_01,0,2023-10-01
CUS_0x3d41,CUS_0x3d41_2023_04_01,0,2023-10-01
CUS_0x3ded,CUS_0x3ded_2023_04_01,0,2023-10-01
CUS_0x3e14,CUS_0x3e14_2023_04_01,0,2023-10-01
CUS_0x3e38,CUS_0x3e38_2023_04_01,0,2023-10-01
CUS_0x3e5e,CUS_0x3e5e_2023_04_01,1,2023-10-01
CUS_0x3e62,CUS_0x3e62_2023_04_01,1,2023-10-01
CUS_0x3e7b,CUS_0x3e7b_2023_04_01,1,2023-10-01
CUS_0x3edc,CUS_0x3edc_2023_04_01,0,2023-10-01
CUS_0x3f04,CUS_0x3f04_2023_04_01,0,2023-10-01
CUS_0x3f42,CUS_0x3f42_2023_04_01,0,2023-10-01
CUS_0x3f65,CUS_0x3f65_2023_04_01,0,2023-10-01
CUS_0x3fef,CUS_0x3fef_2023_04_01,0,2023-10-01
CUS_0x3ff7,CUS_0x3ff7_2023_04_01,1,2023-10-01
CUS_0x406e,CUS_0x406e_2023_04_01,0,2023-10-01
CUS_0x40b1,CUS_0x40b1_2023_04_01,0,2023-10-01
CUS_0x40be,CUS_0x40be_2023_04_01,0,2023-10-01
CUS_0x41a0,CUS_0x41a0_2023_04_01,1,2023-10-01
CUS_0x4304,CUS_0x4304_2023_04_01,0,2023-10-01
CUS_0x4312,CUS_0x4312_2023_04_01,0,2023-10-01
CUS_0x4384,CUS_0x4384_2023_04_01,0,2023-10-01
CUS_0x43f1,CUS_0x43f1_2023_04_01,0,2023-10-01
CUS_0x4454,CUS_0x4454_2023_04_01,0,2023-10-01
CUS_0x4462,CUS_0x4462_2023_04_01,1,2023-10-01
CUS_0x4468,CUS_0x4468_2023_04_01,1,2023-10-01
CUS_0x44c8,CUS_0x44c8_2023_04_01,0,2023-10-01
CUS_0x44ff,CUS_0x44ff_2023_04_01,0,2023-10-01
CUS_0x4527,CUS_0x4527_2023_04_01,0,2023-10-01
CUS_0x4569,CUS_0x4569_2023_04_01,0,2023-10-01
CUS_0x45b6,CUS_0x45b6_2023_04_01,0,2023-10-01
CUS_0x4603,CUS_0x4603_2023_04_01,0,2023-10-01
CUS_0x460a,CUS_0x460a_2023_04_01,0,2023-10-01
CUS_0x47a,CUS_0x47a_2023_04_01,0,2023-10-01
CUS_0x47c8,CUS_0x47c8_2023_04_01,1,2023-10-01
CUS_0x481d,CUS_0x481d_2023_04_01,0,2023-10-01
CUS_0x4898,CUS_0x4898_2023_04_01,0,2023-10-01
CUS_0x4abb,CUS_0x4abb_2023_04_01,0,2023-10-01
CUS_0x4ac9,CUS_0x4ac9_2023_04_01,0,2023-10-01
CUS_0x4ace,CUS_0x4ace_2023_04_01,1,2023-10-01
CUS_0x4b93,CUS_0x4b93_2023_04_01,0,2023-10-01
CUS_0x4c1c,CUS_0x4c1c_2023_04_01,0,2023-10-01
CUS_0x4c1e,CUS_0x4c1e_2023_04_01,0,2023-10-01
CUS_0x4c87,CUS_0x4c87_2023_04_01,1,2023-10-01
CUS_0x4c9,CUS_0x4c9_2023_04_01,0,2023-10-01
CUS_0x4d66,CUS_0x4d66_2023_04_01,0,2023-10-01
CUS_0x4dfe,CUS_0x4dfe_2023_04_01,0,2023-10-01
CUS_0x4e30,CUS_0x4e30_2023_04_01,0,2023-10-01
CUS_0x4eb4,CUS_0x4eb4_2023_04_01,0,2023-10-01
CUS_0x4ec5,CUS_0x4ec5_2023_04_01,0,2023-10-01
CUS_0x4f10,CUS_0x4f10_2023_04_01,1,2023-10-01
CUS_0x5002,CUS_0x5002_2023_04_01,1,2023-10-01
CUS_0x5036,CUS_0x5036_2023_04_01,0,2023-10-01
CUS_0x509,CUS_0x509_2023_04_01,0,2023-10-01
CUS_0x50c9,CUS_0x50c9_2023_04_01,0,2023-10-01
CUS_0x5121,CUS_0x5121_2023_04_01,0,2023-10-01
CUS_0x5162,CUS_0x5162_2023_04_01,0,2023-10-01
CUS_0x51c0,CUS_0x51c0_2023_04_01,1,2023-10-01
CUS_0x51e0,CUS_0x51e0_2023_04_01,0,2023-10-01
CUS_0x51e1,CUS_0x51e1_2023_04_01,0,2023-10-01
CUS_0x526d,CUS_0x526d_2023_04_01,0,2023-10-01
CUS_0x52ad,CUS_0x52ad_2023_04_01,1,2023-10-01
CUS_0x52f1,CUS_0x52f1_2023_04_01,0,2023-10-01
CUS_0x530a,CUS_0x530a_2023_04_01,0,2023-10-01
CUS_0x533b,CUS_0x533b_2023_04_01,0,2023-10-01
CUS_0x5386,CUS_0x5386_2023_04_01,0,2023-10-01
CUS_0x5447,CUS_0x5447_2023_04_01,0,2023-10-01
CUS_0x5499,CUS_0x5499_2023_04_01,0,2023-10-01
CUS_0x54b1,CUS_0x54b1_2023_04_01,1,2023-10-01
CUS_0x5507,CUS_0x5507_2023_04_01,1,2023-10-01
CUS_0x5528,CUS_0x5528_2023_04_01,1,2023-10-01
CUS_0x5563,CUS_0x5563_2023_04_01,0,2023-10-01
CUS_0x56c,CUS_0x56c_2023_04_01,0,2023-10-01
CUS_0x57c2,CUS_0x57c2_2023_04_01,0,2023-10-01
CUS_0x57da,CUS_0x57da_2023_04_01,1,2023-10-01
CUS_0x57e7,CUS_0x57e7_2023_04_01,1,2023-10-01
CUS_0x57ea,CUS_0x57ea_2023_04_01,0,2023-10-01
CUS_0x5826,CUS_0x5826_2023_04_01,0,2023-10-01
CUS_0x5856,CUS_0x5856_2023_04_01,1,2023-10-01
CUS_0x58d0,CUS_0x58d0_2023_04_01,0,2023-10-01
CUS_0x59b5,CUS_0x59b5_2023_04_01,1,2023-10-01
CUS_0x59e6,CUS_0x59e6_2023_04_01,0,2023-10-01
CUS_0x59f5,CUS_0x59f5_2023_04_01,0,2023-10-01
CUS_0x5ac7,CUS_0x5ac7_2023_04_01,0,2023-10-01
CUS_0x5b4e,CUS_0x5b4e_2023_04_01,0,2023-10-01
CUS_0x5b6c,CUS_0x5b6c_2023_04_01,1,2023-10-01
CUS_0x5bb8,CUS_0x5bb8_2023_04_01,0,2023-10-01
CUS_0x5bbc,CUS_0x5bbc_2023_04_01,0,2023-10-01
CUS_0x5cc4,CUS_0x5cc4_2023_04_01,0,2023-10-01
CUS_0x5cf1,CUS_0x5cf1_2023_04_01,0,2023-10-01
CUS_0x5d01,CUS_0x5d01_2023_04_01,0,2023-10-01
CUS_0x5d24,CUS_0x5d24_2023_04_01,0,2023-10-01
CUS_0x5d35,CUS_0x5d35_2023_04_01,0,2023-10-01
CUS_0x5e29,CUS_0x5e29_2023_04_01,0,2023-10-01
CUS_0x5e4e,CUS_0x5e4e_2023_04_01,0,2023-10-01
CUS_0x5e52,CUS_0x5e52_2023_04_01,0,2023-10-01
CUS_0x5ebc,CUS_0x5ebc_2023_04_01,0,2023-10-01
CUS_0x5eda,CUS_0x5eda_2023_04_01,0,2023-10-01
CUS_0x5ee8,CUS_0x5ee8_2023_04_01,1,2023-10-01
CUS_0x5ef3,CUS_0x5ef3_2023_04_01,0,2023-10-01
CUS_0x5f1b,CUS_0x5f1b_2023_04_01,0,2023-10-01
CUS_0x5f7b,CUS_0x5f7b_2023_04_01,0,2023-10-01
CUS_0x602d,CUS_0x602d_2023_04_01,0,2023-10-01
CUS_0x609c,CUS_0x609c_2023_04_01,0,2023-10-01
CUS_0x612f,CUS_0x612f_2023_04_01,1,2023-10-01
CUS_0x6159,CUS_0x6159_2023_04_01,0,2023-10-01
CUS_0x6194,CUS_0x6194_2023_04_01,1,2023-10-01
CUS_0x61a3,CUS_0x61a3_2023_04_01,0,2023-10-01
CUS_0x61ba,CUS_0x61ba_2023_04_01,1,2023-10-01
CUS_0x61d1,CUS_0x61d1_2023_04_01,1,2023-10-01
CUS_0x61e3,CUS_0x61e3_2023_04_01,0,2023-10-01
CUS_0x6250,CUS_0x6250_2023_04_01,0,2023-10-01
CUS_0x631f,CUS_0x631f_2023_04_01,1,2023-10-01
CUS_0x6420,CUS_0x6420_2023_04_01,1,2023-10-01
CUS_0x6443,CUS_0x6443_2023_04_01,0,2023-10-01
CUS_0x650,CUS_0x650_2023_04_01,0,2023-10-01
CUS_0x6566,CUS_0x6566_2023_04_01,0,2023-10-01
CUS_0x65df,CUS_0x65df_2023_04_01,0,2023-10-01
CUS_0x667d,CUS_0x667d_2023_04_01,1,2023-10-01
CUS_0x6709,CUS_0x6709_2023_04_01,1,2023-10-01
CUS_0x6779,CUS_0x6779_2023_04_01,0,2023-10-01
CUS_0x6799,CUS_0x6799_2023_04_01,1,2023-10-01
CUS_0x6801,CUS_0x6801_2023_04_01,0,2023-10-01
CUS_0x6846,CUS_0x6846_2023_04_01,1,2023-10-01
CUS_0x6856,CUS_0x6856_2023_04_01,0,2023-10-01
CUS_0x68cd,CUS_0x68cd_2023_04_01,0,2023-10-01
CUS_0x68ce,CUS_0x68ce_2023_04_01,0,2023-10-01
CUS_0x68d8,CUS_0x68d8_2023_04_01,0,2023-10-01
CUS_0x695e,CUS_0x695e_2023_04_01,0,2023-10-01
CUS_0x6974,CUS_0x6974_2023_04_01,0,2023-10-01
CUS_0x697f,CUS_0x697f_2023_04_01,1,2023-10-01
CUS_0x6985,CUS_0x6985_2023_04_01,1,2023-10-01
CUS_0x6998,CUS_0x6998_2023_04_01,0,2023-10-01
CUS_0x699d,CUS_0x699d_2023_04_01,0,2023-10-01
CUS_0x69bb,CUS_0x69bb_2023_04_01,1,2023-10-01
CUS_0x69c8,CUS_0x69c8_2023_04_01,0,2023-10-01
CUS_0x6a17,CUS_0x6a17_2023_04_01,1,2023-10-01
CUS_0x6a1b,CUS_0x6a1b_2023_04_01,0,2023-10-01
CUS_0x6a66,CUS_0x6a66_2023_04_01,0,2023-10-01
CUS_0x6aa1,CUS_0x6aa1_2023_04_01,1,2023-10-01
CUS_0x6afc,CUS_0x6afc_2023_04_01,0,2023-10-01
CUS_0x6b6a,CUS_0x6b6a_2023_04_01,0,2023-10-01
CUS_0x6b79,CUS_0x6b79_2023_04_01,0,2023-10-01
CUS_0x6c2c,CUS_0x6c2c_2023_04_01,1,2023-10-01
CUS_0x6c66,CUS_0x6c66_2023_04_01,1,2023-10-01
CUS_0x6deb,CUS_0x6deb_2023_04_01,0,2023-10-01
CUS_0x6dfc,CUS_0x6dfc_2023_04_01,0,2023-10-01
CUS_0x6e65,CUS_0x6e65_2023_04_01,1,2023-10-01
CUS_0x6ead,CUS_0x6ead_2023_04_01,0,2023-10-01
CUS_0x6f9b,CUS_0x6f9b_2023_04_01,0,2023-10-01
CUS_0x6fd9,CUS_0x6fd9_2023_04_01,0,2023-10-01
CUS_0x701f,CUS_0x701f_2023_04_01,0,2023-10-01
CUS_0x706a,CUS_0x706a_2023_04_01,0,2023-10-01
CUS_0x706d,CUS_0x706d_2023_04_01,1,2023-10-01
CUS_0x7088,CUS_0x7088_2023_04_01,0,2023-10-01
CUS_0x70c5,CUS_0x70c5_2023_04_01,0,2023-10-01
CUS_0x70d4,CUS_0x70d4_2023_04_01,1,2023-10-01
CUS_0x70ee,CUS_0x70ee_2023_04_01,0,2023-10-01
CUS_0x715f,CUS_0x715f_2023_04_01,0,2023-10-01
CUS_0x7350,CUS_0x7350_2023_04_01,0,2023-10-01
CUS_0x73ae,CUS_0x73ae_2023_04_01,1,2023-10-01
CUS_0x73ef,CUS_0x73ef_2023_04_01,0,2023-10-01
CUS_0x7411,CUS_0x7411_2023_04_01,0,2023-10-01
CUS_0x747a,CUS_0x747a_2023_04_01,0,2023-10-01
CUS_0x752e,CUS_0x752e_2023_04_01,0,2023-10-01
CUS_0x75ee,CUS_0x75ee_2023_04_01,0,2023-10-01
CUS_0x76a6,CUS_0x76a6_2023_04_01,0,2023-10-01
CUS_0x77de,CUS_0x77de_2023_04_01,0,2023-10-01
CUS_0x7803,CUS_0x7803_2023_04_01,0,2023-10-01
CUS_0x7830,CUS_0x7830_2023_04_01,0,2023-10-01
CUS_0x78af,CUS_0x78af_2023_04_01,0,2023-10-01
CUS_0x78f0,CUS_0x78f0_2023_04_01,0,2023-10-01
CUS_0x796e,CUS_0x796e_2023_04_01,0,2023-10-01
CUS_0x7992,CUS_0x7992_2023_04_01,0,2023-10-01
CUS_0x7a21,CUS_0x7a21_2023_04_01,1,2023-10-01
CUS_0x7a59,CUS_0x7a59_2023_04_01,0,2023-10-01
CUS_0x7a7d,CUS_0x7a7d_2023_04_01,1,2023-10-01
CUS_0x7a96,CUS_0x7a96_2023_04_01,0,2023-10-01
CUS_0x7ab1,CUS_0x7ab1_2023_04_01,0,2023-10-01
CUS_0x7ad4,CUS_0x7ad4_2023_04_01,0,2023-10-01
CUS_0x7b2d,CUS_0x7b2d_2023_04_01,0,2023-10-01
CUS_0x7b72,CUS_0x7b72_2023_04_01,0,2023-10-01
CUS_0x7b8a,CUS_0x7b8a_2023_04_01,1,2023-10-01
CUS_0x7bec,CUS_0x7bec_2023_04_01,0,2023-10-01
CUS_0x7c55,CUS_0x7c55_2023_04_01,0,2023-10-01
CUS_0x7c59,CUS_0x7c59_2023_04_01,0,2023-10-01
CUS_0x7c84,CUS_0x7c84_2023_04_01,0,2023-10-01
CUS_0x7cc7,CUS_0x7cc7_2023_04_01,0,2023-10-01
CUS_0x7cd8,CUS_0x7cd8_2023_04_01,0,2023-10-01
CUS_0x7cf0,CUS_0x7cf0_2023_04_01,1,2023-10-01
CUS_0x7d25,CUS_0x7d25_2023_04_01,1,2023-10-01
CUS_0x7d27,CUS_0x7d27_2023_04_01,0,2023-10-01
CUS_0x7d70,CUS_0x7d70_2023_04_01,0,2023-10-01
CUS_0x7e84,CUS_0x7e84_2023_04_01,0,2023-10-01
CUS_0x7ec0,CUS_0x7ec0_2023_04_01,1,2023-10-01
CUS_0x7ee3,CUS_0x7ee3_2023_04_01,0,2023-10-01
CUS_0x7fa,CUS_0x7fa_2023_04_01,0,2023-10-01
CUS_0x7fb3,CUS_0x7fb3_2023_04_01,1,2023-10-01
CUS_0x8046,CUS_0x8046_2023_04_01,0,2023-10-01
CUS_0x8067,CUS_0x8067_2023_04_01,1,2023-10-01
CUS_0x80dc,CUS_0x80dc_2023_04_01,0,2023-10-01
CUS_0x80e5,CUS_0x80e5_2023_04_01,1,2023-10-01
CUS_0x8126,CUS_0x8126_2023_04_01,0,2023-10-01
CUS_0x8142,CUS_0x8142_2023_04_01,0,2023-10-01
CUS_0x81c3,CUS_0x81c3_2023_04_01,0,2023-10-01
CUS_0x81f1,CUS_0x81f1_2023_04_01,0,2023-10-01
CUS_0x821,CUS_0x821_2023_04_01,0,2023-10-01
CUS_0x8239,CUS_0x8239_2023_04_01,1,2023-10-01
CUS_0x825d,CUS_0x825d_2023_04_01,0,2023-10-01
CUS_0x826d,CUS_0x826d_2023_04_01,0,2023-10-01
CUS_0x829a,CUS_0x829a_2023_04_01,0,2023-10-01
CUS_0x834f,CUS_0x834f_2023_04_01,1,2023-10-01
CUS_0x83fb,CUS_0x83fb_2023_04_01,0,2023-10-01
CUS_0x8433,CUS_0x8433_2023_04_01,0,2023-10-01
CUS_0x854c,CUS_0x854c_2023_04_01,0,2023-10-01
CUS_0x856b,CUS_0x856b_2023_04_01,0,2023-10-01
CUS_0x85a0,CUS_0x85a0_2023_04_01,0,2023-10-01
CUS_0x8638,CUS_0x8638_2023_04_01,0,2023-10-01
CUS_0x868f,CUS_0x868f_2023_04_01,0,2023-10-01
CUS_0x8731,CUS_0x8731_2023_04_01,0,2023-10-01
CUS_0x8747,CUS_0x8747_2023_04_01,0,2023-10-01
CUS_0x878,CUS_0x878_2023_04_01,0,2023-10-01
CUS_0x87f9,CUS_0x87f9_2023_04_01,1,2023-10-01
CUS_0x8bdf,CUS_0x8bdf_2023_04_01,0,2023-10-01
CUS_0x8cd9,CUS_0x8cd9_2023_04_01,0,2023-10-01
CUS_0x8d3d,CUS_0x8d3d_2023_04_01,0,2023-10-01
CUS_0x8d5d,CUS_0x8d5d_2023_04_01,0,2023-10-01
CUS_0x8db8,CUS_0x8db8_2023_04_01,0,2023-10-01
CUS_0x8e35,CUS_0x8e35_2023_04_01,0,2023-10-01
CUS_0x8e4d,CUS_0x8e4d_2023_04_01,0,2023-10-01
CUS_0x8e5a,CUS_0x8e5a_2023_04_01,1,2023-10-01
CUS_0x8eb8,CUS_0x8eb8_2023_04_01,0,2023-10-01
CUS_0x8f7f,CUS_0x8f7f_2023_04_01,1,2023-10-01
CUS_0x8fd8,CUS_0x8fd8_2023_04_01,1,2023-10-01
CUS_0x902b,CUS_0x902b_2023_04_01,0,2023-10-01
CUS_0x91ca,CUS_0x91ca_2023_04_01,0,2023-10-01
CUS_0x91d4,CUS_0x91d4_2023_04_01,0,2023-10-01
CUS_0x91ed,CUS_0x91ed_2023_04_01,0,2023-10-01
CUS_0x9216,CUS_0x9216_2023_04_01,0,2023-10-01
CUS_0x922f,CUS_0x922f_2023_04_01,1,2023-10-01
CUS_0x9237,CUS_0x9237_2023_04_01,0,2023-10-01
CUS_0x9305,CUS_0x9305_2023_04_01,0,2023-10-01
CUS_0x932c,CUS_0x932c_2023_04_01,1,2023-10-01
CUS_0x944,CUS_0x944_2023_04_01,0,2023-10-01
CUS_0x94cf,CUS_0x94cf_2023_04_01,0,2023-10-01
CUS_0x94dd,CUS_0x94dd_2023_04_01,0,2023-10-01
CUS_0x94de,CUS_0x94de_2023_04_01,0,2023-10-01
CUS_0x94e3,CUS_0x94e3_2023_04_01,0,2023-10-01
CUS_0x9522,CUS_0x9522_2023_04_01,0,2023-10-01
CUS_0x957c,CUS_0x957c_2023_04_01,0,2023-10-01
CUS_0x958a,CUS_0x958a_2023_04_01,0,2023-10-01
CUS_0x963,CUS_0x963_2023_04_01,0,2023-10-01
CUS_0x9648,CUS_0x9648_2023_04_01,0,2023-10-01
CUS_0x96e,CUS_0x96e_2023_04_01,0,2023-10-01
CUS_0x9760,CUS_0x9760_2023_04_01,0,2023-10-01
CUS_0x9784,CUS_0x9784_2023_04_01,0,2023-10-01
CUS_0x97aa,CUS_0x97aa_2023_04_01,0,2023-10-01
CUS_0x97ef,CUS_0x97ef_2023_04_01,0,2023-10-01
CUS_0x987c,CUS_0x987c_2023_04_01,1,2023-10-01
CUS_0x989e,CUS_0x989e_2023_04_01,1,2023-10-01
CUS_0x9997,CUS_0x9997_2023_04_01,1,2023-10-01
CUS_0x9998,CUS_0x9998_2023_04_01,1,2023-10-01
CUS_0x9a1d,CUS_0x9a1d_2023_04_01,0,2023-10-01
CUS_0x9b6b,CUS_0x9b6b_2023_04_01,0,2023-10-01
CUS_0x9bbe,CUS_0x9bbe_2023_04_01,0,2023-10-01
CUS_0x9c2,CUS_0x9c2_2023_04_01,1,2023-10-01
CUS_0x9c2e,CUS_0x9c2e_2023_04_01,0,2023-10-01
CUS_0x9c49,CUS_0x9c49_2023_04_01,0,2023-10-01
CUS_0x9c66,CUS_0x9c66_2023_04_01,0,2023-10-01
CUS_0x9d41,CUS_0x9d41_2023_04_01,0,2023-10-01
CUS_0x9d51,CUS_0x9d51_2023_04_01,0,2023-10-01
CUS_0x9e21,CUS_0x9e21_2023_04_01,0,2023-10-01
CUS_0x9e31,CUS_0x9e31_2023_04_01,0,2023-10-01
CUS_0x9f06,CUS_0x9f06_2023_04_01,0,2023-10-01
CUS_0x9f80,CUS_0x9f80_2023_04_01,1,2023-10-01
CUS_0x9fb1,CUS_0x9fb1_2023_04_01,0,2023-10-01
CUS_0x9fea,CUS_0x9fea_2023_04_01,1,2023-10-01
CUS_0xa066,CUS_0xa066_2023_04_01,1,2023-10-01
CUS_0xa071,CUS_0xa071_2023_04_01,0,2023-10-01
CUS_0xa323,CUS_0xa323_2023_04_01,0,2023-10-01
CUS_0xa3c,CUS_0xa3c_2023_04_01,0,2023-10-01
CUS_0xa3f,CUS_0xa3f_2023_04_01,1,2023-10-01
CUS_0xa437,CUS_0xa437_2023_04_01,0,2023-10-01
CUS_0xa525,CUS_0xa525_2023_04_01,0,2023-10-01
CUS_0xa52e,CUS_0xa52e_2023_04_01,0,2023-10-01
CUS_0xa556,CUS_0xa556_2023_04_01,0,2023-10-01
CUS_0xa5f9,CUS_0xa5f9_2023_04_01,1,2023-10-01
CUS_0xa679,CUS_0xa679_2023_04_01,0,2023-10-01
CUS_0xa682,CUS_0xa682_2023_04_01,0,2023-10-01
CUS_0xa69,CUS_0xa69_2023_04_01,0,2023-10-01
CUS_0xa6a,CUS_0xa6a_2023_04_01,0,2023-10-01
CUS_0xa6b8,CUS_0xa6b8_2023_04_01,0,2023-10-01
CUS_0xa731,CUS_0xa731_2023_04_01,0,2023-10-01
CUS_0xa780,CUS_0xa780_2023_04_01,0,2023-10-01
CUS_0xa7a4,CUS_0xa7a4_2023_04_01,0,2023-10-01
CUS_0xa8c1,CUS_0xa8c1_2023_04_01,1,2023-10-01
CUS_0xa910,CUS_0xa910_2023_04_01,0,2023-10-01
CUS_0xa91e,CUS_0xa91e_2023_04_01,0,2023-10-01
CUS_0xa97a,CUS_0xa97a_2023_04_01,1,2023-10-01
CUS_0xa9f,CUS_0xa9f_2023_04_01,0,2023-10-01
CUS_0xaa4,CUS_0xaa4_2023_04_01,1,2023-10-01
CUS_0xaab3,CUS_0xaab3_2023_04_01,1,2023-10-01
CUS_0xaabb,CUS_0xaabb_2023_04_01,0,2023-10-01
CUS_0xab01,CUS_0xab01_2023_04_01,0,2023-10-01
CUS_0xab32,CUS_0xab32_2023_04_01,0,2023-10-01
CUS_0xab35,CUS_0xab35_2023_04_01,0,2023-10-01
CUS_0xab4a,CUS_0xab4a_2023_04_01,1,2023-10-01
CUS_0xabc0,CUS_0xabc0_2023_04_01,0,2023-10-01
CUS_0xabea,CUS_0xabea_2023_04_01,0,2023-10-01
CUS_0xabed,CUS_0xabed_2023_04_01,0,2023-10-01
CUS_0xac20,CUS_0xac20_2023_04_01,0,2023-10-01
CUS_0xac51,CUS_0xac51_2023_04_01,1,2023-10-01
CUS_0xac58,CUS_0xac58_2023_04_01,0,2023-10-01
CUS_0xad31,CUS_0xad31_2023_04_01,1,2023-10-01
CUS_0xadad,CUS_0xadad_2023_04_01,0,2023-10-01
CUS_0xadb5,CUS_0xadb5_2023_04_01,0,2023-10-01
CUS_0xadd2,CUS_0xadd2_2023_04_01,1,2023-10-01
CUS_0xae03,CUS_0xae03_2023_04_01,0,2023-10-01
CUS_0xae70,CUS_0xae70_2023_04_01,1,2023-10-01
CUS_0xae75,CUS_0xae75_2023_04_01,0,2023-10-01
CUS_0xaf14,CUS_0xaf14_2023_04_01,0,2023-10-01
CUS_0xaf16,CUS_0xaf16_2023_04_01,1,2023-10-01
CUS_0xaf6,CUS_0xaf6_2023_04_01,1,2023-10-01
CUS_0xaf99,CUS_0xaf99_2023_04_01,1,2023-10-01
CUS_0xafcd,CUS_0xafcd_2023_04_01,0,2023-10-01
CUS_0xb001,CUS_0xb001_2023_04_01,0,2023-10-01
CUS_0xb012,CUS_0xb012_2023_04_01,0,2023-10-01
CUS_0xb01a,CUS_0xb01a_2023_04_01,1,2023-10-01
CUS_0xb080,CUS_0xb080_2023_04_01,1,2023-10-01
CUS_0xb121,CUS_0xb121_2023_04_01,0,2023-10-01
CUS_0xb187,CUS_0xb187_2023_04_01,0,2023-10-01
CUS_0xb1d5,CUS_0xb1d5_2023_04_01,1,2023-10-01
CUS_0xb217,CUS_0xb217_2023_04_01,0,2023-10-01
CUS_0xb2fc,CUS_0xb2fc_2023_04_01,0,2023-10-01
CUS_0xb32a,CUS_0xb32a_2023_04_01,1,2023-10-01
CUS_0xb33a,CUS_0xb33a_2023_04_01,0,2023-10-01
CUS_0xb351,CUS_0xb351_2023_04_01,0,2023-10-01
CUS_0xb35f,CUS_0xb35f_2023_04_01,0,2023-10-01
CUS_0xb3a,CUS_0xb3a_2023_04_01,1,2023-10-01
CUS_0xb499,CUS_0xb499_2023_04_01,0,2023-10-01
CUS_0xb4d3,CUS_0xb4d3_2023_04_01,0,2023-10-01
CUS_0xb545,CUS_0xb545_2023_04_01,0,2023-10-01
CUS_0xb63e,CUS_0xb63e_2023_04_01,0,2023-10-01
CUS_0xb644,CUS_0xb644_2023_04_01,0,2023-10-01
CUS_0xb732,CUS_0xb732_2023_04_01,0,2023-10-01
CUS_0xb798,CUS_0xb798_2023_04_01,0,2023-10-01
CUS_0xb7fa,CUS_0xb7fa_2023_04_01,0,2023-10-01
CUS_0xb81c,CUS_0xb81c_2023_04_01,1,2023-10-01
CUS_0xb825,CUS_0xb825_2023_04_01,0,2023-10-01
CUS_0xb8de,CUS_0xb8de_2023_04_01,0,2023-10-01
CUS_0xb91a,CUS_0xb91a_2023_04_01,1,2023-10-01
CUS_0xb98,CUS_0xb98_2023_04_01,0,2023-10-01
CUS_0xba4c,CUS_0xba4c_2023_04_01,0,2023-10-01
CUS_0xbacd,CUS_0xbacd_2023_04_01,0,2023-10-01
CUS_0xbaeb,CUS_0xbaeb_2023_04_01,0,2023-10-01
CUS_0xbafa,CUS_0xbafa_2023_04_01,0,2023-10-01
CUS_0xbafd,CUS_0xbafd_2023_04_01,0,2023-10-01
CUS_0xbb6e,CUS_0xbb6e_2023_04_01,0,2023-10-01
CUS_0xbb73,CUS_0xbb73_2023_04_01,0,2023-10-01
CUS_0xbb85,CUS_0xbb85_2023_04_01,0,2023-10-01
CUS_0xbc29,CUS_0xbc29_2023_04_01,1,2023-10-01
CUS_0xbc33,CUS_0xbc33_2023_04_01,0,2023-10-01
CUS_0xbc9e,CUS_0xbc9e_2023_04_01,1,2023-10-01
CUS_0xbccf,CUS_0xbccf_2023_04_01,0,2023-10-01
CUS_0xbd0f,CUS_0xbd0f_2023_04_01,0,2023-10-01
CUS_0xbd2c,CUS_0xbd2c_2023_04_01,0,2023-10-01
CUS_0xbd33,CUS_0xbd33_2023_04_01,0,2023-10-01
CUS_0xbe5c,CUS_0xbe5c_2023_04_01,1,2023-10-01
CUS_0xbe71,CUS_0xbe71_2023_04_01,0,2023-10-01
CUS_0xbed7,CUS_0xbed7_2023_04_01,0,2023-10-01
CUS_0xbf40,CUS_0xbf40_2023_04_01,0,2023-10-01
CUS_0xbfa6,CUS_0xbfa6_2023_04_01,1,2023-10-01
CUS_0xc066,CUS_0xc066_2023_04_01,0,2023-10-01
CUS_0xc0af,CUS_0xc0af_2023_04_01,1,2023-10-01
CUS_0xc118,CUS_0xc118_2023_04_01,0,2023-10-01
CUS_0xc15d,CUS_0xc15d_2023_04_01,0,2023-10-01
CUS_0xc204,CUS_0xc204_2023_04_01,1,2023-10-01
CUS_0xc3a1,CUS_0xc3a1_2023_04_01,1,2023-10-01
CUS_0xc3ce,CUS_0xc3ce_2023_04_01,0,2023-10-01
CUS_0xc48c,CUS_0xc48c_2023_04_01,1,2023-10-01
CUS_0xc497,CUS_0xc497_2023_04_01,1,2023-10-01
CUS_0xc4ea,CUS_0xc4ea_2023_04_01,0,2023-10-01
CUS_0xc533,CUS_0xc533_2023_04_01,0,2023-10-01
CUS_0xc5e2,CUS_0xc5e2_2023_04_01,0,2023-10-01
CUS_0xc5ea,CUS_0xc5ea_2023_04_01,0,2023-10-01
CUS_0xc5f3,CUS_0xc5f3_2023_04_01,0,2023-10-01
CUS_0xc5fe,CUS_0xc5fe_2023_04_01,0,2023-10-01
CUS_0xc8c,CUS_0xc8c_2023_04_01,0,2023-10-01
CUS_0xd9a,CUS_0xd9a_2023_04_01,0,2023-10-01
CUS_0xdb0,CUS_0xdb0_2023_04_01,0,2023-10-01
CUS_0xf20,CUS_0xf20_2023_04_01,1,2023-10-01
CUS_0xf23,CUS_0xf23_2023_04_01,0,2023-10-01
CUS_0xf58,CUS_0xf58_2023_04_01,0,2023-10-01
CUS_0xf8d,CUS_0xf8d_2023_04_01,0,2023-10-01
CUS_0xfaf,CUS_0xfaf_2023_04_01,0,2023-10-01
CUS_0xfb6,CUS_0xfb6_2023_04_01,0,2023-10-01
CUS_0xfcb,CUS_0xfcb_2023_04_01,0,2023-10-01
CUS_0x8e6e,CUS_0x8e6e_2024_08_01,0,2025-02-01
CUS_0x8fb7,CUS_0x8fb7_2024_08_01,1,2025-02-01
CUS_0x8fbb,CUS_0x8fbb_2024_08_01,0,2025-02-01
CUS_0x900,CUS_0x900_2024_08_01,0,2025-02-01
CUS_0x9017,CUS_0x9017_2024_08_01,0,2025-02-01
CUS_0x90ac,CUS_0x90ac_2024_08_01,0,2025-02-01
CUS_0x90cb,CUS_0x90cb_2024_08_01,0,2025-02-01
CUS_0x90e6,CUS_0x90e6_2024_08_01,0,2025-02-01
CUS_0x919a,CUS_0x919a_2024_08_01,1,2025-02-01
CUS_0x9207,CUS_0x9207_2024_08_01,0,2025-02-01
CUS_0x9209,CUS_0x9209_2024_08_01,1,2025-02-01
CUS_0x922d,CUS_0x922d_2024_08_01,0,2025-02-01
CUS_0x9395,CUS_0x9395_2024_08_01,0,2025-02-01
CUS_0x93bc,CUS_0x93bc_2024_08_01,0,2025-02-01
CUS_0x9442,CUS_0x9442_2024_08_01,0,2025-02-01
CUS_0x94ef,CUS_0x94ef_2024_08_01,1,2025-02-01
CUS_0x950a,CUS_0x950a_2024_08_01,1,2025-02-01
CUS_0x9515,CUS_0x9515_2024_08_01,1,2025-02-01
CUS_0x958f,CUS_0x958f_2024_08_01,1,2025-02-01
CUS_0x95b1,CUS_0x95b1_2024_08_01,0,2025-02-01
CUS_0x960b,CUS_0x960b_2024_08_01,0,2025-02-01
CUS_0x9692,CUS_0x9692_2024_08_01,0,2025-02-01
CUS_0x96ca,CUS_0x96ca_2024_08_01,0,2025-02-01
CUS_0x9729,CUS_0x9729_2024_08_01,1,2025-02-01
CUS_0x9771,CUS_0x9771_2024_08_01,1,2025-02-01
CUS_0x9774,CUS_0x9774_2024_08_01,0,2025-02-01
CUS_0x978b,CUS_0x978b_2024_08_01,0,2025-02-01
CUS_0x9796,CUS_0x9796_2024_08_01,0,2025-02-01
CUS_0x99ab,CUS_0x99ab_2024_08_01,0,2025-02-01
CUS_0x99c,CUS_0x99c_2024_08_01,0,2025-02-01
CUS_0x9a13,CUS_0x9a13_2024_08_01,1,2025-02-01
CUS_0x9a3d,CUS_0x9a3d_2024_08_01,0,2025-02-01
CUS_0x9a9a,CUS_0x9a9a_2024_08_01,0,2025-02-01
CUS_0x9ac5,CUS_0x9ac5_2024_08_01,1,2025-02-01
CUS_0x9ad1,CUS_0x9ad1_2024_08_01,0,2025-02-01
CUS_0x9b27,CUS_0x9b27_2024_08_01,0,2025-02-01
CUS_0x9b30,CUS_0x9b30_2024_08_01,1,2025-02-01
CUS_0x9b3f,CUS_0x9b3f_2024_08_01,0,2025-02-01
CUS_0x9b95,CUS_0x9b95_2024_08_01,0,2025-02-01
CUS_0x9ba4,CUS_0x9ba4_2024_08_01,0,2025-02-01
CUS_0x9bd9,CUS_0x9bd9_2024_08_01,0,2025-02-01
CUS_0x9d9,CUS_0x9d9_2024_08_01,1,2025-02-01
CUS_0x9e5,CUS_0x9e5_2024_08_01,0,2025-02-01
CUS_0x9e9a,CUS_0x9e9a_2024_08_01,1,2025-02-01
CUS_0x9eb6,CUS_0x9eb6_2024_08_01,0,2025-02-01
CUS_0x9eba,CUS_0x9eba_2024_08_01,0,2025-02-01
CUS_0x9f55,CUS_0x9f55_2024_08_01,0,2025-02-01
CUS_0x9f8e,CUS_0x9f8e_2024_08_01,1,2025-02-01
CUS_0xa04b,CUS_0xa04b_2024_08_01,0,2025-02-01
CUS_0xa0be,CUS_0xa0be_2024_08_01,0,2025-02-01
CUS_0xa116,CUS_0xa116_2024_08_01,0,2025-02-01
CUS_0xa1a2,CUS_0xa1a2_2024_08_01,1,2025-02-01
CUS_0xa1de,CUS_0xa1de_2024_08_01,0,2025-02-01
CUS_0xa232,CUS_0xa232_2024_08_01,0,2025-02-01
CUS_0xa261,CUS_0xa261_2024_08_01,0,2025-02-01
CUS_0xa279,CUS_0xa279_2024_08_01,0,2025-02-01
CUS_0xa2fe,CUS_0xa2fe_2024_08_01,1,2025-02-01
CUS_0xa38e,CUS_0xa38e_2024_08_01,1,2025-02-01
CUS_0xa394,CUS_0xa394_2024_08_01,0,2025-02-01
CUS_0xa3ec,CUS_0xa3ec_2024_08_01,0,2025-02-01
CUS_0xa3f5,CUS_0xa3f5_2024_08_01,0,2025-02-01
CUS_0xa401,CUS_0xa401_2024_08_01,0,2025-02-01
CUS_0xa40d,CUS_0xa40d_2024_08_01,0,2025-02-01
CUS_0xa445,CUS_0xa445_2024_08_01,0,2025-02-01
CUS_0xa4b3,CUS_0xa4b3_2024_08_01,1,2025-02-01
CUS_0xa55e,CUS_0xa55e_2024_08_01,0,2025-02-01
CUS_0xa568,CUS_0xa568_2024_08_01,0,2025-02-01
CUS_0xa631,CUS_0xa631_2024_08_01,0,2025-02-01
CUS_0xa650,CUS_0xa650_2024_08_01,0,2025-02-01
CUS_0xa6a3,CUS_0xa6a3_2024_08_01,0,2025-02-01
CUS_0xa72,CUS_0xa72_2024_08_01,1,2025-02-01
CUS_0xa7c5,CUS_0xa7c5_2024_08_01,0,2025-02-01
CUS_0xa7c7,CUS_0xa7c7_2024_08_01,0,2025-02-01
CUS_0xa83e,CUS_0xa83e_2024_08_01,0,2025-02-01
CUS_0xa899,CUS_0xa899_2024_08_01,1,2025-02-01
CUS_0xa90d,CUS_0xa90d_2024_08_01,0,2025-02-01
CUS_0xa9c1,CUS_0xa9c1_2024_08_01,0,2025-02-01
CUS_0xaab7,CUS_0xaab7_2024_08_01,0,2025-02-01
CUS_0xab0f,CUS_0xab0f_2024_08_01,1,2025-02-01
CUS_0xab60,CUS_0xab60_2024_08_01,0,2025-02-01
CUS_0xabb4,CUS_0xabb4_2024_08_01,0,2025-02-01
CUS_0xabd6,CUS_0xabd6_2024_08_01,0,2025-02-01
CUS_0xac3f,CUS_0xac3f_2024_08_01,0,2025-02-01
CUS_0xac6f,CUS_0xac6f_2024_08_01,0,2025-02-01
CUS_0xac85,CUS_0xac85_2024_08_01,1,2025-02-01
CUS_0xadcf,CUS_0xadcf_2024_08_01,1,2025-02-01
CUS_0xae4,CUS_0xae4_2024_08_01,1,2025-02-01
CUS_0xae4b,CUS_0xae4b_2024_08_01,0,2025-02-01
CUS_0xae96,CUS_0xae96_2024_08_01,0,2025-02-01
CUS_0xaef3,CUS_0xaef3_2024_08_01,0,2025-02-01
CUS_0xaf56,CUS_0xaf56_2024_08_01,1,2025-02-01
CUS_0xafbb,CUS_0xafbb_2024_08_01,0,2025-02-01
CUS_0xb006,CUS_0xb006_2024_08_01,0,2025-02-01
CUS_0xb039,CUS_0xb039_2024_08_01,0,2025-02-01
CUS_0xb04e,CUS_0xb04e_2024_08_01,1,2025-02-01
CUS_0xb12,CUS_0xb12_2024_08_01,0,2025-02-01
CUS_0xb125,CUS_0xb125_2024_08_01,0,2025-02-01
CUS_0xb1a3,CUS_0xb1a3_2024_08_01,1,2025-02-01
CUS_0xb271,CUS_0xb271_2024_08_01,0,2025-02-01
CUS_0xb2ba,CUS_0xb2ba_2024_08_01,0,2025-02-01
CUS_0xb2c8,CUS_0xb2c8_2024_08_01,1,2025-02-01
CUS_0xb37c,CUS_0xb37c_2024_08_01,0,2025-02-01
CUS_0xb38a,CUS_0xb38a_2024_08_01,0,2025-02-01
CUS_0xb3e3,CUS_0xb3e3_2024_08_01,0,2025-02-01
CUS_0xb41b,CUS_0xb41b_2024_08_01,0,2025-02-01
CUS_0xb448,CUS_0xb448_2024_08_01,1,2025-02-01
CUS_0xb44c,CUS_0xb44c_2024_08_01,0,2025-02-01
CUS_0xb490,CUS_0xb490_2024_08_01,1,2025-02-01
CUS_0xb52d,CUS_0xb52d_2024_08_01,1,2025-02-01
CUS_0xb59e,CUS_0xb59e_2024_08_01,0,2025-02-01
CUS_0xb5a8,CUS_0xb5a8_2024_08_01,1,2025-02-01
CUS_0xb5aa,CUS_0xb5aa_2024_08_01,0,2025-02-01
CUS_0xb77f,CUS_0xb77f_2024_08_01,1,2025-02-01
CUS_0xb7e,CUS_0xb7e_2024_08_01,0,2025-02-01
CUS_0xb807,CUS_0xb807_2024_08_01,1,2025-02-01
CUS_0xb80a,CUS_0xb80a_2024_08_01,0,2025-02-01
CUS_0xb8b3,CUS_0xb8b3_2024_08_01,0,2025-02-01
CUS_0xb904,CUS_0xb904_2024_08_01,1,2025-02-01
CUS_0xb975,CUS_0xb975_2024_08_01,0,2025-02-01
CUS_0xb97b,CUS_0xb97b_2024_08_01,1,2025-02-01
CUS_0xba90,CUS_0xba90_2024_08_01,0,2025-02-01
CUS_0xbaf2,CUS_0xbaf2_2024_08_01,1,2025-02-01
CUS_0xbb93,CUS_0xbb93_2024_08_01,0,2025-02-01
CUS_0xbbc6,CUS_0xbbc6_2024_08_01,0,2025-02-01
CUS_0xbbda,CUS_0xbbda_2024_08_01,0,2025-02-01
CUS_0xbc04,CUS_0xbc04_2024_08_01,0,2025-02-01
CUS_0xbc5b,CUS_0xbc5b_2024_08_01,0,2025-02-01
CUS_0xbc7d,CUS_0xbc7d_2024_08_01,1,2025-02-01
CUS_0xbccc,CUS_0xbccc_2024_08_01,1,2025-02-01
CUS_0xbd09,CUS_0xbd09_2024_08_01,0,2025-02-01
CUS_0xbd0b,CUS_0xbd0b_2024_08_01,1,2025-02-01
CUS_0xbd9b,CUS_0xbd9b_2024_08_01,1,2025-02-01
CUS_0xbdbf,CUS_0xbdbf_2024_08_01,0,2025-02-01
CUS_0xbdee,CUS_0xbdee_2024_08_01,0,2025-02-01
CUS_0xbe4c,CUS_0xbe4c_2024_08_01,0,2025-02-01
CUS_0xbebc,CUS_0xbebc_2024_08_01,0,2025-02-01
CUS_0xbeca,CUS_0xbeca_2024_08_01,0,2025-02-01
CUS_0xbfa0,CUS_0xbfa0_2024_08_01,0,2025-02-01
CUS_0xbfd2,CUS_0xbfd2_2024_08_01,0,2025-02-01
CUS_0xbfed,CUS_0xbfed_2024_08_01,1,2025-02-01
CUS_0xc015,CUS_0xc015_2024_08_01,0,2025-02-01
CUS_0xc06e,CUS_0xc06e_2024_08_01,0,2025-02-01
CUS_0xc0ab,CUS_0xc0ab_2024_08_01,0,2025-02-01
CUS_0xc0d7,CUS_0xc0d7_2024_08_01,1,2025-02-01
CUS_0xc125,CUS_0xc125_2024_08_01,0,2025-02-01
CUS_0xc29b,CUS_0xc29b_2024_08_01,1,2025-02-01
CUS_0xc2aa,CUS_0xc2aa_2024_08_01,0,2025-02-01
CUS_0xc2ff,CUS_0xc2ff_2024_08_01,0,2025-02-01
CUS_0xc390,CUS_0xc390_2024_08_01,0,2025-02-01
CUS_0xc3a6,CUS_0xc3a6_2024_08_01,0,2025-02-01
CUS_0xc3f2,CUS_0xc3f2_2024_08_01,0,2025-02-01
CUS_0xc41f,CUS_0xc41f_2024_08_01,0,2025-02-01
CUS_0xc429,CUS_0xc429_2024_08_01,0,2025-02-01
CUS_0xc461,CUS_0xc461_2024_08_01,0,2025-02-01
CUS_0xc491,CUS_0xc491_2024_08_01,1,2025-02-01
CUS_0xc4c7,CUS_0xc4c7_2024_08_01,1,2025-02-01
CUS_0xc4f,CUS_0xc4f_2024_08_01,0,2025-02-01
CUS_0xc5aa,CUS_0xc5aa_2024_08_01,0,2025-02-01
CUS_0xc5f6,CUS_0xc5f6_2024_08_01,0,2025-02-01
CUS_0xc675,CUS_0xc675_2024_08_01,1,2025-02-01
CUS_0xc68,CUS_0xc68_2024_08_01,1,2025-02-01
CUS_0xc719,CUS_0xc719_2024_08_01,0,2025-02-01
CUS_0xdfd,CUS_0xdfd_2024_08_01,1,2025-02-01
CUS_0x5073,CUS_0x5073_2024_09_01,0,2025-03-01
CUS_0x50d5,CUS_0x50d5_2024_09_01,0,2025-03-01
CUS_0x5128,CUS_0x5128_2024_09_01,0,2025-03-01
CUS_0x5155,CUS_0x5155_2024_09_01,1,2025-03-01
CUS_0x5184,CUS_0x5184_2024_09_01,0,2025-03-01
CUS_0x51b2,CUS_0x51b2_2024_09_01,1,2025-03-01
CUS_0x5240,CUS_0x5240_2024_09_01,1,2025-03-01
CUS_0x52d5,CUS_0x52d5_2024_09_01,0,2025-03-01
CUS_0x52e5,CUS_0x52e5_2024_09_01,0,2025-03-01
CUS_0x53d1,CUS_0x53d1_2024_09_01,0,2025-03-01
CUS_0x5523,CUS_0x5523_2024_09_01,0,2025-03-01
CUS_0x553d,CUS_0x553d_2024_09_01,0,2025-03-01
CUS_0x5543,CUS_0x5543_2024_09_01,0,2025-03-01
CUS_0x55e4,CUS_0x55e4_2024_09_01,1,2025-03-01
CUS_0x569d,CUS_0x569d_2024_09_01,0,2025-03-01
CUS_0x5721,CUS_0x5721_2024_09_01,0,2025-03-01
CUS_0x575c,CUS_0x575c_2024_09_01,0,2025-03-01
CUS_0x57b1,CUS_0x57b1_2024_09_01,1,2025-03-01
CUS_0x57c5,CUS_0x57c5_2024_09_01,1,2025-03-01
CUS_0x57ca,CUS_0x57ca_2024_09_01,1,2025-03-01
CUS_0x57f7,CUS_0x57f7_2024_09_01,1,2025-03-01
CUS_0x5883,CUS_0x5883_2024_09_01,1,2025-03-01
CUS_0x58c5,CUS_0x58c5_2024_09_01,0,2025-03-01
CUS_0x5911,CUS_0x5911_2024_09_01,1,2025-03-01
CUS_0x59b6,CUS_0x59b6_2024_09_01,0,2025-03-01
CUS_0x5a1a,CUS_0x5a1a_2024_09_01,0,2025-03-01
CUS_0x5b9d,CUS_0x5b9d_2024_09_01,0,2025-03-01
CUS_0x5c09,CUS_0x5c09_2024_09_01,0,2025-03-01
CUS_0x5c72,CUS_0x5c72_2024_09_01,0,2025-03-01
CUS_0x5d44,CUS_0x5d44_2024_09_01,0,2025-03-01
CUS_0x5d91,CUS_0x5d91_2024_09_01,0,2025-03-01
CUS_0x5ea7,CUS_0x5ea7_2024_09_01,1,2025-03-01
CUS_0x5ee,CUS_0x5ee_2024_09_01,1,2025-03-01
CUS_0x5f0e,CUS_0x5f0e_2024_09_01,1,2025-03-01
CUS_0x5f37,CUS_0x5f37_2024_09_01,1,2025-03-01
CUS_0x5fbb,CUS_0x5fbb_2024_09_01,1,2025-03-01
CUS_0x5fe0,CUS_0x5fe0_2024_09_01,0,2025-03-01
CUS_0x6013,CUS_0x6013_2024_09_01,0,2025-03-01
CUS_0x604,CUS_0x604_2024_09_01,1,2025-03-01
CUS_0x609f,CUS_0x609f_2024_09_01,0,2025-03-01
CUS_0x60c5,CUS_0x60c5_2024_09_01,0,2025-03-01
CUS_0x61fd,CUS_0x61fd_2024_09_01,0,2025-03-01
CUS_0x626a,CUS_0x626a_2024_09_01,0,2025-03-01
CUS_0x638d,CUS_0x638d_2024_09_01,0,2025-03-01
CUS_0x63c2,CUS_0x63c2_2024_09_01,0,2025-03-01
CUS_0x63ea,CUS_0x63ea_2024_09_01,1,2025-03-01
CUS_0x6406,CUS_0x6406_2024_09_01,0,2025-03-01
CUS_0x643a,CUS_0x643a_2024_09_01,1,2025-03-01
CUS_0x6479,CUS_0x6479_2024_09_01,0,2025-03-01
CUS_0x6484,CUS_0x6484_2024_09_01,0,2025-03-01
CUS_0x6493,CUS_0x6493_2024_09_01,0,2025-03-01
CUS_0x6496,CUS_0x6496_2024_09_01,0,2025-03-01
CUS_0x650b,CUS_0x650b_2024_09_01,0,2025-03-01
CUS_0x65d6,CUS_0x65d6_2024_09_01,0,2025-03-01
CUS_0x65dc,CUS_0x65dc_2024_09_01,1,2025-03-01
CUS_0x6623,CUS_0x6623_2024_09_01,1,2025-03-01
CUS_0x66bc,CUS_0x66bc_2024_09_01,1,2025-03-01
CUS_0x66f2,CUS_0x66f2_2024_09_01,0,2025-03-01
CUS_0x6719,CUS_0x6719_2024_09_01,0,2025-03-01
CUS_0x675f,CUS_0x675f_2024_09_01,0,2025-03-01
CUS_0x6865,CUS_0x6865_2024_09_01,0,2025-03-01
CUS_0x686c,CUS_0x686c_2024_09_01,0,2025-03-01
CUS_0x68bb,CUS_0x68bb_2024_09_01,0,2025-03-01
CUS_0x698,CUS_0x698_2024_09_01,0,2025-03-01
CUS_0x69f6,CUS_0x69f6_2024_09_01,1,2025-03-01
CUS_0x6aed,CUS_0x6aed_2024_09_01,0,2025-03-01
CUS_0x6b6,CUS_0x6b6_2024_09_01,0,2025-03-01
CUS_0x6c5f,CUS_0x6c5f_2024_09_01,0,2025-03-01
CUS_0x6c92,CUS_0x6c92_2024_09_01,1,2025-03-01
CUS_0x6ca6,CUS_0x6ca6_2024_09_01,0,2025-03-01
CUS_0x6cd9,CUS_0x6cd9_2024_09_01,0,2025-03-01
CUS_0x6cdd,CUS_0x6cdd_2024_09_01,0,2025-03-01
CUS_0x6d37,CUS_0x6d37_2024_09_01,0,2025-03-01
CUS_0x6e0,CUS_0x6e0_2024_09_01,0,2025-03-01
CUS_0x6e26,CUS_0x6e26_2024_09_01,0,2025-03-01
CUS_0x6e3e,CUS_0x6e3e_2024_09_01,1,2025-03-01
CUS_0x6e49,CUS_0x6e49_2024_09_01,1,2025-03-01
CUS_0x6e6b,CUS_0x6e6b_2024_09_01,0,2025-03-01
CUS_0x6fd3,CUS_0x6fd3_2024_09_01,1,2025-03-01
CUS_0x700d,CUS_0x700d_2024_09_01,1,2025-03-01
CUS_0x7023,CUS_0x7023_2024_09_01,0,2025-03-01
CUS_0x706e,CUS_0x706e_2024_09_01,0,2025-03-01
CUS_0x7110,CUS_0x7110_2024_09_01,0,2025-03-01
CUS_0x717d,CUS_0x717d_2024_09_01,0,2025-03-01
CUS_0x7197,CUS_0x7197_2024_09_01,0,2025-03-01
CUS_0x72b0,CUS_0x72b0_2024_09_01,0,2025-03-01
CUS_0x72bc,CUS_0x72bc_2024_09_01,0,2025-03-01
CUS_0x731,CUS_0x731_2024_09_01,0,2025-03-01
CUS_0x735,CUS_0x735_2024_09_01,1,2025-03-01
CUS_0x7392,CUS_0x7392_2024_09_01,1,2025-03-01
CUS_0x741d,CUS_0x741d_2024_09_01,0,2025-03-01
CUS_0x74bd,CUS_0x74bd_2024_09_01,0,2025-03-01
CUS_0x74ef,CUS_0x74ef_2024_09_01,0,2025-03-01
CUS_0x7563,CUS_0x7563_2024_09_01,0,2025-03-01
CUS_0x7597,CUS_0x7597_2024_09_01,1,2025-03-01
CUS_0x75d8,CUS_0x75d8_2024_09_01,0,2025-03-01
CUS_0x760c,CUS_0x760c_2024_09_01,0,2025-03-01
CUS_0x770,CUS_0x770_2024_09_01,1,2025-03-01
CUS_0x7712,CUS_0x7712_2024_09_01,1,2025-03-01
CUS_0x7738,CUS_0x7738_2024_09_01,0,2025-03-01
CUS_0x7753,CUS_0x7753_2024_09_01,0,2025-03-01
CUS_0x78e9,CUS_0x78e9_2024_09_01,1,2025-03-01
CUS_0x7955,CUS_0x7955_2024_09_01,0,2025-03-01
CUS_0x7aa8,CUS_0x7aa8_2024_09_01,1,2025-03-01
CUS_0x7b64,CUS_0x7b64_2024_09_01,1,2025-03-01
CUS_0x7c25,CUS_0x7c25_2024_09_01,1,2025-03-01
CUS_0x7c76,CUS_0x7c76_2024_09_01,1,2025-03-01
CUS_0x7cb5,CUS_0x7cb5_2024_09_01,1,2025-03-01
CUS_0x7d06,CUS_0x7d06_2024_09_01,1,2025-03-01
CUS_0x7d42,CUS_0x7d42_2024_09_01,0,2025-03-01
CUS_0x7d82,CUS_0x7d82_2024_09_01,1,2025-03-01
CUS_0x7db5,CUS_0x7db5_2024_09_01,0,2025-03-01
CUS_0x7dd1,CUS_0x7dd1_2024_09_01,0,2025-03-01
CUS_0x7e5d,CUS_0x7e5d_2024_09_01,1,2025-03-01
CUS_0x7e90,CUS_0x7e90_2024_09_01,1,2025-03-01
CUS_0x7ea1,CUS_0x7ea1_2024_09_01,1,2025-03-01
CUS_0x7ea5,CUS_0x7ea5_2024_09_01,1,2025-03-01
CUS_0x7eb2,CUS_0x7eb2_2024_09_01,1,2025-03-01
CUS_0x7ed8,CUS_0x7ed8_2024_09_01,0,2025-03-01
CUS_0x7ef7,CUS_0x7ef7_2024_09_01,1,2025-03-01
CUS_0x7f6b,CUS_0x7f6b_2024_09_01,0,2025-03-01
CUS_0x801f,CUS_0x801f_2024_09_01,0,2025-03-01
CUS_0x8029,CUS_0x8029_2024_09_01,0,2025-03-01
CUS_0x8100,CUS_0x8100_2024_09_01,1,2025-03-01
CUS_0x8159,CUS_0x8159_2024_09_01,0,2025-03-01
CUS_0x8179,CUS_0x8179_2024_09_01,0,2025-03-01
CUS_0x81cd,CUS_0x81cd_2024_09_01,0,2025-03-01
CUS_0x8202,CUS_0x8202_2024_09_01,0,2025-03-01
CUS_0x821a,CUS_0x821a_2024_09_01,0,2025-03-01
CUS_0x8245,CUS_0x8245_2024_09_01,0,2025-03-01
CUS_0x82bf,CUS_0x82bf_2024_09_01,1,2025-03-01
CUS_0x82f2,CUS_0x82f2_2024_09_01,0,2025-03-01
CUS_0x83eb,CUS_0x83eb_2024_09_01,0,2025-03-01
CUS_0x842e,CUS_0x842e_2024_09_01,1,2025-03-01
CUS_0x848e,CUS_0x848e_2024_09_01,0,2025-03-01
CUS_0x84dd,CUS_0x84dd_2024_09_01,0,2025-03-01
CUS_0x8511,CUS_0x8511_2024_09_01,0,2025-03-01
CUS_0x8525,CUS_0x8525_2024_09_01,1,2025-03-01
CUS_0x85e8,CUS_0x85e8_2024_09_01,0,2025-03-01
CUS_0x8666,CUS_0x8666_2024_09_01,1,2025-03-01
CUS_0x86a,CUS_0x86a_2024_09_01,1,2025-03-01
CUS_0x8757,CUS_0x8757_2024_09_01,1,2025-03-01
CUS_0x8786,CUS_0x8786_2024_09_01,1,2025-03-01
CUS_0x8802,CUS_0x8802_2024_09_01,0,2025-03-01
CUS_0x8807,CUS_0x8807_2024_09_01,1,2025-03-01
CUS_0x8834,CUS_0x8834_2024_09_01,0,2025-03-01
CUS_0x885d,CUS_0x885d_2024_09_01,1,2025-03-01
CUS_0x8870,CUS_0x8870_2024_09_01,0,2025-03-01
CUS_0x899d,CUS_0x899d_2024_09_01,0,2025-03-01
CUS_0x8a30,CUS_0x8a30_2024_09_01,0,2025-03-01
CUS_0x8a3f,CUS_0x8a3f_2024_09_01,0,2025-03-01
CUS_0x8a5f,CUS_0x8a5f_2024_09_01,0,2025-03-01
CUS_0x8ab5,CUS_0x8ab5_2024_09_01,1,2025-03-01
CUS_0x8ac6,CUS_0x8ac6_2024_09_01,0,2025-03-01
CUS_0x8aea,CUS_0x8aea_2024_09_01,0,2025-03-01
CUS_0x8b62,CUS_0x8b62_2024_09_01,1,2025-03-01
CUS_0x8bae,CUS_0x8bae_2024_09_01,0,2025-03-01
CUS_0x8be2,CUS_0x8be2_2024_09_01,0,2025-03-01
CUS_0x8cb5,CUS_0x8cb5_2024_09_01,1,2025-03-01
CUS_0x8cf3,CUS_0x8cf3_2024_09_01,1,2025-03-01
CUS_0x8d0,CUS_0x8d0_2024_09_01,1,2025-03-01
CUS_0x8d2e,CUS_0x8d2e_2024_09_01,0,2025-03-01
CUS_0x8d32,CUS_0x8d32_2024_09_01,0,2025-03-01
CUS_0x8d33,CUS_0x8d33_2024_09_01,0,2025-03-01
CUS_0x8d42,CUS_0x8d42_2024_09_01,1,2025-03-01
CUS_0x8d5e,CUS_0x8d5e_2024_09_01,1,2025-03-01
CUS_0x8ddd,CUS_0x8ddd_2024_09_01,0,2025-03-01
CUS_0x8e29,CUS_0x8e29_2024_09_01,0,2025-03-01
CUS_0x8e40,CUS_0x8e40_2024_09_01,0,2025-03-01
CUS_0x8e45,CUS_0x8e45_2024_09_01,0,2025-03-01
CUS_0x1087,CUS_0x1087_2024_09_01,0,2025-03-01
CUS_0x1138,CUS_0x1138_2024_09_01,1,2025-03-01
CUS_0x121b,CUS_0x121b_2024_09_01,1,2025-03-01
CUS_0x1232,CUS_0x1232_2024_09_01,0,2025-03-01
CUS_0x140e,CUS_0x140e_2024_09_01,1,2025-03-01
CUS_0x1425,CUS_0x1425_2024_09_01,0,2025-03-01
CUS_0x146a,CUS_0x146a_2024_09_01,0,2025-03-01
CUS_0x14c2,CUS_0x14c2_2024_09_01,0,2025-03-01
CUS_0x14f1,CUS_0x14f1_2024_09_01,1,2025-03-01
CUS_0x14f6,CUS_0x14f6_2024_09_01,0,2025-03-01
CUS_0x161b,CUS_0x161b_2024_09_01,0,2025-03-01
CUS_0x165a,CUS_0x165a_2024_09_01,0,2025-03-01
CUS_0x1691,CUS_0x1691_2024_09_01,0,2025-03-01
CUS_0x16b6,CUS_0x16b6_2024_09_01,0,2025-03-01
CUS_0x16ee,CUS_0x16ee_2024_09_01,1,2025-03-01
CUS_0x1750,CUS_0x1750_2024_09_01,1,2025-03-01
CUS_0x1768,CUS_0x1768_2024_09_01,0,2025-03-01
CUS_0x17fc,CUS_0x17fc_2024_09_01,0,2025-03-01
CUS_0x1821,CUS_0x1821_2024_09_01,1,2025-03-01
CUS_0x1883,CUS_0x1883_2024_09_01,1,2025-03-01
CUS_0x1884,CUS_0x1884_2024_09_01,0,2025-03-01
CUS_0x18a2,CUS_0x18a2_2024_09_01,1,2025-03-01
CUS_0x19a9,CUS_0x19a9_2024_09_01,0,2025-03-01
CUS_0x1a71,CUS_0x1a71_2024_09_01,0,2025-03-01
CUS_0x1ad9,CUS_0x1ad9_2024_09_01,0,2025-03-01
CUS_0x1b2a,CUS_0x1b2a_2024_09_01,1,2025-03-01
CUS_0x1b3b,CUS_0x1b3b_2024_09_01,0,2025-03-01
CUS_0x1bb6,CUS_0x1bb6_2024_09_01,0,2025-03-01
CUS_0x1c7a,CUS_0x1c7a_2024_09_01,1,2025-03-01
CUS_0x1cd7,CUS_0x1cd7_2024_09_01,0,2025-03-01
CUS_0x1d13,CUS_0x1d13_2024_09_01,0,2025-03-01
CUS_0x1d2b,CUS_0x1d2b_2024_09_01,0,2025-03-01
CUS_0x1d70,CUS_0x1d70_2024_09_01,1,2025-03-01
CUS_0x1d8d,CUS_0x1d8d_2024_09_01,1,2025-03-01
CUS_0x1e98,CUS_0x1e98_2024_09_01,0,2025-03-01
CUS_0x1ebf,CUS_0x1ebf_2024_09_01,0,2025-03-01
CUS_0x1eea,CUS_0x1eea_2024_09_01,1,2025-03-01
CUS_0x1f4a,CUS_0x1f4a_2024_09_01,0,2025-03-01
CUS_0x211c,CUS_0x211c_2024_09_01,0,2025-03-01
CUS_0x21b1,CUS_0x21b1_2024_09_01,0,2025-03-01
CUS_0x21c0,CUS_0x21c0_2024_09_01,1,2025-03-01
CUS_0x21df,CUS_0x21df_2024_09_01,0,2025-03-01
CUS_0x2219,CUS_0x2219_2024_09_01,0,2025-03-01
CUS_0x22cf,CUS_0x22cf_2024_09_01,1,2025-03-01
CUS_0x23b4,CUS_0x23b4_2024_09_01,1,2025-03-01
CUS_0x2418,CUS_0x2418_2024_09_01,0,2025-03-01
CUS_0x243e,CUS_0x243e_2024_09_01,0,2025-03-01
CUS_0x2467,CUS_0x2467_2024_09_01,0,2025-03-01
CUS_0x246d,CUS_0x246d_2024_09_01,0,2025-03-01
CUS_0x253a,CUS_0x253a_2024_09_01,1,2025-03-01
CUS_0x2561,CUS_0x2561_2024_09_01,0,2025-03-01
CUS_0x2568,CUS_0x2568_2024_09_01,1,2025-03-01
CUS_0x25aa,CUS_0x25aa_2024_09_01,0,2025-03-01
CUS_0x25e3,CUS_0x25e3_2024_09_01,1,2025-03-01
CUS_0x25f7,CUS_0x25f7_2024_09_01,1,2025-03-01
CUS_0x2625,CUS_0x2625_2024_09_01,1,2025-03-01
CUS_0x268b,CUS_0x268b_2024_09_01,0,2025-03-01
CUS_0x26d2,CUS_0x26d2_2024_09_01,0,2025-03-01
CUS_0x270c,CUS_0x270c_2024_09_01,1,2025-03-01
CUS_0x278b,CUS_0x278b_2024_09_01,0,2025-03-01
CUS_0x27fa,CUS_0x27fa_2024_09_01,0,2025-03-01
CUS_0x2829,CUS_0x2829_2024_09_01,0,2025-03-01
CUS_0x28ef,CUS_0x28ef_2024_09_01,0,2025-03-01
CUS_0x298f,CUS_0x298f_2024_09_01,0,2025-03-01
CUS_0x2996,CUS_0x2996_2024_09_01,0,2025-03-01
CUS_0x29ac,CUS_0x29ac_2024_09_01,0,2025-03-01
CUS_0x29b5,CUS_0x29b5_2024_09_01,0,2025-03-01
CUS_0x2a8e,CUS_0x2a8e_2024_09_01,0,2025-03-01
CUS_0x2b00,CUS_0x2b00_2024_09_01,0,2025-03-01
CUS_0x2b1c,CUS_0x2b1c_2024_09_01,0,2025-03-01
CUS_0x2b57,CUS_0x2b57_2024_09_01,0,2025-03-01
CUS_0x2b62,CUS_0x2b62_2024_09_01,1,2025-03-01
CUS_0x2c8d,CUS_0x2c8d_2024_09_01,1,2025-03-01
CUS_0x2ded,CUS_0x2ded_2024_09_01,0,2025-03-01
CUS_0x2ee0,CUS_0x2ee0_2024_09_01,0,2025-03-01
CUS_0x2eed,CUS_0x2eed_2024_09_01,1,2025-03-01
CUS_0x2efd,CUS_0x2efd_2024_09_01,0,2025-03-01
CUS_0x2f21,CUS_0x2f21_2024_09_01,0,2025-03-01
CUS_0x2f3d,CUS_0x2f3d_2024_09_01,0,2025-03-01
CUS_0x2f7d,CUS_0x2f7d_2024_09_01,0,2025-03-01
CUS_0x2fb1,CUS_0x2fb1_2024_09_01,0,2025-03-01
CUS_0x30fd,CUS_0x30fd_2024_09_01,1,2025-03-01
CUS_0x316a,CUS_0x316a_2024_09_01,0,2025-03-01
CUS_0x32d1,CUS_0x32d1_2024_09_01,1,2025-03-01
CUS_0x330a,CUS_0x330a_2024_09_01,1,2025-03-01
CUS_0x339e,CUS_0x339e_2024_09_01,1,2025-03-01
CUS_0x33b0,CUS_0x33b0_2024_09_01,0,2025-03-01
CUS_0x3518,CUS_0x3518_2024_09_01,0,2025-03-01
CUS_0x3553,CUS_0x3553_2024_09_01,0,2025-03-01
CUS_0x3562,CUS_0x3562_2024_09_01,0,2025-03-01
CUS_0x3586,CUS_0x3586_2024_09_01,0,2025-03-01
CUS_0x35b4,CUS_0x35b4_2024_09_01,0,2025-03-01
CUS_0x35dd,CUS_0x35dd_2024_09_01,1,2025-03-01
CUS_0x3610,CUS_0x3610_2024_09_01,0,2025-03-01
CUS_0x3660,CUS_0x3660_2024_09_01,0,2025-03-01
CUS_0x3798,CUS_0x3798_2024_09_01,0,2025-03-01
CUS_0x37af,CUS_0x37af_2024_09_01,0,2025-03-01
CUS_0x37f8,CUS_0x37f8_2024_09_01,1,2025-03-01
CUS_0x3854,CUS_0x3854_2024_09_01,0,2025-03-01
CUS_0x387e,CUS_0x387e_2024_09_01,0,2025-03-01
CUS_0x38b2,CUS_0x38b2_2024_09_01,1,2025-03-01
CUS_0x3a26,CUS_0x3a26_2024_09_01,0,2025-03-01
CUS_0x3a43,CUS_0x3a43_2024_09_01,0,2025-03-01
CUS_0x3b52,CUS_0x3b52_2024_09_01,0,2025-03-01
CUS_0x3c3a,CUS_0x3c3a_2024_09_01,0,2025-03-01
CUS_0x3cc8,CUS_0x3cc8_2024_09_01,1,2025-03-01
CUS_0x3e0b,CUS_0x3e0b_2024_09_01,1,2025-03-01
CUS_0x3e81,CUS_0x3e81_2024_09_01,0,2025-03-01
CUS_0x3efb,CUS_0x3efb_2024_09_01,0,2025-03-01
CUS_0x3fbc,CUS_0x3fbc_2024_09_01,1,2025-03-01
CUS_0x3fe1,CUS_0x3fe1_2024_09_01,1,2025-03-01
CUS_0x40e5,CUS_0x40e5_2024_09_01,0,2025-03-01
CUS_0x40f8,CUS_0x40f8_2024_09_01,1,2025-03-01
CUS_0x41bf,CUS_0x41bf_2024_09_01,1,2025-03-01
CUS_0x41cc,CUS_0x41cc_2024_09_01,0,2025-03-01
CUS_0x41cd,CUS_0x41cd_2024_09_01,0,2025-03-01
CUS_0x42ef,CUS_0x42ef_2024_09_01,0,2025-03-01
CUS_0x435f,CUS_0x435f_2024_09_01,0,2025-03-01
CUS_0x43d,CUS_0x43d_2024_09_01,0,2025-03-01
CUS_0x43ee,CUS_0x43ee_2024_09_01,0,2025-03-01
CUS_0x440e,CUS_0x440e_2024_09_01,0,2025-03-01
CUS_0x44e,CUS_0x44e_2024_09_01,0,2025-03-01
CUS_0x4503,CUS_0x4503_2024_09_01,0,2025-03-01
CUS_0x4657,CUS_0x4657_2024_09_01,0,2025-03-01
CUS_0x46c4,CUS_0x46c4_2024_09_01,0,2025-03-01
CUS_0x46de,CUS_0x46de_2024_09_01,1,2025-03-01
CUS_0x4734,CUS_0x4734_2024_09_01,0,2025-03-01
CUS_0x476c,CUS_0x476c_2024_09_01,0,2025-03-01
CUS_0x4775,CUS_0x4775_2024_09_01,0,2025-03-01
CUS_0x47bb,CUS_0x47bb_2024_09_01,0,2025-03-01
CUS_0x47c3,CUS_0x47c3_2024_09_01,0,2025-03-01
CUS_0x47f1,CUS_0x47f1_2024_09_01,0,2025-03-01
CUS_0x4849,CUS_0x4849_2024_09_01,0,2025-03-01
CUS_0x48a0,CUS_0x48a0_2024_09_01,1,2025-03-01
CUS_0x48aa,CUS_0x48aa_2024_09_01,1,2025-03-01
CUS_0x48be,CUS_0x48be_2024_09_01,1,2025-03-01
CUS_0x494c,CUS_0x494c_2024_09_01,1,2025-03-01
CUS_0x4a78,CUS_0x4a78_2024_09_01,1,2025-03-01
CUS_0x4aa5,CUS_0x4aa5_2024_09_01,1,2025-03-01
CUS_0x4ab7,CUS_0x4ab7_2024_09_01,0,2025-03-01
CUS_0x4b6a,CUS_0x4b6a_2024_09_01,0,2025-03-01
CUS_0x4b9,CUS_0x4b9_2024_09_01,1,2025-03-01
CUS_0x4c43,CUS_0x4c43_2024_09_01,0,2025-03-01
CUS_0x4c4b,CUS_0x4c4b_2024_09_01,0,2025-03-01
CUS_0x4c83,CUS_0x4c83_2024_09_01,0,2025-03-01
CUS_0x4d2a,CUS_0x4d2a_2024_09_01,0,2025-03-01
CUS_0x4d48,CUS_0x4d48_2024_09_01,1,2025-03-01
CUS_0x4d94,CUS_0x4d94_2024_09_01,1,2025-03-01
CUS_0x4e6e,CUS_0x4e6e_2024_09_01,0,2025-03-01
CUS_0x4ea5,CUS_0x4ea5_2024_09_01,0,2025-03-01
CUS_0x4eb3,CUS_0x4eb3_2024_09_01,0,2025-03-01
CUS_0x4eca,CUS_0x4eca_2024_09_01,0,2025-03-01
CUS_0x4f3b,CUS_0x4f3b_2024_09_01,1,2025-03-01
CUS_0x5000,CUS_0x5000_2024_09_01,1,2025-03-01
CUS_0x10bb,CUS_0x10bb_2023_03_01,0,2023-09-01
CUS_0x10eb,CUS_0x10eb_2023_03_01,0,2023-09-01
CUS_0x1132,CUS_0x1132_2023_03_01,1,2023-09-01
CUS_0x1135,CUS_0x1135_2023_03_01,0,2023-09-01
CUS_0x11c7,CUS_0x11c7_2023_03_01,0,2023-09-01
CUS_0x123a,CUS_0x123a_2023_03_01,1,2023-09-01
CUS_0x1271,CUS_0x1271_2023_03_01,0,2023-09-01
CUS_0x12dd,CUS_0x12dd_2023_03_01,0,2023-09-01
CUS_0x1324,CUS_0x1324_2023_03_01,1,2023-09-01
CUS_0x136b,CUS_0x136b_2023_03_01,1,2023-09-01
CUS_0x13df,CUS_0x13df_2023_03_01,1,2023-09-01
CUS_0x13ee,CUS_0x13ee_2023_03_01,0,2023-09-01
CUS_0x14d8,CUS_0x14d8_2023_03_01,1,2023-09-01
CUS_0x1521,CUS_0x1521_2023_03_01,0,2023-09-01
CUS_0x15a4,CUS_0x15a4_2023_03_01,0,2023-09-01
CUS_0x15b9,CUS_0x15b9_2023_03_01,0,2023-09-01
CUS_0x1690,CUS_0x1690_2023_03_01,1,2023-09-01
CUS_0x16d0,CUS_0x16d0_2023_03_01,0,2023-09-01
CUS_0x1769,CUS_0x1769_2023_03_01,0,2023-09-01
CUS_0x17c3,CUS_0x17c3_2023_03_01,1,2023-09-01
CUS_0x1844,CUS_0x1844_2023_03_01,0,2023-09-01
CUS_0x18a6,CUS_0x18a6_2023_03_01,0,2023-09-01
CUS_0x1a33,CUS_0x1a33_2023_03_01,1,2023-09-01
CUS_0x1a3a,CUS_0x1a3a_2023_03_01,0,2023-09-01
CUS_0x1a77,CUS_0x1a77_2023_03_01,0,2023-09-01
CUS_0x1aa0,CUS_0x1aa0_2023_03_01,0,2023-09-01
CUS_0x1add,CUS_0x1add_2023_03_01,0,2023-09-01
CUS_0x1ba9,CUS_0x1ba9_2023_03_01,1,2023-09-01
CUS_0x1c2f,CUS_0x1c2f_2023_03_01,0,2023-09-01
CUS_0x1c76,CUS_0x1c76_2023_03_01,0,2023-09-01
CUS_0x1c78,CUS_0x1c78_2023_03_01,1,2023-09-01
CUS_0x1cb0,CUS_0x1cb0_2023_03_01,0,2023-09-01
CUS_0x1d08,CUS_0x1d08_2023_03_01,0,2023-09-01
CUS_0x1d18,CUS_0x1d18_2023_03_01,0,2023-09-01
CUS_0x1d3e,CUS_0x1d3e_2023_03_01,0,2023-09-01
CUS_0x1d79,CUS_0x1d79_2023_03_01,0,2023-09-01
CUS_0x1db5,CUS_0x1db5_2023_03_01,0,2023-09-01
CUS_0x1e8e,CUS_0x1e8e_2023_03_01,0,2023-09-01
CUS_0x1f39,CUS_0x1f39_2023_03_01,1,2023-09-01
CUS_0x1f4b,CUS_0x1f4b_2023_03_01,0,2023-09-01
CUS_0x1f8c,CUS_0x1f8c_2023_03_01,1,2023-09-01
CUS_0x1f8d,CUS_0x1f8d_2023_03_01,0,2023-09-01
CUS_0x2041,CUS_0x2041_2023_03_01,0,2023-09-01
CUS_0x2087,CUS_0x2087_2023_03_01,0,2023-09-01
CUS_0x2159,CUS_0x2159_2023_03_01,0,2023-09-01
CUS_0x21d8,CUS_0x21d8_2023_03_01,0,2023-09-01
CUS_0x21e6,CUS_0x21e6_2023_03_01,0,2023-09-01
CUS_0x2293,CUS_0x2293_2023_03_01,0,2023-09-01
CUS_0x231b,CUS_0x231b_2023_03_01,1,2023-09-01
CUS_0x233e,CUS_0x233e_2023_03_01,0,2023-09-01
CUS_0x23b2,CUS_0x23b2_2023_03_01,0,2023-09-01
CUS_0x23b9,CUS_0x23b9_2023_03_01,0,2023-09-01
CUS_0x23e2,CUS_0x23e2_2023_03_01,0,2023-09-01
CUS_0x25ea,CUS_0x25ea_2023_03_01,1,2023-09-01
CUS_0x25ed,CUS_0x25ed_2023_03_01,0,2023-09-01
CUS_0x262e,CUS_0x262e_2023_03_01,1,2023-09-01
CUS_0x2652,CUS_0x2652_2023_03_01,0,2023-09-01
CUS_0x26aa,CUS_0x26aa_2023_03_01,0,2023-09-01
CUS_0x26fd,CUS_0x26fd_2023_03_01,0,2023-09-01
CUS_0x2747,CUS_0x2747_2023_03_01,0,2023-09-01
CUS_0x275d,CUS_0x275d_2023_03_01,1,2023-09-01
CUS_0x276a,CUS_0x276a_2023_03_01,1,2023-09-01
CUS_0x2778,CUS_0x2778_2023_03_01,0,2023-09-01
CUS_0x2796,CUS_0x2796_2023_03_01,0,2023-09-01
CUS_0x27df,CUS_0x27df_2023_03_01,0,2023-09-01
CUS_0x2847,CUS_0x2847_2023_03_01,1,2023-09-01
CUS_0x290c,CUS_0x290c_2023_03_01,1,2023-09-01
CUS_0x296f,CUS_0x296f_2023_03_01,1,2023-09-01
CUS_0x29f5,CUS_0x29f5_2023_03_01,0,2023-09-01
CUS_0x2adf,CUS_0x2adf_2023_03_01,0,2023-09-01
CUS_0x2b9e,CUS_0x2b9e_2023_03_01,1,2023-09-01
CUS_0x2c0d,CUS_0x2c0d_2023_03_01,1,2023-09-01
CUS_0x2c21,CUS_0x2c21_2023_03_01,1,2023-09-01
CUS_0x2c48,CUS_0x2c48_2023_03_01,0,2023-09-01
CUS_0x2c5e,CUS_0x2c5e_2023_03_01,1,2023-09-01
CUS_0x2c60,CUS_0x2c60_2023_03_01,0,2023-09-01
CUS_0x2ca2,CUS_0x2ca2_2023_03_01,0,2023-09-01
CUS_0x2d1c,CUS_0x2d1c_2023_03_01,0,2023-09-01
CUS_0x2da6,CUS_0x2da6_2023_03_01,0,2023-09-01
CUS_0x2dd8,CUS_0x2dd8_2023_03_01,1,2023-09-01
CUS_0x2e82,CUS_0x2e82_2023_03_01,0,2023-09-01
CUS_0x2e97,CUS_0x2e97_2023_03_01,0,2023-09-01
CUS_0x2f03,CUS_0x2f03_2023_03_01,0,2023-09-01
CUS_0x2f11,CUS_0x2f11_2023_03_01,1,2023-09-01
CUS_0x2f97,CUS_0x2f97_2023_03_01,0,2023-09-01
CUS_0x307e,CUS_0x307e_2023_03_01,1,2023-09-01
CUS_0x30e0,CUS_0x30e0_2023_03_01,0,2023-09-01
CUS_0x3155,CUS_0x3155_2023_03_01,1,2023-09-01
CUS_0x318c,CUS_0x318c_2023_03_01,0,2023-09-01
CUS_0x31ac,CUS_0x31ac_2023_03_01,0,2023-09-01
CUS_0x3213,CUS_0x3213_2023_03_01,0,2023-09-01
CUS_0x32b7,CUS_0x32b7_2023_03_01,0,2023-09-01
CUS_0x32cc,CUS_0x32cc_2023_03_01,0,2023-09-01
CUS_0x32d2,CUS_0x32d2_2023_03_01,0,2023-09-01
CUS_0x3382,CUS_0x3382_2023_03_01,0,2023-09-01
CUS_0x3435,CUS_0x3435_2023_03_01,1,2023-09-01
CUS_0x34ad,CUS_0x34ad_2023_03_01,0,2023-09-01
CUS_0x35f4,CUS_0x35f4_2023_03_01,0,2023-09-01
CUS_0x360e,CUS_0x360e_2023_03_01,1,2023-09-01
CUS_0x363a,CUS_0x363a_2023_03_01,1,2023-09-01
CUS_0x36ad,CUS_0x36ad_2023_03_01,1,2023-09-01
CUS_0x36b6,CUS_0x36b6_2023_03_01,0,2023-09-01
CUS_0x37cc,CUS_0x37cc_2023_03_01,0,2023-09-01
CUS_0x37de,CUS_0x37de_2023_03_01,1,2023-09-01
CUS_0x3815,CUS_0x3815_2023_03_01,1,2023-09-01
CUS_0x383a,CUS_0x383a_2023_03_01,0,2023-09-01
CUS_0x38f1,CUS_0x38f1_2023_03_01,1,2023-09-01
CUS_0x3903,CUS_0x3903_2023_03_01,0,2023-09-01
CUS_0x3a3b,CUS_0x3a3b_2023_03_01,0,2023-09-01
CUS_0x3a5b,CUS_0x3a5b_2023_03_01,0,2023-09-01
CUS_0x3a86,CUS_0x3a86_2023_03_01,0,2023-09-01
CUS_0x3ae9,CUS_0x3ae9_2023_03_01,0,2023-09-01
CUS_0x3afc,CUS_0x3afc_2023_03_01,0,2023-09-01
CUS_0x3b3f,CUS_0x3b3f_2023_03_01,1,2023-09-01
CUS_0x3b81,CUS_0x3b81_2023_03_01,0,2023-09-01
CUS_0x3c5f,CUS_0x3c5f_2023_03_01,0,2023-09-01
CUS_0x3ca4,CUS_0x3ca4_2023_03_01,0,2023-09-01
CUS_0x3e09,CUS_0x3e09_2023_03_01,1,2023-09-01
CUS_0x3e9a,CUS_0x3e9a_2023_03_01,0,2023-09-01
CUS_0x3f2d,CUS_0x3f2d_2023_03_01,0,2023-09-01
CUS_0x3f7,CUS_0x3f7_2023_03_01,0,2023-09-01
CUS_0x3f82,CUS_0x3f82_2023_03_01,1,2023-09-01
CUS_0x3f87,CUS_0x3f87_2023_03_01,1,2023-09-01
CUS_0x3fc5,CUS_0x3fc5_2023_03_01,1,2023-09-01
CUS_0x4032,CUS_0x4032_2023_03_01,1,2023-09-01
CUS_0x4086,CUS_0x4086_2023_03_01,0,2023-09-01
CUS_0x40de,CUS_0x40de_2023_03_01,0,2023-09-01
CUS_0x416,CUS_0x416_2023_03_01,0,2023-09-01
CUS_0x41b3,CUS_0x41b3_2023_03_01,0,2023-09-01
CUS_0x41f3,CUS_0x41f3_2023_03_01,1,2023-09-01
CUS_0x42a,CUS_0x42a_2023_03_01,0,2023-09-01
CUS_0x42dc,CUS_0x42dc_2023_03_01,0,2023-09-01
CUS_0x430b,CUS_0x430b_2023_03_01,0,2023-09-01
CUS_0x431,CUS_0x431_2023_03_01,0,2023-09-01
CUS_0x43a6,CUS_0x43a6_2023_03_01,0,2023-09-01
CUS_0x43af,CUS_0x43af_2023_03_01,0,2023-09-01
CUS_0x43c6,CUS_0x43c6_2023_03_01,0,2023-09-01
CUS_0x4401,CUS_0x4401_2023_03_01,0,2023-09-01
CUS_0x4459,CUS_0x4459_2023_03_01,0,2023-09-01
CUS_0x4533,CUS_0x4533_2023_03_01,0,2023-09-01
CUS_0x45da,CUS_0x45da_2023_03_01,0,2023-09-01
CUS_0x45f8,CUS_0x45f8_2023_03_01,0,2023-09-01
CUS_0x466a,CUS_0x466a_2023_03_01,0,2023-09-01
CUS_0x46d7,CUS_0x46d7_2023_03_01,0,2023-09-01
CUS_0x46ef,CUS_0x46ef_2023_03_01,0,2023-09-01
CUS_0x476d,CUS_0x476d_2023_03_01,0,2023-09-01
CUS_0x47c1,CUS_0x47c1_2023_03_01,1,2023-09-01
CUS_0x47d0,CUS_0x47d0_2023_03_01,0,2023-09-01
CUS_0x47fa,CUS_0x47fa_2023_03_01,0,2023-09-01
CUS_0x4813,CUS_0x4813_2023_03_01,0,2023-09-01
CUS_0x481c,CUS_0x481c_2023_03_01,0,2023-09-01
CUS_0x4846,CUS_0x4846_2023_03_01,1,2023-09-01
CUS_0x4899,CUS_0x4899_2023_03_01,1,2023-09-01
CUS_0x48b7,CUS_0x48b7_2023_03_01,1,2023-09-01
CUS_0x48d4,CUS_0x48d4_2023_03_01,0,2023-09-01
CUS_0x48f7,CUS_0x48f7_2023_03_01,0,2023-09-01
CUS_0x4a65,CUS_0x4a65_2023_03_01,0,2023-09-01
CUS_0x4ab,CUS_0x4ab_2023_03_01,0,2023-09-01
CUS_0x4b30,CUS_0x4b30_2023_03_01,1,2023-09-01
CUS_0x4b82,CUS_0x4b82_2023_03_01,0,2023-09-01
CUS_0x4b9c,CUS_0x4b9c_2023_03_01,0,2023-09-01
CUS_0x4c45,CUS_0x4c45_2023_03_01,1,2023-09-01
CUS_0x4c90,CUS_0x4c90_2023_03_01,0,2023-09-01
CUS_0x4cb3,CUS_0x4cb3_2023_03_01,0,2023-09-01
CUS_0x4d16,CUS_0x4d16_2023_03_01,1,2023-09-01
CUS_0x4d4d,CUS_0x4d4d_2023_03_01,0,2023-09-01
CUS_0x4de7,CUS_0x4de7_2023_03_01,0,2023-09-01
CUS_0x4e03,CUS_0x4e03_2023_03_01,1,2023-09-01
CUS_0x4e11,CUS_0x4e11_2023_03_01,0,2023-09-01
CUS_0x4e38,CUS_0x4e38_2023_03_01,0,2023-09-01
CUS_0x4e6a,CUS_0x4e6a_2023_03_01,0,2023-09-01
CUS_0x4f34,CUS_0x4f34_2023_03_01,1,2023-09-01
CUS_0x4f72,CUS_0x4f72_2023_03_01,0,2023-09-01
CUS_0x4fd4,CUS_0x4fd4_2023_03_01,1,2023-09-01
CUS_0x5107,CUS_0x5107_2023_03_01,0,2023-09-01
CUS_0x512e,CUS_0x512e_2023_03_01,0,2023-09-01
CUS_0x513,CUS_0x513_2023_03_01,0,2023-09-01
CUS_0x51b9,CUS_0x51b9_2023_03_01,1,2023-09-01
CUS_0x5260,CUS_0x5260_2023_03_01,0,2023-09-01
CUS_0x527c,CUS_0x527c_2023_03_01,0,2023-09-01
CUS_0x52fb,CUS_0x52fb_2023_03_01,1,2023-09-01
CUS_0x531a,CUS_0x531a_2023_03_01,0,2023-09-01
CUS_0x5334,CUS_0x5334_2023_03_01,0,2023-09-01
CUS_0x5342,CUS_0x5342_2023_03_01,1,2023-09-01
CUS_0x536b,CUS_0x536b_2023_03_01,0,2023-09-01
CUS_0x53c,CUS_0x53c_2023_03_01,0,2023-09-01
CUS_0x53d6,CUS_0x53d6_2023_03_01,0,2023-09-01
CUS_0x5471,CUS_0x5471_2023_03_01,0,2023-09-01
CUS_0x5513,CUS_0x5513_2023_03_01,1,2023-09-01
CUS_0x55b,CUS_0x55b_2023_03_01,0,2023-09-01
CUS_0x55ed,CUS_0x55ed_2023_03_01,1,2023-09-01
CUS_0x562a,CUS_0x562a_2023_03_01,1,2023-09-01
CUS_0x563c,CUS_0x563c_2023_03_01,0,2023-09-01
CUS_0x5654,CUS_0x5654_2023_03_01,1,2023-09-01
CUS_0x5698,CUS_0x5698_2023_03_01,1,2023-09-01
CUS_0x56f6,CUS_0x56f6_2023_03_01,0,2023-09-01
CUS_0x57b2,CUS_0x57b2_2023_03_01,0,2023-09-01
CUS_0x5810,CUS_0x5810_2023_03_01,0,2023-09-01
CUS_0x5876,CUS_0x5876_2023_03_01,0,2023-09-01
CUS_0x58e5,CUS_0x58e5_2023_03_01,0,2023-09-01
CUS_0x59f1,CUS_0x59f1_2023_03_01,0,2023-09-01
CUS_0x5b41,CUS_0x5b41_2023_03_01,0,2023-09-01
CUS_0x5bf,CUS_0x5bf_2023_03_01,1,2023-09-01
CUS_0x5c1c,CUS_0x5c1c_2023_03_01,1,2023-09-01
CUS_0x5c60,CUS_0x5c60_2023_03_01,0,2023-09-01
CUS_0x5cb5,CUS_0x5cb5_2023_03_01,0,2023-09-01
CUS_0x5d05,CUS_0x5d05_2023_03_01,0,2023-09-01
CUS_0x5d0f,CUS_0x5d0f_2023_03_01,0,2023-09-01
CUS_0x5d5c,CUS_0x5d5c_2023_03_01,1,2023-09-01
CUS_0x5e1f,CUS_0x5e1f_2023_03_01,0,2023-09-01
CUS_0x5ed7,CUS_0x5ed7_2023_03_01,1,2023-09-01
CUS_0x5ee5,CUS_0x5ee5_2023_03_01,0,2023-09-01
CUS_0x5f21,CUS_0x5f21_2023_03_01,1,2023-09-01
CUS_0x5f36,CUS_0x5f36_2023_03_01,0,2023-09-01
CUS_0x5fd4,CUS_0x5fd4_2023_03_01,0,2023-09-01
CUS_0x5ff4,CUS_0x5ff4_2023_03_01,0,2023-09-01
CUS_0x6044,CUS_0x6044_2023_03_01,0,2023-09-01
CUS_0x6057,CUS_0x6057_2023_03_01,0,2023-09-01
CUS_0x60c2,CUS_0x60c2_2023_03_01,0,2023-09-01
CUS_0x60f,CUS_0x60f_2023_03_01,0,2023-09-01
CUS_0x62c8,CUS_0x62c8_2023_03_01,1,2023-09-01
CUS_0x6318,CUS_0x6318_2023_03_01,1,2023-09-01
CUS_0x6336,CUS_0x6336_2023_03_01,1,2023-09-01
CUS_0x6345,CUS_0x6345_2023_03_01,1,2023-09-01
CUS_0x6371,CUS_0x6371_2023_03_01,0,2023-09-01
CUS_0x637b,CUS_0x637b_2023_03_01,1,2023-09-01
CUS_0x63b4,CUS_0x63b4_2023_03_01,0,2023-09-01
CUS_0x63c0,CUS_0x63c0_2023_03_01,1,2023-09-01
CUS_0x6435,CUS_0x6435_2023_03_01,0,2023-09-01
CUS_0x645e,CUS_0x645e_2023_03_01,1,2023-09-01
CUS_0x64ae,CUS_0x64ae_2023_03_01,0,2023-09-01
CUS_0x6570,CUS_0x6570_2023_03_01,0,2023-09-01
CUS_0x657e,CUS_0x657e_2023_03_01,0,2023-09-01
CUS_0x6582,CUS_0x6582_2023_03_01,1,2023-09-01
CUS_0x65ae,CUS_0x65ae_2023_03_01,1,2023-09-01
CUS_0x6611,CUS_0x6611_2023_03_01,0,2023-09-01
CUS_0x6619,CUS_0x6619_2023_03_01,0,2023-09-01
CUS_0x661f,CUS_0x661f_2023_03_01,0,2023-09-01
CUS_0x6640,CUS_0x6640_2023_03_01,1,2023-09-01
CUS_0x66d7,CUS_0x66d7_2023_03_01,0,2023-09-01
CUS_0x6736,CUS_0x6736_2023_03_01,0,2023-09-01
CUS_0x677f,CUS_0x677f_2023_03_01,1,2023-09-01
CUS_0x67b1,CUS_0x67b1_2023_03_01,0,2023-09-01
CUS_0x67c4,CUS_0x67c4_2023_03_01,0,2023-09-01
CUS_0x67f9,CUS_0x67f9_2023_03_01,1,2023-09-01
CUS_0x6817,CUS_0x6817_2023_03_01,0,2023-09-01
CUS_0x68df,CUS_0x68df_2023_03_01,0,2023-09-01
CUS_0x6926,CUS_0x6926_2023_03_01,0,2023-09-01
CUS_0x6958,CUS_0x6958_2023_03_01,0,2023-09-01
CUS_0x69df,CUS_0x69df_2023_03_01,0,2023-09-01
CUS_0x6a68,CUS_0x6a68_2023_03_01,0,2023-09-01
CUS_0x6ab0,CUS_0x6ab0_2023_03_01,0,2023-09-01
CUS_0x6b0,CUS_0x6b0_2023_03_01,0,2023-09-01
CUS_0x6b35,CUS_0x6b35_2023_03_01,1,2023-09-01
CUS_0x6b45,CUS_0x6b45_2023_03_01,1,2023-09-01
CUS_0x6b82,CUS_0x6b82_2023_03_01,1,2023-09-01
CUS_0x6b8d,CUS_0x6b8d_2023_03_01,0,2023-09-01
CUS_0x6bd8,CUS_0x6bd8_2023_03_01,0,2023-09-01
CUS_0x6cf3,CUS_0x6cf3_2023_03_01,0,2023-09-01
CUS_0x6d02,CUS_0x6d02_2023_03_01,0,2023-09-01
CUS_0x6d55,CUS_0x6d55_2023_03_01,0,2023-09-01
CUS_0x6dbb,CUS_0x6dbb_2023_03_01,0,2023-09-01
CUS_0x6e8,CUS_0x6e8_2023_03_01,0,2023-09-01
CUS_0x6e9,CUS_0x6e9_2023_03_01,0,2023-09-01
CUS_0x6f09,CUS_0x6f09_2023_03_01,1,2023-09-01
CUS_0x6f0c,CUS_0x6f0c_2023_03_01,0,2023-09-01
CUS_0x6f4d,CUS_0x6f4d_2023_03_01,0,2023-09-01
CUS_0x6f5c,CUS_0x6f5c_2023_03_01,0,2023-09-01
CUS_0x6f62,CUS_0x6f62_2023_03_01,1,2023-09-01
CUS_0x6f91,CUS_0x6f91_2023_03_01,1,2023-09-01
CUS_0x6ff5,CUS_0x6ff5_2023_03_01,0,2023-09-01
CUS_0x7033,CUS_0x7033_2023_03_01,0,2023-09-01
CUS_0x70dc,CUS_0x70dc_2023_03_01,1,2023-09-01
CUS_0x70f1,CUS_0x70f1_2023_03_01,0,2023-09-01
CUS_0x7101,CUS_0x7101_2023_03_01,0,2023-09-01
CUS_0x7168,CUS_0x7168_2023_03_01,0,2023-09-01
CUS_0x71da,CUS_0x71da_2023_03_01,0,2023-09-01
CUS_0x721f,CUS_0x721f_2023_03_01,1,2023-09-01
CUS_0x7225,CUS_0x7225_2023_03_01,0,2023-09-01
CUS_0x72b7,CUS_0x72b7_2023_03_01,0,2023-09-01
CUS_0x72f3,CUS_0x72f3_2023_03_01,0,2023-09-01
CUS_0x7348,CUS_0x7348_2023_03_01,0,2023-09-01
CUS_0x7351,CUS_0x7351_2023_03_01,0,2023-09-01
CUS_0x7394,CUS_0x7394_2023_03_01,0,2023-09-01
CUS_0x73e6,CUS_0x73e6_2023_03_01,0,2023-09-01
CUS_0x74f2,CUS_0x74f2_2023_03_01,0,2023-09-01
CUS_0x7517,CUS_0x7517_2023_03_01,1,2023-09-01
CUS_0x75fd,CUS_0x75fd_2023_03_01,0,2023-09-01
CUS_0x763c,CUS_0x763c_2023_03_01,0,2023-09-01
CUS_0x76c1,CUS_0x76c1_2023_03_01,0,2023-09-01
CUS_0x7721,CUS_0x7721_2023_03_01,1,2023-09-01
CUS_0x77d1,CUS_0x77d1_2023_03_01,1,2023-09-01
CUS_0x785f,CUS_0x785f_2023_03_01,0,2023-09-01
CUS_0x7869,CUS_0x7869_2023_03_01,0,2023-09-01
CUS_0x7884,CUS_0x7884_2023_03_01,1,2023-09-01
CUS_0x78ab,CUS_0x78ab_2023_03_01,0,2023-09-01
CUS_0x78f,CUS_0x78f_2023_03_01,0,2023-09-01
CUS_0x78f8,CUS_0x78f8_2023_03_01,0,2023-09-01
CUS_0x7a0a,CUS_0x7a0a_2023_03_01,0,2023-09-01
CUS_0x7bad,CUS_0x7bad_2023_03_01,0,2023-09-01
CUS_0x7c06,CUS_0x7c06_2023_03_01,0,2023-09-01
CUS_0x7c97,CUS_0x7c97_2023_03_01,1,2023-09-01
CUS_0x7d04,CUS_0x7d04_2023_03_01,0,2023-09-01
CUS_0x7d18,CUS_0x7d18_2023_03_01,0,2023-09-01
CUS_0x7d64,CUS_0x7d64_2023_03_01,0,2023-09-01
CUS_0x7d65,CUS_0x7d65_2023_03_01,0,2023-09-01
CUS_0x7dd5,CUS_0x7dd5_2023_03_01,0,2023-09-01
CUS_0x8004,CUS_0x8004_2023_03_01,0,2023-09-01
CUS_0x802,CUS_0x802_2023_03_01,1,2023-09-01
CUS_0x8036,CUS_0x8036_2023_03_01,0,2023-09-01
CUS_0x80e2,CUS_0x80e2_2023_03_01,0,2023-09-01
CUS_0x812d,CUS_0x812d_2023_03_01,1,2023-09-01
CUS_0x81b9,CUS_0x81b9_2023_03_01,1,2023-09-01
CUS_0x8225,CUS_0x8225_2023_03_01,0,2023-09-01
CUS_0x8237,CUS_0x8237_2023_03_01,0,2023-09-01
CUS_0x828f,CUS_0x828f_2023_03_01,1,2023-09-01
CUS_0x82c4,CUS_0x82c4_2023_03_01,1,2023-09-01
CUS_0x82fc,CUS_0x82fc_2023_03_01,0,2023-09-01
CUS_0x8327,CUS_0x8327_2023_03_01,0,2023-09-01
CUS_0x838c,CUS_0x838c_2023_03_01,1,2023-09-01
CUS_0x83f5,CUS_0x83f5_2023_03_01,1,2023-09-01
CUS_0x843d,CUS_0x843d_2023_03_01,0,2023-09-01
CUS_0x850b,CUS_0x850b_2023_03_01,0,2023-09-01
CUS_0x8526,CUS_0x8526_2023_03_01,0,2023-09-01
CUS_0x861a,CUS_0x861a_2023_03_01,0,2023-09-01
CUS_0x8647,CUS_0x8647_2023_03_01,0,2023-09-01
CUS_0x867f,CUS_0x867f_2023_03_01,1,2023-09-01
CUS_0x86a7,CUS_0x86a7_2023_03_01,0,2023-09-01
CUS_0x86ce,CUS_0x86ce_2023_03_01,1,2023-09-01
CUS_0x86dd,CUS_0x86dd_2023_03_01,1,2023-09-01
CUS_0x86e,CUS_0x86e_2023_03_01,1,2023-09-01
CUS_0x86fa,CUS_0x86fa_2023_03_01,0,2023-09-01
CUS_0x8727,CUS_0x8727_2023_03_01,0,2023-09-01
CUS_0x8788,CUS_0x8788_2023_03_01,0,2023-09-01
CUS_0x8798,CUS_0x8798_2023_03_01,0,2023-09-01
CUS_0x87d5,CUS_0x87d5_2023_03_01,0,2023-09-01
CUS_0x87ec,CUS_0x87ec_2023_03_01,0,2023-09-01
CUS_0x8898,CUS_0x8898_2023_03_01,0,2023-09-01
CUS_0x8924,CUS_0x8924_2023_03_01,0,2023-09-01
CUS_0x8a03,CUS_0x8a03_2023_03_01,0,2023-09-01
CUS_0x8b02,CUS_0x8b02_2023_03_01,1,2023-09-01
CUS_0x8bf5,CUS_0x8bf5_2023_03_01,0,2023-09-01
CUS_0x8d2,CUS_0x8d2_2023_03_01,0,2023-09-01
CUS_0x8d56,CUS_0x8d56_2023_03_01,0,2023-09-01
CUS_0x8d6e,CUS_0x8d6e_2023_03_01,0,2023-09-01
CUS_0x8dc6,CUS_0x8dc6_2023_03_01,0,2023-09-01
CUS_0x8df0,CUS_0x8df0_2023_03_01,1,2023-09-01
CUS_0x8e5b,CUS_0x8e5b_2023_03_01,1,2023-09-01
CUS_0x8e93,CUS_0x8e93_2023_03_01,1,2023-09-01
CUS_0x8fa8,CUS_0x8fa8_2023_03_01,0,2023-09-01
CUS_0x9123,CUS_0x9123_2023_03_01,0,2023-09-01
CUS_0x9178,CUS_0x9178_2023_03_01,0,2023-09-01
CUS_0x9215,CUS_0x9215_2023_03_01,0,2023-09-01
CUS_0x925f,CUS_0x925f_2023_03_01,1,2023-09-01
CUS_0x9288,CUS_0x9288_2023_03_01,0,2023-09-01
CUS_0x931c,CUS_0x931c_2023_03_01,0,2023-09-01
CUS_0x9394,CUS_0x9394_2023_03_01,0,2023-09-01
CUS_0x9428,CUS_0x9428_2023_03_01,1,2023-09-01
CUS_0x942c,CUS_0x942c_2023_03_01,1,2023-09-01
CUS_0x9510,CUS_0x9510_2023_03_01,0,2023-09-01
CUS_0x9587,CUS_0x9587_2023_03_01,0,2023-09-01
CUS_0x9614,CUS_0x9614_2023_03_01,1,2023-09-01
CUS_0x9657,CUS_0x9657_2023_03_01,1,2023-09-01
CUS_0x96e7,CUS_0x96e7_2023_03_01,0,2023-09-01
CUS_0x97f8,CUS_0x97f8_2023_03_01,0,2023-09-01
CUS_0x988d,CUS_0x988d_2023_03_01,1,2023-09-01
CUS_0x98ba,CUS_0x98ba_2023_03_01,0,2023-09-01
CUS_0x98d4,CUS_0x98d4_2023_03_01,0,2023-09-01
CUS_0x9944,CUS_0x9944_2023_03_01,1,2023-09-01
CUS_0x9951,CUS_0x9951_2023_03_01,0,2023-09-01
CUS_0x9953,CUS_0x9953_2023_03_01,1,2023-09-01
CUS_0x99b8,CUS_0x99b8_2023_03_01,0,2023-09-01
CUS_0x9a42,CUS_0x9a42_2023_03_01,1,2023-09-01
CUS_0x9a88,CUS_0x9a88_2023_03_01,1,2023-09-01
CUS_0x9ab3,CUS_0x9ab3_2023_03_01,1,2023-09-01
CUS_0x9ae3,CUS_0x9ae3_2023_03_01,0,2023-09-01
CUS_0x9b20,CUS_0x9b20_2023_03_01,1,2023-09-01
CUS_0x9bbc,CUS_0x9bbc_2023_03_01,0,2023-09-01
CUS_0x9bda,CUS_0x9bda_2023_03_01,0,2023-09-01
CUS_0x9c71,CUS_0x9c71_2023_03_01,0,2023-09-01
CUS_0x9c95,CUS_0x9c95_2023_03_01,0,2023-09-01
CUS_0x9ce7,CUS_0x9ce7_2023_03_01,0,2023-09-01
CUS_0x9d83,CUS_0x9d83_2023_03_01,1,2023-09-01
CUS_0x9dee,CUS_0x9dee_2023_03_01,1,2023-09-01
CUS_0x9e18,CUS_0x9e18_2023_03_01,0,2023-09-01
CUS_0x9e3,CUS_0x9e3_2023_03_01,1,2023-09-01
CUS_0x9e5b,CUS_0x9e5b_2023_03_01,0,2023-09-01
CUS_0x9eb9,CUS_0x9eb9_2023_03_01,1,2023-09-01
CUS_0x9ec9,CUS_0x9ec9_2023_03_01,0,2023-09-01
CUS_0x9ed8,CUS_0x9ed8_2023_03_01,0,2023-09-01
CUS_0x9eef,CUS_0x9eef_2023_03_01,0,2023-09-01
CUS_0x9f77,CUS_0x9f77_2023_03_01,0,2023-09-01
CUS_0x9f95,CUS_0x9f95_2023_03_01,0,2023-09-01
CUS_0x9fd7,CUS_0x9fd7_2023_03_01,0,2023-09-01
CUS_0xa001,CUS_0xa001_2023_03_01,1,2023-09-01
CUS_0xa009,CUS_0xa009_2023_03_01,0,2023-09-01
CUS_0xa08e,CUS_0xa08e_2023_03_01,0,2023-09-01
CUS_0xa095,CUS_0xa095_2023_03_01,1,2023-09-01
CUS_0xa0b,CUS_0xa0b_2023_03_01,1,2023-09-01
CUS_0xa0ba,CUS_0xa0ba_2023_03_01,0,2023-09-01
CUS_0xa0dc,CUS_0xa0dc_2023_03_01,0,2023-09-01
CUS_0xa0ea,CUS_0xa0ea_2023_03_01,0,2023-09-01
CUS_0xa0ff,CUS_0xa0ff_2023_03_01,1,2023-09-01
CUS_0xa160,CUS_0xa160_2023_03_01,1,2023-09-01
CUS_0xa212,CUS_0xa212_2023_03_01,0,2023-09-01
CUS_0xa22a,CUS_0xa22a_2023_03_01,0,2023-09-01
CUS_0xa2c5,CUS_0xa2c5_2023_03_01,0,2023-09-01
CUS_0xa2d7,CUS_0xa2d7_2023_03_01,0,2023-09-01
CUS_0xa303,CUS_0xa303_2023_03_01,1,2023-09-01
CUS_0xa3b8,CUS_0xa3b8_2023_03_01,0,2023-09-01
CUS_0xa442,CUS_0xa442_2023_03_01,0,2023-09-01
CUS_0xa479,CUS_0xa479_2023_03_01,0,2023-09-01
CUS_0xa4d0,CUS_0xa4d0_2023_03_01,0,2023-09-01
CUS_0xa4e0,CUS_0xa4e0_2023_03_01,0,2023-09-01
CUS_0xa4e9,CUS_0xa4e9_2023_03_01,0,2023-09-01
CUS_0xa4f6,CUS_0xa4f6_2023_03_01,0,2023-09-01
CUS_0xa59,CUS_0xa59_2023_03_01,1,2023-09-01
CUS_0xa59d,CUS_0xa59d_2023_03_01,1,2023-09-01
CUS_0xa610,CUS_0xa610_2023_03_01,0,2023-09-01
CUS_0xa62f,CUS_0xa62f_2023_03_01,0,2023-09-01
CUS_0xa6dc,CUS_0xa6dc_2023_03_01,1,2023-09-01
CUS_0xa70f,CUS_0xa70f_2023_03_01,1,2023-09-01
CUS_0xa7f3,CUS_0xa7f3_2023_03_01,0,2023-09-01
CUS_0xa86,CUS_0xa86_2023_03_01,0,2023-09-01
CUS_0xa861,CUS_0xa861_2023_03_01,0,2023-09-01
CUS_0xa88c,CUS_0xa88c_2023_03_01,0,2023-09-01
CUS_0xa9a8,CUS_0xa9a8_2023_03_01,1,2023-09-01
CUS_0xa9b4,CUS_0xa9b4_2023_03_01,1,2023-09-01
CUS_0xa9e,CUS_0xa9e_2023_03_01,0,2023-09-01
CUS_0xaa0d,CUS_0xaa0d_2023_03_01,0,2023-09-01
CUS_0xaa62,CUS_0xaa62_2023_03_01,0,2023-09-01
CUS_0xab43,CUS_0xab43_2023_03_01,1,2023-09-01
CUS_0xabbd,CUS_0xabbd_2023_03_01,1,2023-09-01
CUS_0xabf6,CUS_0xabf6_2023_03_01,0,2023-09-01
CUS_0xac5c,CUS_0xac5c_2023_03_01,1,2023-09-01
CUS_0xac95,CUS_0xac95_2023_03_01,0,2023-09-01
CUS_0xacd4,CUS_0xacd4_2023_03_01,1,2023-09-01
CUS_0xad7e,CUS_0xad7e_2023_03_01,0,2023-09-01
CUS_0xad87,CUS_0xad87_2023_03_01,1,2023-09-01
CUS_0xae2e,CUS_0xae2e_2023_03_01,0,2023-09-01
CUS_0xae47,CUS_0xae47_2023_03_01,1,2023-09-01
CUS_0xaed2,CUS_0xaed2_2023_03_01,1,2023-09-01
CUS_0xaef8,CUS_0xaef8_2023_03_01,1,2023-09-01
CUS_0xafda,CUS_0xafda_2023_03_01,0,2023-09-01
CUS_0xb029,CUS_0xb029_2023_03_01,0,2023-09-01
CUS_0xb031,CUS_0xb031_2023_03_01,0,2023-09-01
CUS_0xb07d,CUS_0xb07d_2023_03_01,1,2023-09-01
CUS_0xb130,CUS_0xb130_2023_03_01,0,2023-09-01
CUS_0xb153,CUS_0xb153_2023_03_01,1,2023-09-01
CUS_0xb1a0,CUS_0xb1a0_2023_03_01,0,2023-09-01
CUS_0xb1ca,CUS_0xb1ca_2023_03_01,1,2023-09-01
CUS_0xb1f6,CUS_0xb1f6_2023_03_01,0,2023-09-01
CUS_0xb2a9,CUS_0xb2a9_2023_03_01,1,2023-09-01
CUS_0xb378,CUS_0xb378_2023_03_01,0,2023-09-01
CUS_0xb3aa,CUS_0xb3aa_2023_03_01,0,2023-09-01
CUS_0xb462,CUS_0xb462_2023_03_01,0,2023-09-01
CUS_0xb471,CUS_0xb471_2023_03_01,1,2023-09-01
CUS_0xb508,CUS_0xb508_2023_03_01,1,2023-09-01
CUS_0xb538,CUS_0xb538_2023_03_01,0,2023-09-01
CUS_0xb5d7,CUS_0xb5d7_2023_03_01,0,2023-09-01
CUS_0xb5ff,CUS_0xb5ff_2023_03_01,0,2023-09-01
CUS_0xb634,CUS_0xb634_2023_03_01,1,2023-09-01
CUS_0xb645,CUS_0xb645_2023_03_01,0,2023-09-01
CUS_0xb689,CUS_0xb689_2023_03_01,0,2023-09-01
CUS_0xb6b1,CUS_0xb6b1_2023_03_01,0,2023-09-01
CUS_0xb704,CUS_0xb704_2023_03_01,0,2023-09-01
CUS_0xb74c,CUS_0xb74c_2023_03_01,1,2023-09-01
CUS_0xb793,CUS_0xb793_2023_03_01,1,2023-09-01
CUS_0xb7f1,CUS_0xb7f1_2023_03_01,1,2023-09-01
CUS_0xb804,CUS_0xb804_2023_03_01,0,2023-09-01
CUS_0xb891,CUS_0xb891_2023_03_01,0,2023-09-01
CUS_0xb8d4,CUS_0xb8d4_2023_03_01,0,2023-09-01
CUS_0xb9c9,CUS_0xb9c9_2023_03_01,1,2023-09-01
CUS_0xb9ef,CUS_0xb9ef_2023_03_01,0,2023-09-01
CUS_0xba03,CUS_0xba03_2023_03_01,0,2023-09-01
CUS_0xba92,CUS_0xba92_2023_03_01,0,2023-09-01
CUS_0xbaab,CUS_0xbaab_2023_03_01,0,2023-09-01
CUS_0xbab1,CUS_0xbab1_2023_03_01,0,2023-09-01
CUS_0xbb7,CUS_0xbb7_2023_03_01,0,2023-09-01
CUS_0xbccb,CUS_0xbccb_2023_03_01,1,2023-09-01
CUS_0xbd4b,CUS_0xbd4b_2023_03_01,0,2023-09-01
CUS_0xbeb8,CUS_0xbeb8_2023_03_01,1,2023-09-01
CUS_0xbf82,CUS_0xbf82_2023_03_01,0,2023-09-01
CUS_0xbfd,CUS_0xbfd_2023_03_01,0,2023-09-01
CUS_0xbfe7,CUS_0xbfe7_2023_03_01,0,2023-09-01
CUS_0xc065,CUS_0xc065_2023_03_01,0,2023-09-01
CUS_0xc14e,CUS_0xc14e_2023_03_01,1,2023-09-01
CUS_0xc190,CUS_0xc190_2023_03_01,1,2023-09-01
CUS_0xc492,CUS_0xc492_2023_03_01,0,2023-09-01
CUS_0xc4ee,CUS_0xc4ee_2023_03_01,0,2023-09-01
CUS_0xc570,CUS_0xc570_2023_03_01,0,2023-09-01
CUS_0xc58,CUS_0xc58_2023_03_01,0,2023-09-01
CUS_0xc5a0,CUS_0xc5a0_2023_03_01,0,2023-09-01
CUS_0xc683,CUS_0xc683_2023_03_01,0,2023-09-01
CUS_0xc81,CUS_0xc81_2023_03_01,0,2023-09-01
CUS_0xcf8,CUS_0xcf8_2023_03_01,1,2023-09-01
CUS_0xd66,CUS_0xd66_2023_03_01,0,2023-09-01
CUS_0xdcc,CUS_0xdcc_2023_03_01,1,2023-09-01
CUS_0xe3b,CUS_0xe3b_2023_03_01,1,2023-09-01
CUS_0xebc,CUS_0xebc_2023_03_01,1,2023-09-01
CUS_0xf16,CUS_0xf16_2023_03_01,0,2023-09-01
CUS_0xf21,CUS_0xf21_2023_03_01,0,2023-09-01
CUS_0xf4d,CUS_0xf4d_2023_03_01,0,2023-09-01
CUS_0xfa7,CUS_0xfa7_2023_03_01,0,2023-09-01
CUS_0xfac,CUS_0xfac_2023_03_01,0,2023-09-01
CUS_0xfae,CUS_0xfae_2023_03_01,1,2023-09-01
CUS_0x8ec,CUS_0x8ec_2024_09_01,0,2025-03-01
CUS_0x8f2d,CUS_0x8f2d_2024_09_01,0,2025-03-01
CUS_0x8f6a,CUS_0x8f6a_2024_09_01,0,2025-03-01
CUS_0x8f7b,CUS_0x8f7b_2024_09_01,0,2025-03-01
CUS_0x9011,CUS_0x9011_2024_09_01,0,2025-03-01
CUS_0x9041,CUS_0x9041_2024_09_01,0,2025-03-01
CUS_0x90f0,CUS_0x90f0_2024_09_01,1,2025-03-01
CUS_0x913c,CUS_0x913c_2024_09_01,0,2025-03-01
CUS_0x9247,CUS_0x9247_2024_09_01,0,2025-03-01
CUS_0x9283,CUS_0x9283_2024_09_01,1,2025-03-01
CUS_0x92ef,CUS_0x92ef_2024_09_01,0,2025-03-01
CUS_0x9337,CUS_0x9337_2024_09_01,0,2025-03-01
CUS_0x9375,CUS_0x9375_2024_09_01,1,2025-03-01
CUS_0x9404,CUS_0x9404_2024_09_01,0,2025-03-01
CUS_0x9438,CUS_0x9438_2024_09_01,1,2025-03-01
CUS_0x9444,CUS_0x9444_2024_09_01,1,2025-03-01
CUS_0x9466,CUS_0x9466_2024_09_01,1,2025-03-01
CUS_0x9469,CUS_0x9469_2024_09_01,0,2025-03-01
CUS_0x9556,CUS_0x9556_2024_09_01,0,2025-03-01
CUS_0x95ee,CUS_0x95ee_2024_09_01,0,2025-03-01
CUS_0x9674,CUS_0x9674_2024_09_01,1,2025-03-01
CUS_0x9714,CUS_0x9714_2024_09_01,1,2025-03-01
CUS_0x9759,CUS_0x9759_2024_09_01,0,2025-03-01
CUS_0x977a,CUS_0x977a_2024_09_01,1,2025-03-01
CUS_0x97d5,CUS_0x97d5_2024_09_01,0,2025-03-01
CUS_0x97dc,CUS_0x97dc_2024_09_01,1,2025-03-01
CUS_0x97fc,CUS_0x97fc_2024_09_01,0,2025-03-01
CUS_0x98e2,CUS_0x98e2_2024_09_01,0,2025-03-01
CUS_0x98ed,CUS_0x98ed_2024_09_01,0,2025-03-01
CUS_0x9937,CUS_0x9937_2024_09_01,1,2025-03-01
CUS_0x995d,CUS_0x995d_2024_09_01,1,2025-03-01
CUS_0x9978,CUS_0x9978_2024_09_01,1,2025-03-01
CUS_0x9a02,CUS_0x9a02_2024_09_01,0,2025-03-01
CUS_0x9a09,CUS_0x9a09_2024_09_01,0,2025-03-01
CUS_0x9be5,CUS_0x9be5_2024_09_01,0,2025-03-01
CUS_0x9bf3,CUS_0x9bf3_2024_09_01,0,2025-03-01
CUS_0x9c22,CUS_0x9c22_2024_09_01,0,2025-03-01
CUS_0x9ca4,CUS_0x9ca4_2024_09_01,0,2025-03-01
CUS_0x9cc3,CUS_0x9cc3_2024_09_01,1,2025-03-01
CUS_0x9cd3,CUS_0x9cd3_2024_09_01,0,2025-03-01
CUS_0x9d0a,CUS_0x9d0a_2024_09_01,0,2025-03-01
CUS_0x9d2e,CUS_0x9d2e_2024_09_01,1,2025-03-01
CUS_0x9d32,CUS_0x9d32_2024_09_01,1,2025-03-01
CUS_0x9d3d,CUS_0x9d3d_2024_09_01,1,2025-03-01
CUS_0x9d7e,CUS_0x9d7e_2024_09_01,0,2025-03-01
CUS_0x9e67,CUS_0x9e67_2024_09_01,1,2025-03-01
CUS_0x9e7a,CUS_0x9e7a_2024_09_01,0,2025-03-01
CUS_0x9e80,CUS_0x9e80_2024_09_01,0,2025-03-01
CUS_0x9ea6,CUS_0x9ea6_2024_09_01,0,2025-03-01
CUS_0x9f5d,CUS_0x9f5d_2024_09_01,0,2025-03-01
CUS_0x9fcc,CUS_0x9fcc_2024_09_01,0,2025-03-01
CUS_0x9fd2,CUS_0x9fd2_2024_09_01,0,2025-03-01
CUS_0x9ff4,CUS_0x9ff4_2024_09_01,1,2025-03-01
CUS_0x9ffa,CUS_0x9ffa_2024_09_01,0,2025-03-01
CUS_0xa04d,CUS_0xa04d_2024_09_01,0,2025-03-01
CUS_0xa092,CUS_0xa092_2024_09_01,0,2025-03-01
CUS_0xa0b6,CUS_0xa0b6_2024_09_01,0,2025-03-01
CUS_0xa11d,CUS_0xa11d_2024_09_01,1,2025-03-01
CUS_0xa1ec,CUS_0xa1ec_2024_09_01,0,2025-03-01
CUS_0xa204,CUS_0xa204_2024_09_01,0,2025-03-01
CUS_0xa222,CUS_0xa222_2024_09_01,0,2025-03-01
CUS_0xa28,CUS_0xa28_2024_09_01,1,2025-03-01
CUS_0xa2b6,CUS_0xa2b6_2024_09_01,0,2025-03-01
CUS_0xa2cb,CUS_0xa2cb_2024_09_01,1,2025-03-01
CUS_0xa3bd,CUS_0xa3bd_2024_09_01,0,2025-03-01
CUS_0xa3f3,CUS_0xa3f3_2024_09_01,0,2025-03-01
CUS_0xa45d,CUS_0xa45d_2024_09_01,0,2025-03-01
CUS_0xa4f5,CUS_0xa4f5_2024_09_01,1,2025-03-01
CUS_0xa579,CUS_0xa579_2024_09_01,0,2025-03-01
CUS_0xa5ba,CUS_0xa5ba_2024_09_01,1,2025-03-01
CUS_0xa6c7,CUS_0xa6c7_2024_09_01,1,2025-03-01
CUS_0xa6df,CUS_0xa6df_2024_09_01,0,2025-03-01
CUS_0xa736,CUS_0xa736_2024_09_01,0,2025-03-01
CUS_0xa7b7,CUS_0xa7b7_2024_09_01,0,2025-03-01
CUS_0xa81d,CUS_0xa81d_2024_09_01,0,2025-03-01
CUS_0xa84d,CUS_0xa84d_2024_09_01,1,2025-03-01
CUS_0xa857,CUS_0xa857_2024_09_01,1,2025-03-01
CUS_0xa89b,CUS_0xa89b_2024_09_01,0,2025-03-01
CUS_0xa8cb,CUS_0xa8cb_2024_09_01,0,2025-03-01
CUS_0xa903,CUS_0xa903_2024_09_01,0,2025-03-01
CUS_0xa913,CUS_0xa913_2024_09_01,0,2025-03-01
CUS_0xa9d3,CUS_0xa9d3_2024_09_01,1,2025-03-01
CUS_0xaa81,CUS_0xaa81_2024_09_01,0,2025-03-01
CUS_0xaa9d,CUS_0xaa9d_2024_09_01,0,2025-03-01
CUS_0xaafc,CUS_0xaafc_2024_09_01,0,2025-03-01
CUS_0xab1e,CUS_0xab1e_2024_09_01,0,2025-03-01
CUS_0xab5f,CUS_0xab5f_2024_09_01,0,2025-03-01
CUS_0xabf9,CUS_0xabf9_2024_09_01,0,2025-03-01
CUS_0xac05,CUS_0xac05_2024_09_01,0,2025-03-01
CUS_0xac1a,CUS_0xac1a_2024_09_01,0,2025-03-01
CUS_0xac59,CUS_0xac59_2024_09_01,0,2025-03-01
CUS_0xac8e,CUS_0xac8e_2024_09_01,1,2025-03-01
CUS_0xacb7,CUS_0xacb7_2024_09_01,1,2025-03-01
CUS_0xacbe,CUS_0xacbe_2024_09_01,0,2025-03-01
CUS_0xacca,CUS_0xacca_2024_09_01,0,2025-03-01
CUS_0xacda,CUS_0xacda_2024_09_01,1,2025-03-01
CUS_0xace0,CUS_0xace0_2024_09_01,0,2025-03-01
CUS_0xadd5,CUS_0xadd5_2024_09_01,1,2025-03-01
CUS_0xadf7,CUS_0xadf7_2024_09_01,0,2025-03-01
CUS_0xae66,CUS_0xae66_2024_09_01,1,2025-03-01
CUS_0xae9b,CUS_0xae9b_2024_09_01,0,2025-03-01
CUS_0xaea1,CUS_0xaea1_2024_09_01,1,2025-03-01
CUS_0xaef2,CUS_0xaef2_2024_09_01,1,2025-03-01
CUS_0xaffc,CUS_0xaffc_2024_09_01,1,2025-03-01
CUS_0xb01b,CUS_0xb01b_2024_09_01,0,2025-03-01
CUS_0xb064,CUS_0xb064_2024_09_01,0,2025-03-01
CUS_0xb0c1,CUS_0xb0c1_2024_09_01,0,2025-03-01
CUS_0xb0f3,CUS_0xb0f3_2024_09_01,0,2025-03-01
CUS_0xb17b,CUS_0xb17b_2024_09_01,0,2025-03-01
CUS_0xb2c0,CUS_0xb2c0_2024_09_01,0,2025-03-01
CUS_0xb319,CUS_0xb319_2024_09_01,0,2025-03-01
CUS_0xb337,CUS_0xb337_2024_09_01,0,2025-03-01
CUS_0xb350,CUS_0xb350_2024_09_01,0,2025-03-01
CUS_0xb4a1,CUS_0xb4a1_2024_09_01,0,2025-03-01
CUS_0xb4ab,CUS_0xb4ab_2024_09_01,0,2025-03-01
CUS_0xb518,CUS_0xb518_2024_09_01,1,2025-03-01
CUS_0xb563,CUS_0xb563_2024_09_01,0,2025-03-01
CUS_0xb56c,CUS_0xb56c_2024_09_01,0,2025-03-01
CUS_0xb5c9,CUS_0xb5c9_2024_09_01,0,2025-03-01
CUS_0xb63c,CUS_0xb63c_2024_09_01,0,2025-03-01
CUS_0xb66c,CUS_0xb66c_2024_09_01,0,2025-03-01
CUS_0xb66e,CUS_0xb66e_2024_09_01,0,2025-03-01
CUS_0xb6a6,CUS_0xb6a6_2024_09_01,0,2025-03-01
CUS_0xb8b,CUS_0xb8b_2024_09_01,0,2025-03-01
CUS_0xb8be,CUS_0xb8be_2024_09_01,0,2025-03-01
CUS_0xb95f,CUS_0xb95f_2024_09_01,1,2025-03-01
CUS_0xb997,CUS_0xb997_2024_09_01,0,2025-03-01
CUS_0xba08,CUS_0xba08_2024_09_01,0,2025-03-01
CUS_0xba2a,CUS_0xba2a_2024_09_01,0,2025-03-01
CUS_0xbac3,CUS_0xbac3_2024_09_01,0,2025-03-01
CUS_0xbad6,CUS_0xbad6_2024_09_01,0,2025-03-01
CUS_0xbb2a,CUS_0xbb2a_2024_09_01,0,2025-03-01
CUS_0xbbb5,CUS_0xbbb5_2024_09_01,0,2025-03-01
CUS_0xbc49,CUS_0xbc49_2024_09_01,1,2025-03-01
CUS_0xbca8,CUS_0xbca8_2024_09_01,0,2025-03-01
CUS_0xbcb9,CUS_0xbcb9_2024_09_01,0,2025-03-01
CUS_0xbcdd,CUS_0xbcdd_2024_09_01,0,2025-03-01
CUS_0xbd2e,CUS_0xbd2e_2024_09_01,1,2025-03-01
CUS_0xbd54,CUS_0xbd54_2024_09_01,0,2025-03-01
CUS_0xbe00,CUS_0xbe00_2024_09_01,0,2025-03-01
CUS_0xbe97,CUS_0xbe97_2024_09_01,0,2025-03-01
CUS_0xbeaf,CUS_0xbeaf_2024_09_01,1,2025-03-01
CUS_0xbf94,CUS_0xbf94_2024_09_01,0,2025-03-01
CUS_0xc04a,CUS_0xc04a_2024_09_01,0,2025-03-01
CUS_0xc142,CUS_0xc142_2024_09_01,1,2025-03-01
CUS_0xc1a1,CUS_0xc1a1_2024_09_01,1,2025-03-01
CUS_0xc1a2,CUS_0xc1a2_2024_09_01,0,2025-03-01
CUS_0xc1f7,CUS_0xc1f7_2024_09_01,0,2025-03-01
CUS_0xc283,CUS_0xc283_2024_09_01,1,2025-03-01
CUS_0xc2bf,CUS_0xc2bf_2024_09_01,0,2025-03-01
CUS_0xc31c,CUS_0xc31c_2024_09_01,0,2025-03-01
CUS_0xc351,CUS_0xc351_2024_09_01,0,2025-03-01
CUS_0xc375,CUS_0xc375_2024_09_01,0,2025-03-01
CUS_0xc39,CUS_0xc39_2024_09_01,0,2025-03-01
CUS_0xc42d,CUS_0xc42d_2024_09_01,0,2025-03-01
CUS_0xc459,CUS_0xc459_2024_09_01,0,2025-03-01
CUS_0xc4a1,CUS_0xc4a1_2024_09_01,1,2025-03-01
CUS_0xc56a,CUS_0xc56a_2024_09_01,0,2025-03-01
CUS_0xc5d7,CUS_0xc5d7_2024_09_01,1,2025-03-01
CUS_0xc649,CUS_0xc649_2024_09_01,0,2025-03-01
CUS_0xc668,CUS_0xc668_2024_09_01,1,2025-03-01
CUS_0xc6d1,CUS_0xc6d1_2024_09_01,0,2025-03-01
CUS_0xcf5,CUS_0xcf5_2024_09_01,0,2025-03-01
CUS_0xd3d,CUS_0xd3d_2024_09_01,0,2025-03-01
CUS_0xd88,CUS_0xd88_2024_09_01,1,2025-03-01
CUS_0xd97,CUS_0xd97_2024_09_01,0,2025-03-01
CUS_0xed4,CUS_0xed4_2024_09_01,0,2025-03-01
CUS_0xf3c,CUS_0xf3c_2024_09_01,0,2025-03-01
CUS_0xf91,CUS_0xf91_2024_09_01,1,2025-03-01
CUS_0x505f,CUS_0x505f_2024_10_01,0,2025-04-01
CUS_0x50fe,CUS_0x50fe_2024_10_01,0,2025-04-01
CUS_0x51e9,CUS_0x51e9_2024_10_01,0,2025-04-01
CUS_0x52b6,CUS_0x52b6_2024_10_01,1,2025-04-01
CUS_0x5300,CUS_0x5300_2024_10_01,0,2025-04-01
CUS_0x533c,CUS_0x533c_2024_10_01,0,2025-04-01
CUS_0x535a,CUS_0x535a_2024_10_01,0,2025-04-01
CUS_0x53aa,CUS_0x53aa_2024_10_01,0,2025-04-01
CUS_0x540e,CUS_0x540e_2024_10_01,0,2025-04-01
CUS_0x554,CUS_0x554_2024_10_01,0,2025-04-01
CUS_0x5548,CUS_0x5548_2024_10_01,0,2025-04-01
CUS_0x5591,CUS_0x5591_2024_10_01,1,2025-04-01
CUS_0x559e,CUS_0x559e_2024_10_01,1,2025-04-01
CUS_0x55b3,CUS_0x55b3_2024_10_01,1,2025-04-01
CUS_0x56ce,CUS_0x56ce_2024_10_01,0,2025-04-01
CUS_0x585b,CUS_0x585b_2024_10_01,0,2025-04-01
CUS_0x58d8,CUS_0x58d8_2024_10_01,1,2025-04-01
CUS_0x591b,CUS_0x591b_2024_10_01,0,2025-04-01
CUS_0x5993,CUS_0x5993_2024_10_01,0,2025-04-01
CUS_0x5a6b,CUS_0x5a6b_2024_10_01,1,2025-04-01
CUS_0x5aa2,CUS_0x5aa2_2024_10_01,0,2025-04-01
CUS_0x5b60,CUS_0x5b60_2024_10_01,0,2025-04-01
CUS_0x5b77,CUS_0x5b77_2024_10_01,0,2025-04-01
CUS_0x5b80,CUS_0x5b80_2024_10_01,0,2025-04-01
CUS_0x5b87,CUS_0x5b87_2024_10_01,0,2025-04-01
CUS_0x5bd2,CUS_0x5bd2_2024_10_01,0,2025-04-01
CUS_0x5c7d,CUS_0x5c7d_2024_10_01,1,2025-04-01
CUS_0x5d51,CUS_0x5d51_2024_10_01,0,2025-04-01
CUS_0x5d7e,CUS_0x5d7e_2024_10_01,1,2025-04-01
CUS_0x5ebd,CUS_0x5ebd_2024_10_01,1,2025-04-01
CUS_0x5ede,CUS_0x5ede_2024_10_01,0,2025-04-01
CUS_0x5f28,CUS_0x5f28_2024_10_01,1,2025-04-01
CUS_0x6081,CUS_0x6081_2024_10_01,0,2025-04-01
CUS_0x60c9,CUS_0x60c9_2024_10_01,0,2025-04-01
CUS_0x610a,CUS_0x610a_2024_10_01,0,2025-04-01
CUS_0x6228,CUS_0x6228_2024_10_01,0,2025-04-01
CUS_0x625d,CUS_0x625d_2024_10_01,0,2025-04-01
CUS_0x626e,CUS_0x626e_2024_10_01,0,2025-04-01
CUS_0x628d,CUS_0x628d_2024_10_01,1,2025-04-01
CUS_0x62b7,CUS_0x62b7_2024_10_01,0,2025-04-01
CUS_0x62d,CUS_0x62d_2024_10_01,0,2025-04-01
CUS_0x63af,CUS_0x63af_2024_10_01,0,2025-04-01
CUS_0x63e0,CUS_0x63e0_2024_10_01,1,2025-04-01
CUS_0x6423,CUS_0x6423_2024_10_01,0,2025-04-01
CUS_0x652e,CUS_0x652e_2024_10_01,0,2025-04-01
CUS_0x657f,CUS_0x657f_2024_10_01,0,2025-04-01
CUS_0x65e9,CUS_0x65e9_2024_10_01,0,2025-04-01
CUS_0x660d,CUS_0x660d_2024_10_01,1,2025-04-01
CUS_0x6632,CUS_0x6632_2024_10_01,0,2025-04-01
CUS_0x669c,CUS_0x669c_2024_10_01,0,2025-04-01
CUS_0x669f,CUS_0x669f_2024_10_01,0,2025-04-01
CUS_0x66e5,CUS_0x66e5_2024_10_01,0,2025-04-01
CUS_0x6732,CUS_0x6732_2024_10_01,0,2025-04-01
CUS_0x67e3,CUS_0x67e3_2024_10_01,1,2025-04-01
CUS_0x6818,CUS_0x6818_2024_10_01,0,2025-04-01
CUS_0x691e,CUS_0x691e_2024_10_01,0,2025-04-01
CUS_0x691f,CUS_0x691f_2024_10_01,0,2025-04-01
CUS_0x6975,CUS_0x6975_2024_10_01,1,2025-04-01
CUS_0x697a,CUS_0x697a_2024_10_01,0,2025-04-01
CUS_0x6a6f,CUS_0x6a6f_2024_10_01,0,2025-04-01
CUS_0x6a73,CUS_0x6a73_2024_10_01,1,2025-04-01
CUS_0x6b2,CUS_0x6b2_2024_10_01,0,2025-04-01
CUS_0x6ba,CUS_0x6ba_2024_10_01,0,2025-04-01
CUS_0x6bc0,CUS_0x6bc0_2024_10_01,0,2025-04-01
CUS_0x6c23,CUS_0x6c23_2024_10_01,0,2025-04-01
CUS_0x6c2e,CUS_0x6c2e_2024_10_01,0,2025-04-01
CUS_0x6c6d,CUS_0x6c6d_2024_10_01,0,2025-04-01
CUS_0x6cc4,CUS_0x6cc4_2024_10_01,1,2025-04-01
CUS_0x6ccb,CUS_0x6ccb_2024_10_01,0,2025-04-01
CUS_0x6d54,CUS_0x6d54_2024_10_01,0,2025-04-01
CUS_0x6d8,CUS_0x6d8_2024_10_01,1,2025-04-01
CUS_0x6e8b,CUS_0x6e8b_2024_10_01,0,2025-04-01
CUS_0x6e98,CUS_0x6e98_2024_10_01,0,2025-04-01
CUS_0x6f1b,CUS_0x6f1b_2024_10_01,0,2025-04-01
CUS_0x6f2a,CUS_0x6f2a_2024_10_01,0,2025-04-01
CUS_0x6f65,CUS_0x6f65_2024_10_01,0,2025-04-01
CUS_0x6f71,CUS_0x6f71_2024_10_01,0,2025-04-01
CUS_0x711b,CUS_0x711b_2024_10_01,0,2025-04-01
CUS_0x7127,CUS_0x7127_2024_10_01,0,2025-04-01
CUS_0x7145,CUS_0x7145_2024_10_01,0,2025-04-01
CUS_0x716,CUS_0x716_2024_10_01,0,2025-04-01
CUS_0x716d,CUS_0x716d_2024_10_01,0,2025-04-01
CUS_0x7180,CUS_0x7180_2024_10_01,0,2025-04-01
CUS_0x7189,CUS_0x7189_2024_10_01,0,2025-04-01
CUS_0x720e,CUS_0x720e_2024_10_01,1,2025-04-01
CUS_0x7264,CUS_0x7264_2024_10_01,1,2025-04-01
CUS_0x7269,CUS_0x7269_2024_10_01,0,2025-04-01
CUS_0x7279,CUS_0x7279_2024_10_01,0,2025-04-01
CUS_0x7347,CUS_0x7347_2024_10_01,1,2025-04-01
CUS_0x735c,CUS_0x735c_2024_10_01,1,2025-04-01
CUS_0x73c2,CUS_0x73c2_2024_10_01,0,2025-04-01
CUS_0x73d5,CUS_0x73d5_2024_10_01,0,2025-04-01
CUS_0x7423,CUS_0x7423_2024_10_01,0,2025-04-01
CUS_0x7443,CUS_0x7443_2024_10_01,1,2025-04-01
CUS_0x74f9,CUS_0x74f9_2024_10_01,0,2025-04-01
CUS_0x751c,CUS_0x751c_2024_10_01,0,2025-04-01
CUS_0x752b,CUS_0x752b_2024_10_01,0,2025-04-01
CUS_0x753f,CUS_0x753f_2024_10_01,0,2025-04-01
CUS_0x767f,CUS_0x767f_2024_10_01,1,2025-04-01
CUS_0x76ed,CUS_0x76ed_2024_10_01,0,2025-04-01
CUS_0x7749,CUS_0x7749_2024_10_01,0,2025-04-01
CUS_0x77c,CUS_0x77c_2024_10_01,0,2025-04-01
CUS_0x77fe,CUS_0x77fe_2024_10_01,0,2025-04-01
CUS_0x788a,CUS_0x788a_2024_10_01,1,2025-04-01
CUS_0x788b,CUS_0x788b_2024_10_01,0,2025-04-01
CUS_0x7928,CUS_0x7928_2024_10_01,0,2025-04-01
CUS_0x79bd,CUS_0x79bd_2024_10_01,0,2025-04-01
CUS_0x79ce,CUS_0x79ce_2024_10_01,0,2025-04-01
CUS_0x79ef,CUS_0x79ef_2024_10_01,1,2025-04-01
CUS_0x7a4a,CUS_0x7a4a_2024_10_01,0,2025-04-01
CUS_0x7b0,CUS_0x7b0_2024_10_01,0,2025-04-01
CUS_0x7b2c,CUS_0x7b2c_2024_10_01,1,2025-04-01
CUS_0x7be,CUS_0x7be_2024_10_01,0,2025-04-01
CUS_0x7c47,CUS_0x7c47_2024_10_01,1,2025-04-01
CUS_0x7c73,CUS_0x7c73_2024_10_01,1,2025-04-01
CUS_0x7ccf,CUS_0x7ccf_2024_10_01,1,2025-04-01
CUS_0x7d0a,CUS_0x7d0a_2024_10_01,0,2025-04-01
CUS_0x7dec,CUS_0x7dec_2024_10_01,0,2025-04-01
CUS_0x7df9,CUS_0x7df9_2024_10_01,0,2025-04-01
CUS_0x7e94,CUS_0x7e94_2024_10_01,0,2025-04-01
CUS_0x80ed,CUS_0x80ed_2024_10_01,1,2025-04-01
CUS_0x8176,CUS_0x8176_2024_10_01,0,2025-04-01
CUS_0x82b3,CUS_0x82b3_2024_10_01,0,2025-04-01
CUS_0x8337,CUS_0x8337_2024_10_01,0,2025-04-01
CUS_0x843e,CUS_0x843e_2024_10_01,0,2025-04-01
CUS_0x8563,CUS_0x8563_2024_10_01,0,2025-04-01
CUS_0x85b2,CUS_0x85b2_2024_10_01,0,2025-04-01
CUS_0x860,CUS_0x860_2024_10_01,0,2025-04-01
CUS_0x8603,CUS_0x8603_2024_10_01,0,2025-04-01
CUS_0x864,CUS_0x864_2024_10_01,0,2025-04-01
CUS_0x8697,CUS_0x8697_2024_10_01,0,2025-04-01
CUS_0x86ab,CUS_0x86ab_2024_10_01,0,2025-04-01
CUS_0x87a3,CUS_0x87a3_2024_10_01,1,2025-04-01
CUS_0x87c5,CUS_0x87c5_2024_10_01,0,2025-04-01
CUS_0x87d0,CUS_0x87d0_2024_10_01,1,2025-04-01
CUS_0x87df,CUS_0x87df_2024_10_01,0,2025-04-01
CUS_0x883b,CUS_0x883b_2024_10_01,0,2025-04-01
CUS_0x885,CUS_0x885_2024_10_01,0,2025-04-01
CUS_0x88f2,CUS_0x88f2_2024_10_01,0,2025-04-01
CUS_0x8988,CUS_0x8988_2024_10_01,0,2025-04-01
CUS_0x899,CUS_0x899_2024_10_01,1,2025-04-01
CUS_0x8b2d,CUS_0x8b2d_2024_10_01,0,2025-04-01
CUS_0x8b85,CUS_0x8b85_2024_10_01,0,2025-04-01
CUS_0x8bb5,CUS_0x8bb5_2024_10_01,1,2025-04-01
CUS_0x8c9c,CUS_0x8c9c_2024_10_01,0,2025-04-01
CUS_0x8ccd,CUS_0x8ccd_2024_10_01,0,2025-04-01
CUS_0x8d39,CUS_0x8d39_2024_10_01,1,2025-04-01
CUS_0x8d45,CUS_0x8d45_2024_10_01,1,2025-04-01
CUS_0x8d6b,CUS_0x8d6b_2024_10_01,0,2025-04-01
CUS_0x1038,CUS_0x1038_2024_10_01,0,2025-04-01
CUS_0x104f,CUS_0x104f_2024_10_01,0,2025-04-01
CUS_0x10a9,CUS_0x10a9_2024_10_01,0,2025-04-01
CUS_0x111b,CUS_0x111b_2024_10_01,0,2025-04-01
CUS_0x1123,CUS_0x1123_2024_10_01,1,2025-04-01
CUS_0x1151,CUS_0x1151_2024_10_01,0,2025-04-01
CUS_0x1193,CUS_0x1193_2024_10_01,0,2025-04-01
CUS_0x1277,CUS_0x1277_2024_10_01,0,2025-04-01
CUS_0x1278,CUS_0x1278_2024_10_01,0,2025-04-01
CUS_0x132f,CUS_0x132f_2024_10_01,1,2025-04-01
CUS_0x13fa,CUS_0x13fa_2024_10_01,1,2025-04-01
CUS_0x1410,CUS_0x1410_2024_10_01,1,2025-04-01
CUS_0x1436,CUS_0x1436_2024_10_01,0,2025-04-01
CUS_0x1447,CUS_0x1447_2024_10_01,0,2025-04-01
CUS_0x14d9,CUS_0x14d9_2024_10_01,0,2025-04-01
CUS_0x1540,CUS_0x1540_2024_10_01,0,2025-04-01
CUS_0x155b,CUS_0x155b_2024_10_01,1,2025-04-01
CUS_0x157d,CUS_0x157d_2024_10_01,0,2025-04-01
CUS_0x1600,CUS_0x1600_2024_10_01,1,2025-04-01
CUS_0x1607,CUS_0x1607_2024_10_01,0,2025-04-01
CUS_0x1612,CUS_0x1612_2024_10_01,0,2025-04-01
CUS_0x1663,CUS_0x1663_2024_10_01,0,2025-04-01
CUS_0x1673,CUS_0x1673_2024_10_01,0,2025-04-01
CUS_0x1680,CUS_0x1680_2024_10_01,1,2025-04-01
CUS_0x16be,CUS_0x16be_2024_10_01,0,2025-04-01
CUS_0x16f5,CUS_0x16f5_2024_10_01,0,2025-04-01
CUS_0x176b,CUS_0x176b_2024_10_01,0,2025-04-01
CUS_0x17b5,CUS_0x17b5_2024_10_01,0,2025-04-01
CUS_0x17ff,CUS_0x17ff_2024_10_01,0,2025-04-01
CUS_0x1820,CUS_0x1820_2024_10_01,1,2025-04-01
CUS_0x18e1,CUS_0x18e1_2024_10_01,0,2025-04-01
CUS_0x18f3,CUS_0x18f3_2024_10_01,0,2025-04-01
CUS_0x195b,CUS_0x195b_2024_10_01,0,2025-04-01
CUS_0x1ad6,CUS_0x1ad6_2024_10_01,0,2025-04-01
CUS_0x1ae8,CUS_0x1ae8_2024_10_01,0,2025-04-01
CUS_0x1b9c,CUS_0x1b9c_2024_10_01,0,2025-04-01
CUS_0x1c06,CUS_0x1c06_2024_10_01,1,2025-04-01
CUS_0x1c58,CUS_0x1c58_2024_10_01,0,2025-04-01
CUS_0x1dfd,CUS_0x1dfd_2024_10_01,0,2025-04-01
CUS_0x1ea5,CUS_0x1ea5_2024_10_01,0,2025-04-01
CUS_0x1ebe,CUS_0x1ebe_2024_10_01,0,2025-04-01
CUS_0x1edd,CUS_0x1edd_2024_10_01,0,2025-04-01
CUS_0x1efa,CUS_0x1efa_2024_10_01,0,2025-04-01
CUS_0x1f19,CUS_0x1f19_2024_10_01,0,2025-04-01
CUS_0x1f34,CUS_0x1f34_2024_10_01,0,2025-04-01
CUS_0x1f42,CUS_0x1f42_2024_10_01,0,2025-04-01
CUS_0x1f7d,CUS_0x1f7d_2024_10_01,1,2025-04-01
CUS_0x1f97,CUS_0x1f97_2024_10_01,0,2025-04-01
CUS_0x1fcb,CUS_0x1fcb_2024_10_01,0,2025-04-01
CUS_0x1fdc,CUS_0x1fdc_2024_10_01,1,2025-04-01
CUS_0x1fec,CUS_0x1fec_2024_10_01,0,2025-04-01
CUS_0x20b5,CUS_0x20b5_2024_10_01,0,2025-04-01
CUS_0x20b8,CUS_0x20b8_2024_10_01,0,2025-04-01
CUS_0x219a,CUS_0x219a_2024_10_01,0,2025-04-01
CUS_0x2208,CUS_0x2208_2024_10_01,0,2025-04-01
CUS_0x22a1,CUS_0x22a1_2024_10_01,0,2025-04-01
CUS_0x22d4,CUS_0x22d4_2024_10_01,1,2025-04-01
CUS_0x232d,CUS_0x232d_2024_10_01,0,2025-04-01
CUS_0x23a5,CUS_0x23a5_2024_10_01,0,2025-04-01
CUS_0x23cc,CUS_0x23cc_2024_10_01,1,2025-04-01
CUS_0x2413,CUS_0x2413_2024_10_01,0,2025-04-01
CUS_0x2507,CUS_0x2507_2024_10_01,0,2025-04-01
CUS_0x2543,CUS_0x2543_2024_10_01,1,2025-04-01
CUS_0x25c4,CUS_0x25c4_2024_10_01,0,2025-04-01
CUS_0x2665,CUS_0x2665_2024_10_01,0,2025-04-01
CUS_0x2683,CUS_0x2683_2024_10_01,1,2025-04-01
CUS_0x269a,CUS_0x269a_2024_10_01,0,2025-04-01
CUS_0x26ac,CUS_0x26ac_2024_10_01,0,2025-04-01
CUS_0x2887,CUS_0x2887_2024_10_01,0,2025-04-01
CUS_0x2947,CUS_0x2947_2024_10_01,0,2025-04-01
CUS_0x2993,CUS_0x2993_2024_10_01,0,2025-04-01
CUS_0x2b4c,CUS_0x2b4c_2024_10_01,0,2025-04-01
CUS_0x2d22,CUS_0x2d22_2024_10_01,1,2025-04-01
CUS_0x2d8c,CUS_0x2d8c_2024_10_01,0,2025-04-01
CUS_0x2d93,CUS_0x2d93_2024_10_01,1,2025-04-01
CUS_0x2f22,CUS_0x2f22_2024_10_01,0,2025-04-01
CUS_0x2fb0,CUS_0x2fb0_2024_10_01,0,2025-04-01
CUS_0x2fca,CUS_0x2fca_2024_10_01,0,2025-04-01
CUS_0x2fda,CUS_0x2fda_2024_10_01,1,2025-04-01
CUS_0x307b,CUS_0x307b_2024_10_01,0,2025-04-01
CUS_0x30cf,CUS_0x30cf_2024_10_01,1,2025-04-01
CUS_0x30ed,CUS_0x30ed_2024_10_01,1,2025-04-01
CUS_0x31ce,CUS_0x31ce_2024_10_01,1,2025-04-01
CUS_0x3215,CUS_0x3215_2024_10_01,0,2025-04-01
CUS_0x324b,CUS_0x324b_2024_10_01,1,2025-04-01
CUS_0x330c,CUS_0x330c_2024_10_01,0,2025-04-01
CUS_0x3361,CUS_0x3361_2024_10_01,0,2025-04-01
CUS_0x33b6,CUS_0x33b6_2024_10_01,0,2025-04-01
CUS_0x3422,CUS_0x3422_2024_10_01,0,2025-04-01
CUS_0x346d,CUS_0x346d_2024_10_01,0,2025-04-01
CUS_0x3474,CUS_0x3474_2024_10_01,1,2025-04-01
CUS_0x3486,CUS_0x3486_2024_10_01,0,2025-04-01
CUS_0x3542,CUS_0x3542_2024_10_01,1,2025-04-01
CUS_0x35b9,CUS_0x35b9_2024_10_01,0,2025-04-01
CUS_0x35ea,CUS_0x35ea_2024_10_01,0,2025-04-01
CUS_0x36ec,CUS_0x36ec_2024_10_01,0,2025-04-01
CUS_0x3710,CUS_0x3710_2024_10_01,0,2025-04-01
CUS_0x3797,CUS_0x3797_2024_10_01,1,2025-04-01
CUS_0x37bd,CUS_0x37bd_2024_10_01,0,2025-04-01
CUS_0x37db,CUS_0x37db_2024_10_01,0,2025-04-01
CUS_0x387d,CUS_0x387d_2024_10_01,0,2025-04-01
CUS_0x38aa,CUS_0x38aa_2024_10_01,0,2025-04-01
CUS_0x38b6,CUS_0x38b6_2024_10_01,1,2025-04-01
CUS_0x38c0,CUS_0x38c0_2024_10_01,1,2025-04-01
CUS_0x3937,CUS_0x3937_2024_10_01,1,2025-04-01
CUS_0x39cf,CUS_0x39cf_2024_10_01,0,2025-04-01
CUS_0x3a96,CUS_0x3a96_2024_10_01,0,2025-04-01
CUS_0x3b1b,CUS_0x3b1b_2024_10_01,0,2025-04-01
CUS_0x3b2e,CUS_0x3b2e_2024_10_01,0,2025-04-01
CUS_0x3bac,CUS_0x3bac_2024_10_01,0,2025-04-01
CUS_0x3c23,CUS_0x3c23_2024_10_01,0,2025-04-01
CUS_0x3ca6,CUS_0x3ca6_2024_10_01,0,2025-04-01
CUS_0x3e36,CUS_0x3e36_2024_10_01,1,2025-04-01
CUS_0x3e47,CUS_0x3e47_2024_10_01,0,2025-04-01
CUS_0x3e4a,CUS_0x3e4a_2024_10_01,1,2025-04-01
CUS_0x3e51,CUS_0x3e51_2024_10_01,1,2025-04-01
CUS_0x3ec8,CUS_0x3ec8_2024_10_01,0,2025-04-01
CUS_0x3f16,CUS_0x3f16_2024_10_01,0,2025-04-01
CUS_0x3f69,CUS_0x3f69_2024_10_01,1,2025-04-01
CUS_0x3f6b,CUS_0x3f6b_2024_10_01,1,2025-04-01
CUS_0x3f74,CUS_0x3f74_2024_10_01,0,2025-04-01
CUS_0x3f8b,CUS_0x3f8b_2024_10_01,1,2025-04-01
CUS_0x3f99,CUS_0x3f99_2024_10_01,0,2025-04-01
CUS_0x4067,CUS_0x4067_2024_10_01,1,2025-04-01
CUS_0x4156,CUS_0x4156_2024_10_01,0,2025-04-01
CUS_0x41b8,CUS_0x41b8_2024_10_01,0,2025-04-01
CUS_0x41f0,CUS_0x41f0_2024_10_01,0,2025-04-01
CUS_0x41f5,CUS_0x41f5_2024_10_01,0,2025-04-01
CUS_0x424c,CUS_0x424c_2024_10_01,0,2025-04-01
CUS_0x42b1,CUS_0x42b1_2024_10_01,0,2025-04-01
CUS_0x43e7,CUS_0x43e7_2024_10_01,0,2025-04-01
CUS_0x4450,CUS_0x4450_2024_10_01,0,2025-04-01
CUS_0x454c,CUS_0x454c_2024_10_01,0,2025-04-01
CUS_0x458d,CUS_0x458d_2024_10_01,0,2025-04-01
CUS_0x45cc,CUS_0x45cc_2024_10_01,0,2025-04-01
CUS_0x45e2,CUS_0x45e2_2024_10_01,0,2025-04-01
CUS_0x461f,CUS_0x461f_2024_10_01,0,2025-04-01
CUS_0x4628,CUS_0x4628_2024_10_01,0,2025-04-01
CUS_0x4697,CUS_0x4697_2024_10_01,0,2025-04-01
CUS_0x46bd,CUS_0x46bd_2024_10_01,1,2025-04-01
CUS_0x4732,CUS_0x4732_2024_10_01,0,2025-04-01
CUS_0x4802,CUS_0x4802_2024_10_01,0,2025-04-01
CUS_0x4845,CUS_0x4845_2024_10_01,0,2025-04-01
CUS_0x487b,CUS_0x487b_2024_10_01,1,2025-04-01
CUS_0x488b,CUS_0x488b_2024_10_01,1,2025-04-01
CUS_0x48e1,CUS_0x48e1_2024_10_01,0,2025-04-01
CUS_0x4937,CUS_0x4937_2024_10_01,0,2025-04-01
CUS_0x494b,CUS_0x494b_2024_10_01,0,2025-04-01
CUS_0x4981,CUS_0x4981_2024_10_01,0,2025-04-01
CUS_0x4982,CUS_0x4982_2024_10_01,0,2025-04-01
CUS_0x4a11,CUS_0x4a11_2024_10_01,0,2025-04-01
CUS_0x4a3c,CUS_0x4a3c_2024_10_01,0,2025-04-01
CUS_0x4a93,CUS_0x4a93_2024_10_01,0,2025-04-01
CUS_0x4c13,CUS_0x4c13_2024_10_01,0,2025-04-01
CUS_0x4c33,CUS_0x4c33_2024_10_01,0,2025-04-01
CUS_0x4c7d,CUS_0x4c7d_2024_10_01,0,2025-04-01
CUS_0x4c95,CUS_0x4c95_2024_10_01,0,2025-04-01
CUS_0x4c9c,CUS_0x4c9c_2024_10_01,1,2025-04-01
CUS_0x4caa,CUS_0x4caa_2024_10_01,0,2025-04-01
CUS_0x4cb5,CUS_0x4cb5_2024_10_01,0,2025-04-01
CUS_0x4d12,CUS_0x4d12_2024_10_01,0,2025-04-01
CUS_0x4d43,CUS_0x4d43_2024_10_01,0,2025-04-01
CUS_0x4d9c,CUS_0x4d9c_2024_10_01,1,2025-04-01
CUS_0x4dac,CUS_0x4dac_2024_10_01,1,2025-04-01
CUS_0x4db9,CUS_0x4db9_2024_10_01,0,2025-04-01
CUS_0x4ddb,CUS_0x4ddb_2024_10_01,1,2025-04-01
CUS_0x4e1f,CUS_0x4e1f_2024_10_01,0,2025-04-01
CUS_0x4e52,CUS_0x4e52_2024_10_01,0,2025-04-01
CUS_0x4e9c,CUS_0x4e9c_2024_10_01,0,2025-04-01
CUS_0x4f0d,CUS_0x4f0d_2024_10_01,0,2025-04-01
CUS_0x4f28,CUS_0x4f28_2024_10_01,1,2025-04-01
CUS_0x4f32,CUS_0x4f32_2024_10_01,0,2025-04-01
CUS_0x4f92,CUS_0x4f92_2024_10_01,0,2025-04-01
CUS_0x4ff7,CUS_0x4ff7_2024_10_01,1,2025-04-01
CUS_0x10aa,CUS_0x10aa_2023_02_01,0,2023-08-01
CUS_0x113e,CUS_0x113e_2023_02_01,1,2023-08-01
CUS_0x1140,CUS_0x1140_2023_02_01,0,2023-08-01
CUS_0x1155,CUS_0x1155_2023_02_01,0,2023-08-01
CUS_0x1252,CUS_0x1252_2023_02_01,0,2023-08-01
CUS_0x129b,CUS_0x129b_2023_02_01,0,2023-08-01
CUS_0x12a6,CUS_0x12a6_2023_02_01,1,2023-08-01
CUS_0x135c,CUS_0x135c_2023_02_01,0,2023-08-01
CUS_0x1452,CUS_0x1452_2023_02_01,1,2023-08-01
CUS_0x14d5,CUS_0x14d5_2023_02_01,0,2023-08-01
CUS_0x15b7,CUS_0x15b7_2023_02_01,1,2023-08-01
CUS_0x160a,CUS_0x160a_2023_02_01,0,2023-08-01
CUS_0x164a,CUS_0x164a_2023_02_01,0,2023-08-01
CUS_0x16a4,CUS_0x16a4_2023_02_01,1,2023-08-01
CUS_0x17bb,CUS_0x17bb_2023_02_01,1,2023-08-01
CUS_0x185e,CUS_0x185e_2023_02_01,1,2023-08-01
CUS_0x1881,CUS_0x1881_2023_02_01,1,2023-08-01
CUS_0x1899,CUS_0x1899_2023_02_01,1,2023-08-01
CUS_0x18ac,CUS_0x18ac_2023_02_01,1,2023-08-01
CUS_0x18d7,CUS_0x18d7_2023_02_01,0,2023-08-01
CUS_0x1902,CUS_0x1902_2023_02_01,0,2023-08-01
CUS_0x191b,CUS_0x191b_2023_02_01,1,2023-08-01
CUS_0x1934,CUS_0x1934_2023_02_01,1,2023-08-01
CUS_0x1993,CUS_0x1993_2023_02_01,0,2023-08-01
CUS_0x19a8,CUS_0x19a8_2023_02_01,0,2023-08-01
CUS_0x1a18,CUS_0x1a18_2023_02_01,0,2023-08-01
CUS_0x1b9a,CUS_0x1b9a_2023_02_01,0,2023-08-01
CUS_0x1c47,CUS_0x1c47_2023_02_01,0,2023-08-01
CUS_0x1c61,CUS_0x1c61_2023_02_01,0,2023-08-01
CUS_0x1dbd,CUS_0x1dbd_2023_02_01,1,2023-08-01
CUS_0x1de6,CUS_0x1de6_2023_02_01,1,2023-08-01
CUS_0x1e5e,CUS_0x1e5e_2023_02_01,0,2023-08-01
CUS_0x1ef7,CUS_0x1ef7_2023_02_01,1,2023-08-01
CUS_0x1eff,CUS_0x1eff_2023_02_01,0,2023-08-01
CUS_0x1f3d,CUS_0x1f3d_2023_02_01,0,2023-08-01
CUS_0x204a,CUS_0x204a_2023_02_01,0,2023-08-01
CUS_0x2108,CUS_0x2108_2023_02_01,1,2023-08-01
CUS_0x2168,CUS_0x2168_2023_02_01,0,2023-08-01
CUS_0x2171,CUS_0x2171_2023_02_01,0,2023-08-01
CUS_0x2174,CUS_0x2174_2023_02_01,0,2023-08-01
CUS_0x21b6,CUS_0x21b6_2023_02_01,0,2023-08-01
CUS_0x2216,CUS_0x2216_2023_02_01,0,2023-08-01
CUS_0x2218,CUS_0x2218_2023_02_01,0,2023-08-01
CUS_0x227e,CUS_0x227e_2023_02_01,0,2023-08-01
CUS_0x229f,CUS_0x229f_2023_02_01,1,2023-08-01
CUS_0x22bc,CUS_0x22bc_2023_02_01,1,2023-08-01
CUS_0x2344,CUS_0x2344_2023_02_01,1,2023-08-01
CUS_0x2363,CUS_0x2363_2023_02_01,1,2023-08-01
CUS_0x236b,CUS_0x236b_2023_02_01,0,2023-08-01
CUS_0x23c5,CUS_0x23c5_2023_02_01,0,2023-08-01
CUS_0x24b2,CUS_0x24b2_2023_02_01,0,2023-08-01
CUS_0x24d7,CUS_0x24d7_2023_02_01,0,2023-08-01
CUS_0x25d8,CUS_0x25d8_2023_02_01,1,2023-08-01
CUS_0x2602,CUS_0x2602_2023_02_01,0,2023-08-01
CUS_0x2694,CUS_0x2694_2023_02_01,1,2023-08-01
CUS_0x269b,CUS_0x269b_2023_02_01,1,2023-08-01
CUS_0x269f,CUS_0x269f_2023_02_01,1,2023-08-01
CUS_0x26e3,CUS_0x26e3_2023_02_01,0,2023-08-01
CUS_0x26f8,CUS_0x26f8_2023_02_01,1,2023-08-01
CUS_0x2742,CUS_0x2742_2023_02_01,1,2023-08-01
CUS_0x27ae,CUS_0x27ae_2023_02_01,0,2023-08-01
CUS_0x284f,CUS_0x284f_2023_02_01,0,2023-08-01
CUS_0x287f,CUS_0x287f_2023_02_01,0,2023-08-01
CUS_0x2951,CUS_0x2951_2023_02_01,0,2023-08-01
CUS_0x2985,CUS_0x2985_2023_02_01,0,2023-08-01
CUS_0x2a79,CUS_0x2a79_2023_02_01,0,2023-08-01
CUS_0x2b3c,CUS_0x2b3c_2023_02_01,0,2023-08-01
CUS_0x2bc8,CUS_0x2bc8_2023_02_01,0,2023-08-01
CUS_0x2bc9,CUS_0x2bc9_2023_02_01,1,2023-08-01
CUS_0x2bcb,CUS_0x2bcb_2023_02_01,0,2023-08-01
CUS_0x2bfb,CUS_0x2bfb_2023_02_01,1,2023-08-01
CUS_0x2cad,CUS_0x2cad_2023_02_01,0,2023-08-01
CUS_0x2cc2,CUS_0x2cc2_2023_02_01,1,2023-08-01
CUS_0x2d1e,CUS_0x2d1e_2023_02_01,0,2023-08-01
CUS_0x2dbf,CUS_0x2dbf_2023_02_01,0,2023-08-01
CUS_0x2dc0,CUS_0x2dc0_2023_02_01,1,2023-08-01
CUS_0x2de3,CUS_0x2de3_2023_02_01,0,2023-08-01
CUS_0x2e6e,CUS_0x2e6e_2023_02_01,1,2023-08-01
CUS_0x2ed5,CUS_0x2ed5_2023_02_01,1,2023-08-01
CUS_0x3033,CUS_0x3033_2023_02_01,0,2023-08-01
CUS_0x3053,CUS_0x3053_2023_02_01,0,2023-08-01
CUS_0x3061,CUS_0x3061_2023_02_01,0,2023-08-01
CUS_0x30df,CUS_0x30df_2023_02_01,0,2023-08-01
CUS_0x316e,CUS_0x316e_2023_02_01,1,2023-08-01
CUS_0x3295,CUS_0x3295_2023_02_01,0,2023-08-01
CUS_0x32dc,CUS_0x32dc_2023_02_01,0,2023-08-01
CUS_0x32fb,CUS_0x32fb_2023_02_01,0,2023-08-01
CUS_0x3393,CUS_0x3393_2023_02_01,0,2023-08-01
CUS_0x33aa,CUS_0x33aa_2023_02_01,1,2023-08-01
CUS_0x33de,CUS_0x33de_2023_02_01,0,2023-08-01
CUS_0x33f9,CUS_0x33f9_2023_02_01,0,2023-08-01
CUS_0x343d,CUS_0x343d_2023_02_01,0,2023-08-01
CUS_0x34e9,CUS_0x34e9_2023_02_01,1,2023-08-01
CUS_0x351f,CUS_0x351f_2023_02_01,0,2023-08-01
CUS_0x353a,CUS_0x353a_2023_02_01,1,2023-08-01
CUS_0x355c,CUS_0x355c_2023_02_01,0,2023-08-01
CUS_0x365b,CUS_0x365b_2023_02_01,1,2023-08-01
CUS_0x36a2,CUS_0x36a2_2023_02_01,0,2023-08-01
CUS_0x3713,CUS_0x3713_2023_02_01,0,2023-08-01
CUS_0x377b,CUS_0x377b_2023_02_01,0,2023-08-01
CUS_0x37cd,CUS_0x37cd_2023_02_01,1,2023-08-01
CUS_0x382f,CUS_0x382f_2023_02_01,1,2023-08-01
CUS_0x38b0,CUS_0x38b0_2023_02_01,0,2023-08-01
CUS_0x38e1,CUS_0x38e1_2023_02_01,0,2023-08-01
CUS_0x3912,CUS_0x3912_2023_02_01,0,2023-08-01
CUS_0x3925,CUS_0x3925_2023_02_01,0,2023-08-01
CUS_0x3a28,CUS_0x3a28_2023_02_01,0,2023-08-01
CUS_0x3a38,CUS_0x3a38_2023_02_01,1,2023-08-01
CUS_0x3a40,CUS_0x3a40_2023_02_01,0,2023-08-01
CUS_0x3a55,CUS_0x3a55_2023_02_01,0,2023-08-01
CUS_0x3a7e,CUS_0x3a7e_2023_02_01,0,2023-08-01
CUS_0x3a9e,CUS_0x3a9e_2023_02_01,0,2023-08-01
CUS_0x3bfb,CUS_0x3bfb_2023_02_01,1,2023-08-01
CUS_0x3c61,CUS_0x3c61_2023_02_01,0,2023-08-01
CUS_0x3c82,CUS_0x3c82_2023_02_01,0,2023-08-01
CUS_0x3cb7,CUS_0x3cb7_2023_02_01,1,2023-08-01
CUS_0x3cc2,CUS_0x3cc2_2023_02_01,0,2023-08-01
CUS_0x3cc6,CUS_0x3cc6_2023_02_01,1,2023-08-01
CUS_0x3d58,CUS_0x3d58_2023_02_01,0,2023-08-01
CUS_0x3d63,CUS_0x3d63_2023_02_01,0,2023-08-01
CUS_0x3d99,CUS_0x3d99_2023_02_01,0,2023-08-01
CUS_0x3dfa,CUS_0x3dfa_2023_02_01,0,2023-08-01
CUS_0x3e17,CUS_0x3e17_2023_02_01,1,2023-08-01
CUS_0x3e5c,CUS_0x3e5c_2023_02_01,0,2023-08-01
CUS_0x3e68,CUS_0x3e68_2023_02_01,1,2023-08-01
CUS_0x3ea3,CUS_0x3ea3_2023_02_01,1,2023-08-01
CUS_0x3f1a,CUS_0x3f1a_2023_02_01,1,2023-08-01
CUS_0x3f3e,CUS_0x3f3e_2023_02_01,1,2023-08-01
CUS_0x3f41,CUS_0x3f41_2023_02_01,0,2023-08-01
CUS_0x3f5,CUS_0x3f5_2023_02_01,1,2023-08-01
CUS_0x4021,CUS_0x4021_2023_02_01,0,2023-08-01
CUS_0x4029,CUS_0x4029_2023_02_01,1,2023-08-01
CUS_0x411a,CUS_0x411a_2023_02_01,1,2023-08-01
CUS_0x4236,CUS_0x4236_2023_02_01,0,2023-08-01
CUS_0x432,CUS_0x432_2023_02_01,1,2023-08-01
CUS_0x436d,CUS_0x436d_2023_02_01,0,2023-08-01
CUS_0x43be,CUS_0x43be_2023_02_01,0,2023-08-01
CUS_0x43fd,CUS_0x43fd_2023_02_01,0,2023-08-01
CUS_0x4423,CUS_0x4423_2023_02_01,1,2023-08-01
CUS_0x447f,CUS_0x447f_2023_02_01,1,2023-08-01
CUS_0x44e8,CUS_0x44e8_2023_02_01,0,2023-08-01
CUS_0x44fa,CUS_0x44fa_2023_02_01,0,2023-08-01
CUS_0x452f,CUS_0x452f_2023_02_01,1,2023-08-01
CUS_0x4555,CUS_0x4555_2023_02_01,1,2023-08-01
CUS_0x45aa,CUS_0x45aa_2023_02_01,0,2023-08-01
CUS_0x468a,CUS_0x468a_2023_02_01,0,2023-08-01
CUS_0x46ce,CUS_0x46ce_2023_02_01,0,2023-08-01
CUS_0x46ff,CUS_0x46ff_2023_02_01,0,2023-08-01
CUS_0x470c,CUS_0x470c_2023_02_01,0,2023-08-01
CUS_0x489b,CUS_0x489b_2023_02_01,0,2023-08-01
CUS_0x48a4,CUS_0x48a4_2023_02_01,0,2023-08-01
CUS_0x48e9,CUS_0x48e9_2023_02_01,0,2023-08-01
CUS_0x49ae,CUS_0x49ae_2023_02_01,0,2023-08-01
CUS_0x49c4,CUS_0x49c4_2023_02_01,0,2023-08-01
CUS_0x49fd,CUS_0x49fd_2023_02_01,1,2023-08-01
CUS_0x4a3d,CUS_0x4a3d_2023_02_01,0,2023-08-01
CUS_0x4a5b,CUS_0x4a5b_2023_02_01,0,2023-08-01
CUS_0x4a74,CUS_0x4a74_2023_02_01,0,2023-08-01
CUS_0x4a97,CUS_0x4a97_2023_02_01,0,2023-08-01
CUS_0x4adc,CUS_0x4adc_2023_02_01,1,2023-08-01
CUS_0x4b19,CUS_0x4b19_2023_02_01,0,2023-08-01
CUS_0x4b5e,CUS_0x4b5e_2023_02_01,1,2023-08-01
CUS_0x4b67,CUS_0x4b67_2023_02_01,1,2023-08-01
CUS_0x4b7f,CUS_0x4b7f_2023_02_01,0,2023-08-01
CUS_0x4be5,CUS_0x4be5_2023_02_01,0,2023-08-01
CUS_0x4bf4,CUS_0x4bf4_2023_02_01,0,2023-08-01
CUS_0x4c5,CUS_0x4c5_2023_02_01,0,2023-08-01
CUS_0x4c75,CUS_0x4c75_2023_02_01,0,2023-08-01
CUS_0x4c8c,CUS_0x4c8c_2023_02_01,1,2023-08-01
CUS_0x4c8d,CUS_0x4c8d_2023_02_01,0,2023-08-01
CUS_0x4d35,CUS_0x4d35_2023_02_01,0,2023-08-01
CUS_0x4d92,CUS_0x4d92_2023_02_01,0,2023-08-01
CUS_0x4db7,CUS_0x4db7_2023_02_01,1,2023-08-01
CUS_0x4de9,CUS_0x4de9_2023_02_01,0,2023-08-01
CUS_0x4eae,CUS_0x4eae_2023_02_01,0,2023-08-01
CUS_0x4ebf,CUS_0x4ebf_2023_02_01,1,2023-08-01
CUS_0x4ee9,CUS_0x4ee9_2023_02_01,0,2023-08-01
CUS_0x4f13,CUS_0x4f13_2023_02_01,0,2023-08-01
CUS_0x4ff5,CUS_0x4ff5_2023_02_01,0,2023-08-01
CUS_0x50ab,CUS_0x50ab_2023_02_01,1,2023-08-01
CUS_0x5235,CUS_0x5235_2023_02_01,1,2023-08-01
CUS_0x5247,CUS_0x5247_2023_02_01,0,2023-08-01
CUS_0x5268,CUS_0x5268_2023_02_01,0,2023-08-01
CUS_0x532d,CUS_0x532d_2023_02_01,0,2023-08-01
CUS_0x53e0,CUS_0x53e0_2023_02_01,0,2023-08-01
CUS_0x5417,CUS_0x5417_2023_02_01,0,2023-08-01
CUS_0x5470,CUS_0x5470_2023_02_01,0,2023-08-01
CUS_0x550b,CUS_0x550b_2023_02_01,1,2023-08-01
CUS_0x560e,CUS_0x560e_2023_02_01,0,2023-08-01
CUS_0x56ab,CUS_0x56ab_2023_02_01,0,2023-08-01
CUS_0x5975,CUS_0x5975_2023_02_01,0,2023-08-01
CUS_0x59eb,CUS_0x59eb_2023_02_01,1,2023-08-01
CUS_0x5a4d,CUS_0x5a4d_2023_02_01,0,2023-08-01
CUS_0x5a7d,CUS_0x5a7d_2023_02_01,0,2023-08-01
CUS_0x5af2,CUS_0x5af2_2023_02_01,0,2023-08-01
CUS_0x5b62,CUS_0x5b62_2023_02_01,0,2023-08-01
CUS_0x5c6d,CUS_0x5c6d_2023_02_01,0,2023-08-01
CUS_0x5cb9,CUS_0x5cb9_2023_02_01,0,2023-08-01
CUS_0x5cc6,CUS_0x5cc6_2023_02_01,0,2023-08-01
CUS_0x5cc8,CUS_0x5cc8_2023_02_01,0,2023-08-01
CUS_0x5d4c,CUS_0x5d4c_2023_02_01,0,2023-08-01
CUS_0x5d7c,CUS_0x5d7c_2023_02_01,0,2023-08-01
CUS_0x5dd0,CUS_0x5dd0_2023_02_01,0,2023-08-01
CUS_0x5e18,CUS_0x5e18_2023_02_01,0,2023-08-01
CUS_0x5ec,CUS_0x5ec_2023_02_01,1,2023-08-01
CUS_0x5edf,CUS_0x5edf_2023_02_01,0,2023-08-01
CUS_0x5eef,CUS_0x5eef_2023_02_01,0,2023-08-01
CUS_0x5ef2,CUS_0x5ef2_2023_02_01,0,2023-08-01
CUS_0x5f8b,CUS_0x5f8b_2023_02_01,1,2023-08-01
CUS_0x5fc,CUS_0x5fc_2023_02_01,0,2023-08-01
CUS_0x6069,CUS_0x6069_2023_02_01,0,2023-08-01
CUS_0x60f5,CUS_0x60f5_2023_02_01,0,2023-08-01
CUS_0x610d,CUS_0x610d_2023_02_01,0,2023-08-01
CUS_0x6116,CUS_0x6116_2023_02_01,0,2023-08-01
CUS_0x61a6,CUS_0x61a6_2023_02_01,0,2023-08-01
CUS_0x6203,CUS_0x6203_2023_02_01,0,2023-08-01
CUS_0x6235,CUS_0x6235_2023_02_01,1,2023-08-01
CUS_0x6276,CUS_0x6276_2023_02_01,0,2023-08-01
CUS_0x627f,CUS_0x627f_2023_02_01,1,2023-08-01
CUS_0x62d1,CUS_0x62d1_2023_02_01,0,2023-08-01
CUS_0x632f,CUS_0x632f_2023_02_01,0,2023-08-01
CUS_0x6398,CUS_0x6398_2023_02_01,1,2023-08-01
CUS_0x63ac,CUS_0x63ac_2023_02_01,0,2023-08-01
CUS_0x63d4,CUS_0x63d4_2023_02_01,0,2023-08-01
CUS_0x644f,CUS_0x644f_2023_02_01,0,2023-08-01
CUS_0x6473,CUS_0x6473_2023_02_01,0,2023-08-01
CUS_0x64aa,CUS_0x64aa_2023_02_01,0,2023-08-01
CUS_0x64e5,CUS_0x64e5_2023_02_01,0,2023-08-01
CUS_0x6563,CUS_0x6563_2023_02_01,1,2023-08-01
CUS_0x65aa,CUS_0x65aa_2023_02_01,0,2023-08-01
CUS_0x6620,CUS_0x6620_2023_02_01,1,2023-08-01
CUS_0x663d,CUS_0x663d_2023_02_01,1,2023-08-01
CUS_0x6743,CUS_0x6743_2023_02_01,1,2023-08-01
CUS_0x67cb,CUS_0x67cb_2023_02_01,0,2023-08-01
CUS_0x687c,CUS_0x687c_2023_02_01,0,2023-08-01
CUS_0x69a8,CUS_0x69a8_2023_02_01,0,2023-08-01
CUS_0x6a4b,CUS_0x6a4b_2023_02_01,0,2023-08-01
CUS_0x6a50,CUS_0x6a50_2023_02_01,0,2023-08-01
CUS_0x6a9,CUS_0x6a9_2023_02_01,0,2023-08-01
CUS_0x6a95,CUS_0x6a95_2023_02_01,0,2023-08-01
CUS_0x6b04,CUS_0x6b04_2023_02_01,1,2023-08-01
CUS_0x6b7,CUS_0x6b7_2023_02_01,0,2023-08-01
CUS_0x6b7c,CUS_0x6b7c_2023_02_01,1,2023-08-01
CUS_0x6b9,CUS_0x6b9_2023_02_01,0,2023-08-01
CUS_0x6bf5,CUS_0x6bf5_2023_02_01,0,2023-08-01
CUS_0x6c3b,CUS_0x6c3b_2023_02_01,0,2023-08-01
CUS_0x6c5d,CUS_0x6c5d_2023_02_01,0,2023-08-01
CUS_0x6c71,CUS_0x6c71_2023_02_01,1,2023-08-01
CUS_0x6c8f,CUS_0x6c8f_2023_02_01,0,2023-08-01
CUS_0x6cd1,CUS_0x6cd1_2023_02_01,1,2023-08-01
CUS_0x6cfa,CUS_0x6cfa_2023_02_01,0,2023-08-01
CUS_0x6d0e,CUS_0x6d0e_2023_02_01,0,2023-08-01
CUS_0x6dec,CUS_0x6dec_2023_02_01,0,2023-08-01
CUS_0x6e36,CUS_0x6e36_2023_02_01,0,2023-08-01
CUS_0x6ebb,CUS_0x6ebb_2023_02_01,0,2023-08-01
CUS_0x6ef,CUS_0x6ef_2023_02_01,0,2023-08-01
CUS_0x6fa,CUS_0x6fa_2023_02_01,0,2023-08-01
CUS_0x6ffa,CUS_0x6ffa_2023_02_01,0,2023-08-01
CUS_0x705d,CUS_0x705d_2023_02_01,0,2023-08-01
CUS_0x707a,CUS_0x707a_2023_02_01,0,2023-08-01
CUS_0x70d8,CUS_0x70d8_2023_02_01,0,2023-08-01
CUS_0x70f7,CUS_0x70f7_2023_02_01,0,2023-08-01
CUS_0x7152,CUS_0x7152_2023_02_01,0,2023-08-01
CUS_0x71d2,CUS_0x71d2_2023_02_01,0,2023-08-01
CUS_0x71de,CUS_0x71de_2023_02_01,0,2023-08-01
CUS_0x7251,CUS_0x7251_2023_02_01,0,2023-08-01
CUS_0x7281,CUS_0x7281_2023_02_01,1,2023-08-01
CUS_0x72a7,CUS_0x72a7_2023_02_01,0,2023-08-01
CUS_0x72b2,CUS_0x72b2_2023_02_01,0,2023-08-01
CUS_0x732b,CUS_0x732b_2023_02_01,0,2023-08-01
CUS_0x739,CUS_0x739_2023_02_01,0,2023-08-01
CUS_0x73c0,CUS_0x73c0_2023_02_01,1,2023-08-01
CUS_0x73fb,CUS_0x73fb_2023_02_01,0,2023-08-01
CUS_0x7405,CUS_0x7405_2023_02_01,0,2023-08-01
CUS_0x7430,CUS_0x7430_2023_02_01,0,2023-08-01
CUS_0x746c,CUS_0x746c_2023_02_01,1,2023-08-01
CUS_0x7486,CUS_0x7486_2023_02_01,1,2023-08-01
CUS_0x74d2,CUS_0x74d2_2023_02_01,1,2023-08-01
CUS_0x7542,CUS_0x7542_2023_02_01,0,2023-08-01
CUS_0x756d,CUS_0x756d_2023_02_01,0,2023-08-01
CUS_0x75ca,CUS_0x75ca_2023_02_01,0,2023-08-01
CUS_0x7659,CUS_0x7659_2023_02_01,0,2023-08-01
CUS_0x7698,CUS_0x7698_2023_02_01,1,2023-08-01
CUS_0x7806,CUS_0x7806_2023_02_01,0,2023-08-01
CUS_0x7874,CUS_0x7874_2023_02_01,1,2023-08-01
CUS_0x792b,CUS_0x792b_2023_02_01,0,2023-08-01
CUS_0x7977,CUS_0x7977_2023_02_01,0,2023-08-01
CUS_0x79dd,CUS_0x79dd_2023_02_01,0,2023-08-01
CUS_0x7a1f,CUS_0x7a1f_2023_02_01,1,2023-08-01
CUS_0x7a6f,CUS_0x7a6f_2023_02_01,1,2023-08-01
CUS_0x7b58,CUS_0x7b58_2023_02_01,0,2023-08-01
CUS_0x7b97,CUS_0x7b97_2023_02_01,1,2023-08-01
CUS_0x7bb3,CUS_0x7bb3_2023_02_01,0,2023-08-01
CUS_0x7be5,CUS_0x7be5_2023_02_01,0,2023-08-01
CUS_0x7bf2,CUS_0x7bf2_2023_02_01,0,2023-08-01
CUS_0x7c60,CUS_0x7c60_2023_02_01,0,2023-08-01
CUS_0x7d17,CUS_0x7d17_2023_02_01,0,2023-08-01
CUS_0x7d6,CUS_0x7d6_2023_02_01,0,2023-08-01
CUS_0x7e0e,CUS_0x7e0e_2023_02_01,0,2023-08-01
CUS_0x7e28,CUS_0x7e28_2023_02_01,0,2023-08-01
CUS_0x7e8a,CUS_0x7e8a_2023_02_01,0,2023-08-01
CUS_0x7fd3,CUS_0x7fd3_2023_02_01,0,2023-08-01
CUS_0x7ff5,CUS_0x7ff5_2023_02_01,0,2023-08-01
CUS_0x8083,CUS_0x8083_2023_02_01,0,2023-08-01
CUS_0x80ca,CUS_0x80ca_2023_02_01,0,2023-08-01
CUS_0x8135,CUS_0x8135_2023_02_01,0,2023-08-01
CUS_0x81b8,CUS_0x81b8_2023_02_01,0,2023-08-01
CUS_0x8208,CUS_0x8208_2023_02_01,0,2023-08-01
CUS_0x8247,CUS_0x8247_2023_02_01,0,2023-08-01
CUS_0x825e,CUS_0x825e_2023_02_01,1,2023-08-01
CUS_0x8277,CUS_0x8277_2023_02_01,0,2023-08-01
CUS_0x82a1,CUS_0x82a1_2023_02_01,0,2023-08-01
CUS_0x82b6,CUS_0x82b6_2023_02_01,0,2023-08-01
CUS_0x83cc,CUS_0x83cc_2023_02_01,0,2023-08-01
CUS_0x8425,CUS_0x8425_2023_02_01,0,2023-08-01
CUS_0x8432,CUS_0x8432_2023_02_01,1,2023-08-01
CUS_0x8562,CUS_0x8562_2023_02_01,1,2023-08-01
CUS_0x85fa,CUS_0x85fa_2023_02_01,0,2023-08-01
CUS_0x87d8,CUS_0x87d8_2023_02_01,0,2023-08-01
CUS_0x88ca,CUS_0x88ca_2023_02_01,0,2023-08-01
CUS_0x893f,CUS_0x893f_2023_02_01,0,2023-08-01
CUS_0x894e,CUS_0x894e_2023_02_01,0,2023-08-01
CUS_0x8958,CUS_0x8958_2023_02_01,1,2023-08-01
CUS_0x896e,CUS_0x896e_2023_02_01,0,2023-08-01
CUS_0x898a,CUS_0x898a_2023_02_01,0,2023-08-01
CUS_0x89b4,CUS_0x89b4_2023_02_01,1,2023-08-01
CUS_0x8a40,CUS_0x8a40_2023_02_01,1,2023-08-01
CUS_0x8a48,CUS_0x8a48_2023_02_01,0,2023-08-01
CUS_0x8aa3,CUS_0x8aa3_2023_02_01,0,2023-08-01
CUS_0x8abb,CUS_0x8abb_2023_02_01,0,2023-08-01
CUS_0x8afa,CUS_0x8afa_2023_02_01,0,2023-08-01
CUS_0x8b25,CUS_0x8b25_2023_02_01,0,2023-08-01
CUS_0x8b66,CUS_0x8b66_2023_02_01,1,2023-08-01
CUS_0x8bcf,CUS_0x8bcf_2023_02_01,0,2023-08-01
CUS_0x8ca3,CUS_0x8ca3_2023_02_01,0,2023-08-01
CUS_0x8cd3,CUS_0x8cd3_2023_02_01,0,2023-08-01
CUS_0x8ce7,CUS_0x8ce7_2023_02_01,1,2023-08-01
CUS_0x8cf2,CUS_0x8cf2_2023_02_01,0,2023-08-01
CUS_0x8d7c,CUS_0x8d7c_2023_02_01,0,2023-08-01
CUS_0x8df6,CUS_0x8df6_2023_02_01,0,2023-08-01
CUS_0x8e72,CUS_0x8e72_2024_10_01,0,2025-04-01
CUS_0x8f05,CUS_0x8f05_2024_10_01,0,2025-04-01
CUS_0x8ff5,CUS_0x8ff5_2024_10_01,0,2025-04-01
CUS_0x9000,CUS_0x9000_2024_10_01,0,2025-04-01
CUS_0x9014,CUS_0x9014_2024_10_01,0,2025-04-01
CUS_0x9021,CUS_0x9021_2024_10_01,0,2025-04-01
CUS_0x9199,CUS_0x9199_2024_10_01,1,2025-04-01
CUS_0x91b,CUS_0x91b_2024_10_01,0,2025-04-01
CUS_0x924,CUS_0x924_2024_10_01,0,2025-04-01
CUS_0x92a3,CUS_0x92a3_2024_10_01,0,2025-04-01
CUS_0x92e3,CUS_0x92e3_2024_10_01,0,2025-04-01
CUS_0x937d,CUS_0x937d_2024_10_01,0,2025-04-01
CUS_0x9388,CUS_0x9388_2024_10_01,0,2025-04-01
CUS_0x93cd,CUS_0x93cd_2024_10_01,0,2025-04-01
CUS_0x94b,CUS_0x94b_2024_10_01,1,2025-04-01
CUS_0x9509,CUS_0x9509_2024_10_01,1,2025-04-01
CUS_0x9533,CUS_0x9533_2024_10_01,0,2025-04-01
CUS_0x953c,CUS_0x953c_2024_10_01,0,2025-04-01
CUS_0x959b,CUS_0x959b_2024_10_01,0,2025-04-01
CUS_0x95cf,CUS_0x95cf_2024_10_01,1,2025-04-01
CUS_0x95d,CUS_0x95d_2024_10_01,0,2025-04-01
CUS_0x95d4,CUS_0x95d4_2024_10_01,0,2025-04-01
CUS_0x9673,CUS_0x9673_2024_10_01,0,2025-04-01
CUS_0x96bc,CUS_0x96bc_2024_10_01,0,2025-04-01
CUS_0x972a,CUS_0x972a_2024_10_01,0,2025-04-01
CUS_0x9776,CUS_0x9776_2024_10_01,1,2025-04-01
CUS_0x979f,CUS_0x979f_2024_10_01,0,2025-04-01
CUS_0x9836,CUS_0x9836_2024_10_01,0,2025-04-01
CUS_0x98f9,CUS_0x98f9_2024_10_01,0,2025-04-01
CUS_0x992c,CUS_0x992c_2024_10_01,0,2025-04-01
CUS_0x9972,CUS_0x9972_2024_10_01,0,2025-04-01
CUS_0x997e,CUS_0x997e_2024_10_01,0,2025-04-01
CUS_0x99ae,CUS_0x99ae_2024_10_01,1,2025-04-01
CUS_0x99e5,CUS_0x99e5_2024_10_01,1,2025-04-01
CUS_0x9ae0,CUS_0x9ae0_2024_10_01,0,2025-04-01
CUS_0x9bd1,CUS_0x9bd1_2024_10_01,0,2025-04-01
CUS_0x9bd6,CUS_0x9bd6_2024_10_01,0,2025-04-01
CUS_0x9bf5,CUS_0x9bf5_2024_10_01,0,2025-04-01
CUS_0x9c0,CUS_0x9c0_2024_10_01,0,2025-04-01
CUS_0x9c7f,CUS_0x9c7f_2024_10_01,0,2025-04-01
CUS_0x9c96,CUS_0x9c96_2024_10_01,1,2025-04-01
CUS_0x9c98,CUS_0x9c98_2024_10_01,0,2025-04-01
CUS_0x9cec,CUS_0x9cec_2024_10_01,1,2025-04-01
CUS_0x9d23,CUS_0x9d23_2024_10_01,0,2025-04-01
CUS_0x9d3e,CUS_0x9d3e_2024_10_01,0,2025-04-01
CUS_0x9d4c,CUS_0x9d4c_2024_10_01,0,2025-04-01
CUS_0x9d7,CUS_0x9d7_2024_10_01,1,2025-04-01
CUS_0x9dd5,CUS_0x9dd5_2024_10_01,0,2025-04-01
CUS_0x9e28,CUS_0x9e28_2024_10_01,1,2025-04-01
CUS_0x9f1a,CUS_0x9f1a_2024_10_01,0,2025-04-01
CUS_0x9f63,CUS_0x9f63_2024_10_01,1,2025-04-01
CUS_0xa00a,CUS_0xa00a_2024_10_01,0,2025-04-01
CUS_0xa1c3,CUS_0xa1c3_2024_10_01,0,2025-04-01
CUS_0xa23d,CUS_0xa23d_2024_10_01,0,2025-04-01
CUS_0xa2a8,CUS_0xa2a8_2024_10_01,1,2025-04-01
CUS_0xa2cd,CUS_0xa2cd_2024_10_01,0,2025-04-01
CUS_0xa37f,CUS_0xa37f_2024_10_01,0,2025-04-01
CUS_0xa387,CUS_0xa387_2024_10_01,0,2025-04-01
CUS_0xa414,CUS_0xa414_2024_10_01,0,2025-04-01
CUS_0xa548,CUS_0xa548_2024_10_01,1,2025-04-01
CUS_0xa54e,CUS_0xa54e_2024_10_01,0,2025-04-01
CUS_0xa5b4,CUS_0xa5b4_2024_10_01,0,2025-04-01
CUS_0xa651,CUS_0xa651_2024_10_01,1,2025-04-01
CUS_0xa677,CUS_0xa677_2024_10_01,0,2025-04-01
CUS_0xa74e,CUS_0xa74e_2024_10_01,0,2025-04-01
CUS_0xa756,CUS_0xa756_2024_10_01,0,2025-04-01
CUS_0xa789,CUS_0xa789_2024_10_01,1,2025-04-01
CUS_0xa7b8,CUS_0xa7b8_2024_10_01,0,2025-04-01
CUS_0xa849,CUS_0xa849_2024_10_01,0,2025-04-01
CUS_0xa862,CUS_0xa862_2024_10_01,1,2025-04-01
CUS_0xa90a,CUS_0xa90a_2024_10_01,0,2025-04-01
CUS_0xaa0b,CUS_0xaa0b_2024_10_01,0,2025-04-01
CUS_0xaa27,CUS_0xaa27_2024_10_01,0,2025-04-01
CUS_0xaa66,CUS_0xaa66_2024_10_01,0,2025-04-01
CUS_0xab2b,CUS_0xab2b_2024_10_01,1,2025-04-01
CUS_0xab65,CUS_0xab65_2024_10_01,0,2025-04-01
CUS_0xac23,CUS_0xac23_2024_10_01,1,2025-04-01
CUS_0xad1f,CUS_0xad1f_2024_10_01,1,2025-04-01
CUS_0xadbe,CUS_0xadbe_2024_10_01,0,2025-04-01
CUS_0xadf2,CUS_0xadf2_2024_10_01,0,2025-04-01
CUS_0xaee3,CUS_0xaee3_2024_10_01,0,2025-04-01
CUS_0xaf47,CUS_0xaf47_2024_10_01,0,2025-04-01
CUS_0xaf78,CUS_0xaf78_2024_10_01,1,2025-04-01
CUS_0xb019,CUS_0xb019_2024_10_01,0,2025-04-01
CUS_0xb033,CUS_0xb033_2024_10_01,0,2025-04-01
CUS_0xb0b7,CUS_0xb0b7_2024_10_01,0,2025-04-01
CUS_0xb0c9,CUS_0xb0c9_2024_10_01,1,2025-04-01
CUS_0xb0f6,CUS_0xb0f6_2024_10_01,0,2025-04-01
CUS_0xb209,CUS_0xb209_2024_10_01,0,2025-04-01
CUS_0xb32e,CUS_0xb32e_2024_10_01,1,2025-04-01
CUS_0xb3e,CUS_0xb3e_2024_10_01,1,2025-04-01
CUS_0xb453,CUS_0xb453_2024_10_01,0,2025-04-01
CUS_0xb50f,CUS_0xb50f_2024_10_01,0,2025-04-01
CUS_0xb515,CUS_0xb515_2024_10_01,1,2025-04-01
CUS_0xb5c3,CUS_0xb5c3_2024_10_01,0,2025-04-01
CUS_0xb5fd,CUS_0xb5fd_2024_10_01,0,2025-04-01
CUS_0xb653,CUS_0xb653_2024_10_01,1,2025-04-01
CUS_0xb6ae,CUS_0xb6ae_2024_10_01,0,2025-04-01
CUS_0xb741,CUS_0xb741_2024_10_01,0,2025-04-01
CUS_0xb7b3,CUS_0xb7b3_2024_10_01,1,2025-04-01
CUS_0xb8d5,CUS_0xb8d5_2024_10_01,0,2025-04-01
CUS_0xb907,CUS_0xb907_2024_10_01,0,2025-04-01
CUS_0xb913,CUS_0xb913_2024_10_01,1,2025-04-01
CUS_0xba8a,CUS_0xba8a_2024_10_01,0,2025-04-01
CUS_0xbb04,CUS_0xbb04_2024_10_01,1,2025-04-01
CUS_0xbb25,CUS_0xbb25_2024_10_01,0,2025-04-01
CUS_0xbb4a,CUS_0xbb4a_2024_10_01,0,2025-04-01
CUS_0xbba7,CUS_0xbba7_2024_10_01,0,2025-04-01
CUS_0xbc67,CUS_0xbc67_2024_10_01,0,2025-04-01
CUS_0xbcbe,CUS_0xbcbe_2024_10_01,0,2025-04-01
CUS_0xbded,CUS_0xbded_2024_10_01,0,2025-04-01
CUS_0xbf6b,CUS_0xbf6b_2024_10_01,0,2025-04-01
CUS_0xbf99,CUS_0xbf99_2024_10_01,0,2025-04-01
CUS_0xc03a,CUS_0xc03a_2024_10_01,0,2025-04-01
CUS_0xc064,CUS_0xc064_2024_10_01,0,2025-04-01
CUS_0xc1b6,CUS_0xc1b6_2024_10_01,0,2025-04-01
CUS_0xc3f1,CUS_0xc3f1_2024_10_01,0,2025-04-01
CUS_0xc4bd,CUS_0xc4bd_2024_10_01,0,2025-04-01
CUS_0xc566,CUS_0xc566_2024_10_01,0,2025-04-01
CUS_0xc60a,CUS_0xc60a_2024_10_01,0,2025-04-01
CUS_0xc629,CUS_0xc629_2024_10_01,0,2025-04-01
CUS_0xc70b,CUS_0xc70b_2024_10_01,1,2025-04-01
CUS_0xc718,CUS_0xc718_2024_10_01,0,2025-04-01
CUS_0xc723,CUS_0xc723_2024_10_01,0,2025-04-01
CUS_0xc734,CUS_0xc734_2024_10_01,0,2025-04-01
CUS_0xcc4,CUS_0xcc4_2024_10_01,0,2025-04-01
CUS_0xd07,CUS_0xd07_2024_10_01,0,2025-04-01
CUS_0xd29,CUS_0xd29_2024_10_01,0,2025-04-01
CUS_0xd50,CUS_0xd50_2024_10_01,0,2025-04-01
CUS_0xde4,CUS_0xde4_2024_10_01,0,2025-04-01
CUS_0xe16,CUS_0xe16_2024_10_01,0,2025-04-01
CUS_0xe7a,CUS_0xe7a_2024_10_01,1,2025-04-01
CUS_0xff6,CUS_0xff6_2024_10_01,0,2025-04-01
CUS_0x8e81,CUS_0x8e81_2023_02_01,1,2023-08-01
CUS_0x8e88,CUS_0x8e88_2023_02_01,0,2023-08-01
CUS_0x8e9b,CUS_0x8e9b_2023_02_01,0,2023-08-01
CUS_0x8eb0,CUS_0x8eb0_2023_02_01,0,2023-08-01
CUS_0x8ec8,CUS_0x8ec8_2023_02_01,1,2023-08-01
CUS_0x8f6b,CUS_0x8f6b_2023_02_01,0,2023-08-01
CUS_0x90d8,CUS_0x90d8_2023_02_01,0,2023-08-01
CUS_0x90e2,CUS_0x90e2_2023_02_01,0,2023-08-01
CUS_0x9177,CUS_0x9177_2023_02_01,0,2023-08-01
CUS_0x918c,CUS_0x918c_2023_02_01,0,2023-08-01
CUS_0x919,CUS_0x919_2023_02_01,0,2023-08-01
CUS_0x91e5,CUS_0x91e5_2023_02_01,0,2023-08-01
CUS_0x933f,CUS_0x933f_2023_02_01,0,2023-08-01
CUS_0x9368,CUS_0x9368_2023_02_01,0,2023-08-01
CUS_0x9443,CUS_0x9443_2023_02_01,1,2023-08-01
CUS_0x944f,CUS_0x944f_2023_02_01,0,2023-08-01
CUS_0x946e,CUS_0x946e_2023_02_01,1,2023-08-01
CUS_0x94ae,CUS_0x94ae_2023_02_01,0,2023-08-01
CUS_0x94d5,CUS_0x94d5_2023_02_01,0,2023-08-01
CUS_0x9647,CUS_0x9647_2023_02_01,1,2023-08-01
CUS_0x966e,CUS_0x966e_2023_02_01,1,2023-08-01
CUS_0x9686,CUS_0x9686_2023_02_01,0,2023-08-01
CUS_0x96b3,CUS_0x96b3_2023_02_01,1,2023-08-01
CUS_0x96d3,CUS_0x96d3_2023_02_01,0,2023-08-01
CUS_0x9762,CUS_0x9762_2023_02_01,1,2023-08-01
CUS_0x9764,CUS_0x9764_2023_02_01,1,2023-08-01
CUS_0x97b5,CUS_0x97b5_2023_02_01,0,2023-08-01
CUS_0x981a,CUS_0x981a_2023_02_01,0,2023-08-01
CUS_0x990,CUS_0x990_2023_02_01,1,2023-08-01
CUS_0x99cf,CUS_0x99cf_2023_02_01,0,2023-08-01
CUS_0x9a84,CUS_0x9a84_2023_02_01,0,2023-08-01
CUS_0x9b03,CUS_0x9b03_2023_02_01,1,2023-08-01
CUS_0x9b38,CUS_0x9b38_2023_02_01,0,2023-08-01
CUS_0x9c59,CUS_0x9c59_2023_02_01,1,2023-08-01
CUS_0x9ccf,CUS_0x9ccf_2023_02_01,0,2023-08-01
CUS_0x9d0b,CUS_0x9d0b_2023_02_01,0,2023-08-01
CUS_0x9dc5,CUS_0x9dc5_2023_02_01,0,2023-08-01
CUS_0x9dc6,CUS_0x9dc6_2023_02_01,0,2023-08-01
CUS_0x9dff,CUS_0x9dff_2023_02_01,1,2023-08-01
CUS_0x9e56,CUS_0x9e56_2023_02_01,0,2023-08-01
CUS_0x9e9b,CUS_0x9e9b_2023_02_01,0,2023-08-01
CUS_0x9ee5,CUS_0x9ee5_2023_02_01,1,2023-08-01
CUS_0x9f23,CUS_0x9f23_2023_02_01,0,2023-08-01
CUS_0x9f59,CUS_0x9f59_2023_02_01,0,2023-08-01
CUS_0x9fcf,CUS_0x9fcf_2023_02_01,1,2023-08-01
CUS_0xa094,CUS_0xa094_2023_02_01,1,2023-08-01
CUS_0xa09c,CUS_0xa09c_2023_02_01,0,2023-08-01
CUS_0xa0b8,CUS_0xa0b8_2023_02_01,1,2023-08-01
CUS_0xa0c3,CUS_0xa0c3_2023_02_01,0,2023-08-01
CUS_0xa127,CUS_0xa127_2023_02_01,1,2023-08-01
CUS_0xa133,CUS_0xa133_2023_02_01,0,2023-08-01
CUS_0xa138,CUS_0xa138_2023_02_01,1,2023-08-01
CUS_0xa1d9,CUS_0xa1d9_2023_02_01,1,2023-08-01
CUS_0xa230,CUS_0xa230_2023_02_01,0,2023-08-01
CUS_0xa260,CUS_0xa260_2023_02_01,0,2023-08-01
CUS_0xa27e,CUS_0xa27e_2023_02_01,0,2023-08-01
CUS_0xa2af,CUS_0xa2af_2023_02_01,1,2023-08-01
CUS_0xa384,CUS_0xa384_2023_02_01,0,2023-08-01
CUS_0xa41e,CUS_0xa41e_2023_02_01,1,2023-08-01
CUS_0xa455,CUS_0xa455_2023_02_01,0,2023-08-01
CUS_0xa4e7,CUS_0xa4e7_2023_02_01,0,2023-08-01
CUS_0xa540,CUS_0xa540_2023_02_01,1,2023-08-01
CUS_0xa574,CUS_0xa574_2023_02_01,1,2023-08-01
CUS_0xa68a,CUS_0xa68a_2023_02_01,0,2023-08-01
CUS_0xa693,CUS_0xa693_2023_02_01,0,2023-08-01
CUS_0xa69e,CUS_0xa69e_2023_02_01,0,2023-08-01
CUS_0xa6a7,CUS_0xa6a7_2023_02_01,1,2023-08-01
CUS_0xa6c1,CUS_0xa6c1_2023_02_01,1,2023-08-01
CUS_0xa7e1,CUS_0xa7e1_2023_02_01,0,2023-08-01
CUS_0xa806,CUS_0xa806_2023_02_01,0,2023-08-01
CUS_0xa8b7,CUS_0xa8b7_2023_02_01,0,2023-08-01
CUS_0xa8ce,CUS_0xa8ce_2023_02_01,0,2023-08-01
CUS_0xa8e7,CUS_0xa8e7_2023_02_01,0,2023-08-01
CUS_0xa962,CUS_0xa962_2023_02_01,0,2023-08-01
CUS_0xa973,CUS_0xa973_2023_02_01,0,2023-08-01
CUS_0xa980,CUS_0xa980_2023_02_01,0,2023-08-01
CUS_0xa99c,CUS_0xa99c_2023_02_01,1,2023-08-01
CUS_0xa9d2,CUS_0xa9d2_2023_02_01,0,2023-08-01
CUS_0xaa3d,CUS_0xaa3d_2023_02_01,1,2023-08-01
CUS_0xaa56,CUS_0xaa56_2023_02_01,1,2023-08-01
CUS_0xaacd,CUS_0xaacd_2023_02_01,1,2023-08-01
CUS_0xab3b,CUS_0xab3b_2023_02_01,0,2023-08-01
CUS_0xabff,CUS_0xabff_2023_02_01,0,2023-08-01
CUS_0xac14,CUS_0xac14_2023_02_01,0,2023-08-01
CUS_0xac7e,CUS_0xac7e_2023_02_01,0,2023-08-01
CUS_0xad9d,CUS_0xad9d_2023_02_01,0,2023-08-01
CUS_0xadb7,CUS_0xadb7_2023_02_01,1,2023-08-01
CUS_0xae09,CUS_0xae09_2023_02_01,1,2023-08-01
CUS_0xae58,CUS_0xae58_2023_02_01,1,2023-08-01
CUS_0xaedb,CUS_0xaedb_2023_02_01,0,2023-08-01
CUS_0xaf67,CUS_0xaf67_2023_02_01,0,2023-08-01
CUS_0xaf75,CUS_0xaf75_2023_02_01,1,2023-08-01
CUS_0xafa8,CUS_0xafa8_2023_02_01,0,2023-08-01
CUS_0xafd1,CUS_0xafd1_2023_02_01,1,2023-08-01
CUS_0xb023,CUS_0xb023_2023_02_01,1,2023-08-01
CUS_0xb05a,CUS_0xb05a_2023_02_01,0,2023-08-01
CUS_0xb127,CUS_0xb127_2023_02_01,0,2023-08-01
CUS_0xb144,CUS_0xb144_2023_02_01,0,2023-08-01
CUS_0xb25e,CUS_0xb25e_2023_02_01,0,2023-08-01
CUS_0xb264,CUS_0xb264_2023_02_01,0,2023-08-01
CUS_0xb28a,CUS_0xb28a_2023_02_01,0,2023-08-01
CUS_0xb32c,CUS_0xb32c_2023_02_01,0,2023-08-01
CUS_0xb39,CUS_0xb39_2023_02_01,0,2023-08-01
CUS_0xb428,CUS_0xb428_2023_02_01,1,2023-08-01
CUS_0xb433,CUS_0xb433_2023_02_01,1,2023-08-01
CUS_0xb4bc,CUS_0xb4bc_2023_02_01,0,2023-08-01
CUS_0xb4c1,CUS_0xb4c1_2023_02_01,0,2023-08-01
CUS_0xb548,CUS_0xb548_2023_02_01,0,2023-08-01
CUS_0xb575,CUS_0xb575_2023_02_01,1,2023-08-01
CUS_0xb61a,CUS_0xb61a_2023_02_01,0,2023-08-01
CUS_0xb65f,CUS_0xb65f_2023_02_01,1,2023-08-01
CUS_0xb6b,CUS_0xb6b_2023_02_01,0,2023-08-01
CUS_0xb742,CUS_0xb742_2023_02_01,0,2023-08-01
CUS_0xb749,CUS_0xb749_2023_02_01,1,2023-08-01
CUS_0xb767,CUS_0xb767_2023_02_01,0,2023-08-01
CUS_0xb786,CUS_0xb786_2023_02_01,1,2023-08-01
CUS_0xb7df,CUS_0xb7df_2023_02_01,0,2023-08-01
CUS_0xb8e,CUS_0xb8e_2023_02_01,1,2023-08-01
CUS_0xb8f7,CUS_0xb8f7_2023_02_01,0,2023-08-01
CUS_0xb936,CUS_0xb936_2023_02_01,1,2023-08-01
CUS_0xba27,CUS_0xba27_2023_02_01,0,2023-08-01
CUS_0xba5f,CUS_0xba5f_2023_02_01,1,2023-08-01
CUS_0xba60,CUS_0xba60_2023_02_01,1,2023-08-01
CUS_0xbaf4,CUS_0xbaf4_2023_02_01,0,2023-08-01
CUS_0xbb37,CUS_0xbb37_2023_02_01,0,2023-08-01
CUS_0xbb95,CUS_0xbb95_2023_02_01,0,2023-08-01
CUS_0xbb9a,CUS_0xbb9a_2023_02_01,0,2023-08-01
CUS_0xbbd3,CUS_0xbbd3_2023_02_01,1,2023-08-01
CUS_0xbbf5,CUS_0xbbf5_2023_02_01,0,2023-08-01
CUS_0xbc1e,CUS_0xbc1e_2023_02_01,1,2023-08-01
CUS_0xbcc9,CUS_0xbcc9_2023_02_01,0,2023-08-01
CUS_0xbdd9,CUS_0xbdd9_2023_02_01,0,2023-08-01
CUS_0xbe12,CUS_0xbe12_2023_02_01,0,2023-08-01
CUS_0xbf23,CUS_0xbf23_2023_02_01,0,2023-08-01
CUS_0xbfd0,CUS_0xbfd0_2023_02_01,0,2023-08-01
CUS_0xbff1,CUS_0xbff1_2023_02_01,0,2023-08-01
CUS_0xc0a3,CUS_0xc0a3_2023_02_01,1,2023-08-01
CUS_0xc0c6,CUS_0xc0c6_2023_02_01,0,2023-08-01
CUS_0xc0d9,CUS_0xc0d9_2023_02_01,0,2023-08-01
CUS_0xc13,CUS_0xc13_2023_02_01,1,2023-08-01
CUS_0xc195,CUS_0xc195_2023_02_01,0,2023-08-01
CUS_0xc1e8,CUS_0xc1e8_2023_02_01,0,2023-08-01
CUS_0xc205,CUS_0xc205_2023_02_01,0,2023-08-01
CUS_0xc2e8,CUS_0xc2e8_2023_02_01,1,2023-08-01
CUS_0xc301,CUS_0xc301_2023_02_01,0,2023-08-01
CUS_0xc3d,CUS_0xc3d_2023_02_01,1,2023-08-01
CUS_0xc416,CUS_0xc416_2023_02_01,0,2023-08-01
CUS_0xc442,CUS_0xc442_2023_02_01,0,2023-08-01
CUS_0xc4bb,CUS_0xc4bb_2023_02_01,0,2023-08-01
CUS_0xc59d,CUS_0xc59d_2023_02_01,0,2023-08-01
CUS_0xc5b2,CUS_0xc5b2_2023_02_01,1,2023-08-01
CUS_0xc6e,CUS_0xc6e_2023_02_01,0,2023-08-01
CUS_0xc70d,CUS_0xc70d_2023_02_01,1,2023-08-01
CUS_0xc90,CUS_0xc90_2023_02_01,0,2023-08-01
CUS_0xcfc,CUS_0xcfc_2023_02_01,0,2023-08-01
CUS_0xd33,CUS_0xd33_2023_02_01,1,2023-08-01
CUS_0xd7c,CUS_0xd7c_2023_02_01,1,2023-08-01
CUS_0xdbf,CUS_0xdbf_2023_02_01,0,2023-08-01
CUS_0xdea,CUS_0xdea_2023_02_01,0,2023-08-01
CUS_0xec8,CUS_0xec8_2023_02_01,0,2023-08-01
CUS_0xfcc,CUS_0xfcc_2023_02_01,0,2023-08-01
CUS_0x107e,CUS_0x107e_2024_11_01,0,2025-05-01
CUS_0x10b3,CUS_0x10b3_2024_11_01,0,2025-05-01
CUS_0x10df,CUS_0x10df_2024_11_01,1,2025-05-01
CUS_0x10e7,CUS_0x10e7_2024_11_01,0,2025-05-01
CUS_0x1144,CUS_0x1144_2024_11_01,0,2025-05-01
CUS_0x1152,CUS_0x1152_2024_11_01,0,2025-05-01
CUS_0x11ae,CUS_0x11ae_2024_11_01,0,2025-05-01
CUS_0x1231,CUS_0x1231_2024_11_01,0,2025-05-01
CUS_0x126d,CUS_0x126d_2024_11_01,0,2025-05-01
CUS_0x127d,CUS_0x127d_2024_11_01,1,2025-05-01
CUS_0x1298,CUS_0x1298_2024_11_01,0,2025-05-01
CUS_0x12a4,CUS_0x12a4_2024_11_01,0,2025-05-01
CUS_0x138d,CUS_0x138d_2024_11_01,0,2025-05-01
CUS_0x13fb,CUS_0x13fb_2024_11_01,0,2025-05-01
CUS_0x1535,CUS_0x1535_2024_11_01,1,2025-05-01
CUS_0x1551,CUS_0x1551_2024_11_01,0,2025-05-01
CUS_0x158e,CUS_0x158e_2024_11_01,0,2025-05-01
CUS_0x15a9,CUS_0x15a9_2024_11_01,0,2025-05-01
CUS_0x174b,CUS_0x174b_2024_11_01,0,2025-05-01
CUS_0x178d,CUS_0x178d_2024_11_01,0,2025-05-01
CUS_0x1799,CUS_0x1799_2024_11_01,0,2025-05-01
CUS_0x1835,CUS_0x1835_2024_11_01,0,2025-05-01
CUS_0x1837,CUS_0x1837_2024_11_01,1,2025-05-01
CUS_0x1897,CUS_0x1897_2024_11_01,1,2025-05-01
CUS_0x1929,CUS_0x1929_2024_11_01,0,2025-05-01
CUS_0x199b,CUS_0x199b_2024_11_01,1,2025-05-01
CUS_0x1a7b,CUS_0x1a7b_2024_11_01,0,2025-05-01
CUS_0x1b1a,CUS_0x1b1a_2024_11_01,0,2025-05-01
CUS_0x1b7e,CUS_0x1b7e_2024_11_01,1,2025-05-01
CUS_0x1bac,CUS_0x1bac_2024_11_01,0,2025-05-01
CUS_0x1c34,CUS_0x1c34_2024_11_01,0,2025-05-01
CUS_0x1ce1,CUS_0x1ce1_2024_11_01,1,2025-05-01
CUS_0x1dd9,CUS_0x1dd9_2024_11_01,0,2025-05-01
CUS_0x1df1,CUS_0x1df1_2024_11_01,0,2025-05-01
CUS_0x1e45,CUS_0x1e45_2024_11_01,1,2025-05-01
CUS_0x1f2e,CUS_0x1f2e_2024_11_01,0,2025-05-01
CUS_0x1fcd,CUS_0x1fcd_2024_11_01,0,2025-05-01
CUS_0x2058,CUS_0x2058_2024_11_01,1,2025-05-01
CUS_0x205a,CUS_0x205a_2024_11_01,0,2025-05-01
CUS_0x20d0,CUS_0x20d0_2024_11_01,1,2025-05-01
CUS_0x20e0,CUS_0x20e0_2024_11_01,0,2025-05-01
CUS_0x217f,CUS_0x217f_2024_11_01,0,2025-05-01
CUS_0x21a3,CUS_0x21a3_2024_11_01,0,2025-05-01
CUS_0x223c,CUS_0x223c_2024_11_01,1,2025-05-01
CUS_0x228d,CUS_0x228d_2024_11_01,0,2025-05-01
CUS_0x22c4,CUS_0x22c4_2024_11_01,0,2025-05-01
CUS_0x232b,CUS_0x232b_2024_11_01,0,2025-05-01
CUS_0x2366,CUS_0x2366_2024_11_01,0,2025-05-01
CUS_0x23e9,CUS_0x23e9_2024_11_01,0,2025-05-01
CUS_0x245e,CUS_0x245e_2024_11_01,0,2025-05-01
CUS_0x2551,CUS_0x2551_2024_11_01,0,2025-05-01
CUS_0x2593,CUS_0x2593_2024_11_01,1,2025-05-01
CUS_0x25f5,CUS_0x25f5_2024_11_01,0,2025-05-01
CUS_0x2696,CUS_0x2696_2024_11_01,1,2025-05-01
CUS_0x26b1,CUS_0x26b1_2024_11_01,0,2025-05-01
CUS_0x2709,CUS_0x2709_2024_11_01,0,2025-05-01
CUS_0x27b9,CUS_0x27b9_2024_11_01,0,2025-05-01
CUS_0x2854,CUS_0x2854_2024_11_01,0,2025-05-01
CUS_0x2877,CUS_0x2877_2024_11_01,1,2025-05-01
CUS_0x28b3,CUS_0x28b3_2024_11_01,1,2025-05-01
CUS_0x28e1,CUS_0x28e1_2024_11_01,0,2025-05-01
CUS_0x29a3,CUS_0x29a3_2024_11_01,0,2025-05-01
CUS_0x29ae,CUS_0x29ae_2024_11_01,0,2025-05-01
CUS_0x2a5d,CUS_0x2a5d_2024_11_01,0,2025-05-01
CUS_0x2a67,CUS_0x2a67_2024_11_01,0,2025-05-01
CUS_0x2b54,CUS_0x2b54_2024_11_01,1,2025-05-01
CUS_0x2bb0,CUS_0x2bb0_2024_11_01,0,2025-05-01
CUS_0x2bb2,CUS_0x2bb2_2024_11_01,0,2025-05-01
CUS_0x2c74,CUS_0x2c74_2024_11_01,1,2025-05-01
CUS_0x2ce6,CUS_0x2ce6_2024_11_01,0,2025-05-01
CUS_0x2d16,CUS_0x2d16_2024_11_01,0,2025-05-01
CUS_0x2d94,CUS_0x2d94_2024_11_01,0,2025-05-01
CUS_0x2da2,CUS_0x2da2_2024_11_01,0,2025-05-01
CUS_0x2ddc,CUS_0x2ddc_2024_11_01,0,2025-05-01
CUS_0x2dec,CUS_0x2dec_2024_11_01,1,2025-05-01
CUS_0x2e0e,CUS_0x2e0e_2024_11_01,0,2025-05-01
CUS_0x2e31,CUS_0x2e31_2024_11_01,0,2025-05-01
CUS_0x2e53,CUS_0x2e53_2024_11_01,0,2025-05-01
CUS_0x2e98,CUS_0x2e98_2024_11_01,0,2025-05-01
CUS_0x2eb0,CUS_0x2eb0_2024_11_01,0,2025-05-01
CUS_0x2eb7,CUS_0x2eb7_2024_11_01,1,2025-05-01
CUS_0x2f53,CUS_0x2f53_2024_11_01,0,2025-05-01
CUS_0x2f9d,CUS_0x2f9d_2024_11_01,1,2025-05-01
CUS_0x30ab,CUS_0x30ab_2024_11_01,0,2025-05-01
CUS_0x30db,CUS_0x30db_2024_11_01,0,2025-05-01
CUS_0x3121,CUS_0x3121_2024_11_01,0,2025-05-01
CUS_0x32ac,CUS_0x32ac_2024_11_01,0,2025-05-01
CUS_0x32ad,CUS_0x32ad_2024_11_01,1,2025-05-01
CUS_0x345b,CUS_0x345b_2024_11_01,0,2025-05-01
CUS_0x34aa,CUS_0x34aa_2024_11_01,1,2025-05-01
CUS_0x351d,CUS_0x351d_2024_11_01,1,2025-05-01
CUS_0x3528,CUS_0x3528_2024_11_01,0,2025-05-01
CUS_0x352b,CUS_0x352b_2024_11_01,1,2025-05-01
CUS_0x3537,CUS_0x3537_2024_11_01,0,2025-05-01
CUS_0x35ba,CUS_0x35ba_2024_11_01,0,2025-05-01
CUS_0x373e,CUS_0x373e_2024_11_01,1,2025-05-01
CUS_0x379f,CUS_0x379f_2024_11_01,1,2025-05-01
CUS_0x37c4,CUS_0x37c4_2024_11_01,0,2025-05-01
CUS_0x37c9,CUS_0x37c9_2024_11_01,0,2025-05-01
CUS_0x383c,CUS_0x383c_2024_11_01,0,2025-05-01
CUS_0x386b,CUS_0x386b_2024_11_01,0,2025-05-01
CUS_0x38dc,CUS_0x38dc_2024_11_01,0,2025-05-01
CUS_0x38e3,CUS_0x38e3_2024_11_01,0,2025-05-01
CUS_0x38f3,CUS_0x38f3_2024_11_01,0,2025-05-01
CUS_0x3998,CUS_0x3998_2024_11_01,0,2025-05-01
CUS_0x39ae,CUS_0x39ae_2024_11_01,0,2025-05-01
CUS_0x3a50,CUS_0x3a50_2024_11_01,1,2025-05-01
CUS_0x3b06,CUS_0x3b06_2024_11_01,0,2025-05-01
CUS_0x3b21,CUS_0x3b21_2024_11_01,0,2025-05-01
CUS_0x3b4f,CUS_0x3b4f_2024_11_01,1,2025-05-01
CUS_0x3b88,CUS_0x3b88_2024_11_01,0,2025-05-01
CUS_0x3b9e,CUS_0x3b9e_2024_11_01,0,2025-05-01
CUS_0x3bb6,CUS_0x3bb6_2024_11_01,0,2025-05-01
CUS_0x3c8b,CUS_0x3c8b_2024_11_01,1,2025-05-01
CUS_0x3df4,CUS_0x3df4_2024_11_01,0,2025-05-01
CUS_0x3e2c,CUS_0x3e2c_2024_11_01,1,2025-05-01
CUS_0x3e35,CUS_0x3e35_2024_11_01,0,2025-05-01
CUS_0x3e5a,CUS_0x3e5a_2024_11_01,1,2025-05-01
CUS_0x3e76,CUS_0x3e76_2024_11_01,0,2025-05-01
CUS_0x3f31,CUS_0x3f31_2024_11_01,0,2025-05-01
CUS_0x3ff4,CUS_0x3ff4_2024_11_01,0,2025-05-01
CUS_0x4044,CUS_0x4044_2024_11_01,0,2025-05-01
CUS_0x40e8,CUS_0x40e8_2024_11_01,1,2025-05-01
CUS_0x40fa,CUS_0x40fa_2024_11_01,0,2025-05-01
CUS_0x412a,CUS_0x412a_2024_11_01,0,2025-05-01
CUS_0x415b,CUS_0x415b_2024_11_01,0,2025-05-01
CUS_0x4170,CUS_0x4170_2024_11_01,0,2025-05-01
CUS_0x41a1,CUS_0x41a1_2024_11_01,0,2025-05-01
CUS_0x41e7,CUS_0x41e7_2024_11_01,0,2025-05-01
CUS_0x4228,CUS_0x4228_2024_11_01,0,2025-05-01
CUS_0x4229,CUS_0x4229_2024_11_01,0,2025-05-01
CUS_0x4238,CUS_0x4238_2024_11_01,0,2025-05-01
CUS_0x4349,CUS_0x4349_2024_11_01,0,2025-05-01
CUS_0x438b,CUS_0x438b_2024_11_01,1,2025-05-01
CUS_0x4394,CUS_0x4394_2024_11_01,1,2025-05-01
CUS_0x43e9,CUS_0x43e9_2024_11_01,1,2025-05-01
CUS_0x444c,CUS_0x444c_2024_11_01,0,2025-05-01
CUS_0x4562,CUS_0x4562_2024_11_01,0,2025-05-01
CUS_0x4605,CUS_0x4605_2024_11_01,0,2025-05-01
CUS_0x4630,CUS_0x4630_2024_11_01,0,2025-05-01
CUS_0x46b1,CUS_0x46b1_2024_11_01,0,2025-05-01
CUS_0x479,CUS_0x479_2024_11_01,0,2025-05-01
CUS_0x4797,CUS_0x4797_2024_11_01,0,2025-05-01
CUS_0x47b,CUS_0x47b_2024_11_01,0,2025-05-01
CUS_0x489d,CUS_0x489d_2024_11_01,0,2025-05-01
CUS_0x48dd,CUS_0x48dd_2024_11_01,0,2025-05-01
CUS_0x4963,CUS_0x4963_2024_11_01,1,2025-05-01
CUS_0x49a1,CUS_0x49a1_2024_11_01,0,2025-05-01
CUS_0x4a6,CUS_0x4a6_2024_11_01,1,2025-05-01
CUS_0x4b8,CUS_0x4b8_2024_11_01,1,2025-05-01
CUS_0x4be,CUS_0x4be_2024_11_01,0,2025-05-01
CUS_0x4c09,CUS_0x4c09_2024_11_01,0,2025-05-01
CUS_0x4c77,CUS_0x4c77_2024_11_01,1,2025-05-01
CUS_0x4cef,CUS_0x4cef_2024_11_01,0,2025-05-01
CUS_0x4de0,CUS_0x4de0_2024_11_01,0,2025-05-01
CUS_0x4deb,CUS_0x4deb_2024_11_01,1,2025-05-01
CUS_0x4e4a,CUS_0x4e4a_2024_11_01,0,2025-05-01
CUS_0x4e7a,CUS_0x4e7a_2024_11_01,0,2025-05-01
CUS_0x4ed5,CUS_0x4ed5_2024_11_01,0,2025-05-01
CUS_0x4ee6,CUS_0x4ee6_2024_11_01,1,2025-05-01
CUS_0x4f2a,CUS_0x4f2a_2024_11_01,0,2025-05-01
CUS_0x4feb,CUS_0x4feb_2024_11_01,0,2025-05-01
CUS_0x504f,CUS_0x504f_2024_11_01,1,2025-05-01
CUS_0x5105,CUS_0x5105_2024_11_01,0,2025-05-01
CUS_0x51b,CUS_0x51b_2024_11_01,0,2025-05-01
CUS_0x5217,CUS_0x5217_2024_11_01,0,2025-05-01
CUS_0x523c,CUS_0x523c_2024_11_01,0,2025-05-01
CUS_0x523e,CUS_0x523e_2024_11_01,0,2025-05-01
CUS_0x52c8,CUS_0x52c8_2024_11_01,0,2025-05-01
CUS_0x52cf,CUS_0x52cf_2024_11_01,0,2025-05-01
CUS_0x52d3,CUS_0x52d3_2024_11_01,0,2025-05-01
CUS_0x5371,CUS_0x5371_2024_11_01,0,2025-05-01
CUS_0x5387,CUS_0x5387_2024_11_01,0,2025-05-01
CUS_0x53cb,CUS_0x53cb_2024_11_01,0,2025-05-01
CUS_0x542f,CUS_0x542f_2024_11_01,0,2025-05-01
CUS_0x5430,CUS_0x5430_2024_11_01,0,2025-05-01
CUS_0x548b,CUS_0x548b_2024_11_01,0,2025-05-01
CUS_0x54b7,CUS_0x54b7_2024_11_01,0,2025-05-01
CUS_0x5558,CUS_0x5558_2024_11_01,0,2025-05-01
CUS_0x55de,CUS_0x55de_2024_11_01,1,2025-05-01
CUS_0x5624,CUS_0x5624_2024_11_01,0,2025-05-01
CUS_0x566d,CUS_0x566d_2024_11_01,1,2025-05-01
CUS_0x5684,CUS_0x5684_2024_11_01,0,2025-05-01
CUS_0x56e7,CUS_0x56e7_2024_11_01,0,2025-05-01
CUS_0x5715,CUS_0x5715_2024_11_01,0,2025-05-01
CUS_0x58d6,CUS_0x58d6_2024_11_01,1,2025-05-01
CUS_0x58ec,CUS_0x58ec_2024_11_01,0,2025-05-01
CUS_0x58ed,CUS_0x58ed_2024_11_01,0,2025-05-01
CUS_0x592a,CUS_0x592a_2024_11_01,1,2025-05-01
CUS_0x5983,CUS_0x5983_2024_11_01,0,2025-05-01
CUS_0x59ba,CUS_0x59ba_2024_11_01,0,2025-05-01
CUS_0x59d,CUS_0x59d_2024_11_01,0,2025-05-01
CUS_0x5a1e,CUS_0x5a1e_2024_11_01,1,2025-05-01
CUS_0x5a26,CUS_0x5a26_2024_11_01,0,2025-05-01
CUS_0x5ac6,CUS_0x5ac6_2024_11_01,1,2025-05-01
CUS_0x5b02,CUS_0x5b02_2024_11_01,0,2025-05-01
CUS_0x5b2,CUS_0x5b2_2024_11_01,0,2025-05-01
CUS_0x5bad,CUS_0x5bad_2024_11_01,0,2025-05-01
CUS_0x5cd2,CUS_0x5cd2_2024_11_01,1,2025-05-01
CUS_0x5da2,CUS_0x5da2_2024_11_01,0,2025-05-01
CUS_0x5dec,CUS_0x5dec_2024_11_01,1,2025-05-01
CUS_0x5e3c,CUS_0x5e3c_2024_11_01,1,2025-05-01
CUS_0x5e59,CUS_0x5e59_2024_11_01,0,2025-05-01
CUS_0x5e6b,CUS_0x5e6b_2024_11_01,0,2025-05-01
CUS_0x5e7a,CUS_0x5e7a_2024_11_01,0,2025-05-01
CUS_0x5f66,CUS_0x5f66_2024_11_01,1,2025-05-01
CUS_0x6065,CUS_0x6065_2024_11_01,0,2025-05-01
CUS_0x61b7,CUS_0x61b7_2024_11_01,1,2025-05-01
CUS_0x61f5,CUS_0x61f5_2024_11_01,0,2025-05-01
CUS_0x6237,CUS_0x6237_2024_11_01,1,2025-05-01
CUS_0x6257,CUS_0x6257_2024_11_01,1,2025-05-01
CUS_0x6263,CUS_0x6263_2024_11_01,1,2025-05-01
CUS_0x62d7,CUS_0x62d7_2024_11_01,0,2025-05-01
CUS_0x62f0,CUS_0x62f0_2024_11_01,0,2025-05-01
CUS_0x6312,CUS_0x6312_2024_11_01,0,2025-05-01
CUS_0x631e,CUS_0x631e_2024_11_01,1,2025-05-01
CUS_0x632e,CUS_0x632e_2024_11_01,0,2025-05-01
CUS_0x6333,CUS_0x6333_2024_11_01,1,2025-05-01
CUS_0x640f,CUS_0x640f_2024_11_01,0,2025-05-01
CUS_0x6449,CUS_0x6449_2024_11_01,0,2025-05-01
CUS_0x64b,CUS_0x64b_2024_11_01,0,2025-05-01
CUS_0x64b4,CUS_0x64b4_2024_11_01,0,2025-05-01
CUS_0x6534,CUS_0x6534_2024_11_01,0,2025-05-01
CUS_0x65eb,CUS_0x65eb_2024_11_01,0,2025-05-01
CUS_0x660c,CUS_0x660c_2024_11_01,0,2025-05-01
CUS_0x67f0,CUS_0x67f0_2024_11_01,1,2025-05-01
CUS_0x67fd,CUS_0x67fd_2024_11_01,0,2025-05-01
CUS_0x6870,CUS_0x6870_2024_11_01,1,2025-05-01
CUS_0x697,CUS_0x697_2024_11_01,0,2025-05-01
CUS_0x6980,CUS_0x6980_2024_11_01,1,2025-05-01
CUS_0x69a2,CUS_0x69a2_2024_11_01,0,2025-05-01
CUS_0x6a79,CUS_0x6a79_2024_11_01,0,2025-05-01
CUS_0x6acd,CUS_0x6acd_2024_11_01,1,2025-05-01
CUS_0x6b1c,CUS_0x6b1c_2024_11_01,1,2025-05-01
CUS_0x6b6e,CUS_0x6b6e_2024_11_01,1,2025-05-01
CUS_0x6c45,CUS_0x6c45_2024_11_01,1,2025-05-01
CUS_0x6cb9,CUS_0x6cb9_2024_11_01,0,2025-05-01
CUS_0x6d30,CUS_0x6d30_2024_11_01,0,2025-05-01
CUS_0x6d40,CUS_0x6d40_2024_11_01,0,2025-05-01
CUS_0x6dde,CUS_0x6dde_2024_11_01,0,2025-05-01
CUS_0x6df3,CUS_0x6df3_2024_11_01,0,2025-05-01
CUS_0x6e8d,CUS_0x6e8d_2024_11_01,0,2025-05-01
CUS_0x6ea0,CUS_0x6ea0_2024_11_01,0,2025-05-01
CUS_0x6ebe,CUS_0x6ebe_2024_11_01,0,2025-05-01
CUS_0x6ec7,CUS_0x6ec7_2024_11_01,0,2025-05-01
CUS_0x6eca,CUS_0x6eca_2024_11_01,1,2025-05-01
CUS_0x6f00,CUS_0x6f00_2024_11_01,0,2025-05-01
CUS_0x6f2,CUS_0x6f2_2024_11_01,0,2025-05-01
CUS_0x6f31,CUS_0x6f31_2024_11_01,0,2025-05-01
CUS_0x6fa1,CUS_0x6fa1_2024_11_01,0,2025-05-01
CUS_0x6fe2,CUS_0x6fe2_2024_11_01,1,2025-05-01
CUS_0x704,CUS_0x704_2024_11_01,0,2025-05-01
CUS_0x70a0,CUS_0x70a0_2024_11_01,1,2025-05-01
CUS_0x7136,CUS_0x7136_2024_11_01,1,2025-05-01
CUS_0x71b6,CUS_0x71b6_2024_11_01,0,2025-05-01
CUS_0x7210,CUS_0x7210_2024_11_01,0,2025-05-01
CUS_0x72b4,CUS_0x72b4_2024_11_01,1,2025-05-01
CUS_0x72f9,CUS_0x72f9_2024_11_01,0,2025-05-01
CUS_0x72fb,CUS_0x72fb_2024_11_01,0,2025-05-01
CUS_0x73e8,CUS_0x73e8_2024_11_01,0,2025-05-01
CUS_0x746e,CUS_0x746e_2024_11_01,0,2025-05-01
CUS_0x74b2,CUS_0x74b2_2024_11_01,0,2025-05-01
CUS_0x7504,CUS_0x7504_2024_11_01,0,2025-05-01
CUS_0x7545,CUS_0x7545_2024_11_01,0,2025-05-01
CUS_0x75a4,CUS_0x75a4_2024_11_01,0,2025-05-01
CUS_0x75c4,CUS_0x75c4_2024_11_01,1,2025-05-01
CUS_0x75ff,CUS_0x75ff_2024_11_01,1,2025-05-01
CUS_0x7666,CUS_0x7666_2024_11_01,1,2025-05-01
CUS_0x7740,CUS_0x7740_2024_11_01,0,2025-05-01
CUS_0x779,CUS_0x779_2024_11_01,0,2025-05-01
CUS_0x77b3,CUS_0x77b3_2024_11_01,0,2025-05-01
CUS_0x7840,CUS_0x7840_2024_11_01,0,2025-05-01
CUS_0x7871,CUS_0x7871_2024_11_01,0,2025-05-01
CUS_0x78f3,CUS_0x78f3_2024_11_01,0,2025-05-01
CUS_0x790a,CUS_0x790a_2024_11_01,0,2025-05-01
CUS_0x79ca,CUS_0x79ca_2024_11_01,0,2025-05-01
CUS_0x7a51,CUS_0x7a51_2024_11_01,0,2025-05-01
CUS_0x7b79,CUS_0x7b79_2024_11_01,0,2025-05-01
CUS_0x7b7a,CUS_0x7b7a_2024_11_01,0,2025-05-01
CUS_0x7be2,CUS_0x7be2_2024_11_01,0,2025-05-01
CUS_0x7cae,CUS_0x7cae_2024_11_01,0,2025-05-01
CUS_0x7cfa,CUS_0x7cfa_2024_11_01,1,2025-05-01
CUS_0x7d1f,CUS_0x7d1f_2024_11_01,0,2025-05-01
CUS_0x7da4,CUS_0x7da4_2024_11_01,1,2025-05-01
CUS_0x7e1a,CUS_0x7e1a_2024_11_01,0,2025-05-01
CUS_0x7e2a,CUS_0x7e2a_2024_11_01,1,2025-05-01
CUS_0x7edb,CUS_0x7edb_2024_11_01,0,2025-05-01
CUS_0x7f0b,CUS_0x7f0b_2024_11_01,1,2025-05-01
CUS_0x7f3c,CUS_0x7f3c_2024_11_01,1,2025-05-01
CUS_0x7fc8,CUS_0x7fc8_2024_11_01,0,2025-05-01
CUS_0x7ffd,CUS_0x7ffd_2024_11_01,1,2025-05-01
CUS_0x804,CUS_0x804_2024_11_01,0,2025-05-01
CUS_0x808d,CUS_0x808d_2024_11_01,0,2025-05-01
CUS_0x811f,CUS_0x811f_2024_11_01,0,2025-05-01
CUS_0x815c,CUS_0x815c_2024_11_01,0,2025-05-01
CUS_0x81ca,CUS_0x81ca_2024_11_01,0,2025-05-01
CUS_0x81e8,CUS_0x81e8_2024_11_01,0,2025-05-01
CUS_0x8204,CUS_0x8204_2024_11_01,0,2025-05-01
CUS_0x826e,CUS_0x826e_2024_11_01,1,2025-05-01
CUS_0x832f,CUS_0x832f_2024_11_01,0,2025-05-01
CUS_0x841e,CUS_0x841e_2024_11_01,0,2025-05-01
CUS_0x8443,CUS_0x8443_2024_11_01,0,2025-05-01
CUS_0x84bf,CUS_0x84bf_2024_11_01,0,2025-05-01
CUS_0x8517,CUS_0x8517_2024_11_01,1,2025-05-01
CUS_0x8519,CUS_0x8519_2024_11_01,0,2025-05-01
CUS_0x85a7,CUS_0x85a7_2024_11_01,1,2025-05-01
CUS_0x85ba,CUS_0x85ba_2024_11_01,0,2025-05-01
CUS_0x85da,CUS_0x85da_2024_11_01,1,2025-05-01
CUS_0x8669,CUS_0x8669_2024_11_01,0,2025-05-01
CUS_0x8688,CUS_0x8688_2024_11_01,0,2025-05-01
CUS_0x8698,CUS_0x8698_2024_11_01,0,2025-05-01
CUS_0x87a8,CUS_0x87a8_2024_11_01,1,2025-05-01
CUS_0x87b5,CUS_0x87b5_2024_11_01,0,2025-05-01
CUS_0x87c1,CUS_0x87c1_2024_11_01,0,2025-05-01
CUS_0x87ee,CUS_0x87ee_2024_11_01,0,2025-05-01
CUS_0x888e,CUS_0x888e_2024_11_01,0,2025-05-01
CUS_0x892d,CUS_0x892d_2024_11_01,0,2025-05-01
CUS_0x8964,CUS_0x8964_2024_11_01,1,2025-05-01
CUS_0x8998,CUS_0x8998_2024_11_01,0,2025-05-01
CUS_0x89a9,CUS_0x89a9_2024_11_01,0,2025-05-01
CUS_0x89b2,CUS_0x89b2_2024_11_01,0,2025-05-01
CUS_0x89d0,CUS_0x89d0_2024_11_01,1,2025-05-01
CUS_0x8a38,CUS_0x8a38_2024_11_01,0,2025-05-01
CUS_0x8aff,CUS_0x8aff_2024_11_01,0,2025-05-01
CUS_0x8c6f,CUS_0x8c6f_2024_11_01,0,2025-05-01
CUS_0x8caf,CUS_0x8caf_2024_11_01,1,2025-05-01
CUS_0x8cdb,CUS_0x8cdb_2024_11_01,0,2025-05-01
CUS_0x8d9,CUS_0x8d9_2024_11_01,0,2025-05-01
CUS_0x8d95,CUS_0x8d95_2024_11_01,0,2025-05-01
CUS_0x8e00,CUS_0x8e00_2024_11_01,0,2025-05-01
CUS_0x1037,CUS_0x1037_2023_01_01,0,2023-07-01
CUS_0x1069,CUS_0x1069_2023_01_01,0,2023-07-01
CUS_0x114a,CUS_0x114a_2023_01_01,0,2023-07-01
CUS_0x1184,CUS_0x1184_2023_01_01,0,2023-07-01
CUS_0x1297,CUS_0x1297_2023_01_01,1,2023-07-01
CUS_0x12fb,CUS_0x12fb_2023_01_01,0,2023-07-01
CUS_0x1325,CUS_0x1325_2023_01_01,0,2023-07-01
CUS_0x1341,CUS_0x1341_2023_01_01,0,2023-07-01
CUS_0x1375,CUS_0x1375_2023_01_01,1,2023-07-01
CUS_0x13a8,CUS_0x13a8_2023_01_01,0,2023-07-01
CUS_0x13ef,CUS_0x13ef_2023_01_01,0,2023-07-01
CUS_0x1440,CUS_0x1440_2023_01_01,0,2023-07-01
CUS_0x1443,CUS_0x1443_2023_01_01,0,2023-07-01
CUS_0x145a,CUS_0x145a_2023_01_01,0,2023-07-01
CUS_0x1492,CUS_0x1492_2023_01_01,0,2023-07-01
CUS_0x153d,CUS_0x153d_2023_01_01,0,2023-07-01
CUS_0x1567,CUS_0x1567_2023_01_01,0,2023-07-01
CUS_0x15ad,CUS_0x15ad_2023_01_01,1,2023-07-01
CUS_0x1630,CUS_0x1630_2023_01_01,1,2023-07-01
CUS_0x169c,CUS_0x169c_2023_01_01,0,2023-07-01
CUS_0x169d,CUS_0x169d_2023_01_01,0,2023-07-01
CUS_0x16f4,CUS_0x16f4_2023_01_01,0,2023-07-01
CUS_0x1733,CUS_0x1733_2023_01_01,1,2023-07-01
CUS_0x17c7,CUS_0x17c7_2023_01_01,0,2023-07-01
CUS_0x181e,CUS_0x181e_2023_01_01,0,2023-07-01
CUS_0x181f,CUS_0x181f_2023_01_01,1,2023-07-01
CUS_0x182b,CUS_0x182b_2023_01_01,0,2023-07-01
CUS_0x18c9,CUS_0x18c9_2023_01_01,1,2023-07-01
CUS_0x190e,CUS_0x190e_2023_01_01,0,2023-07-01
CUS_0x1920,CUS_0x1920_2023_01_01,0,2023-07-01
CUS_0x1960,CUS_0x1960_2023_01_01,0,2023-07-01
CUS_0x19ad,CUS_0x19ad_2023_01_01,0,2023-07-01
CUS_0x19d1,CUS_0x19d1_2023_01_01,1,2023-07-01
CUS_0x19e1,CUS_0x19e1_2023_01_01,0,2023-07-01
CUS_0x1a9c,CUS_0x1a9c_2023_01_01,0,2023-07-01
CUS_0x1ab3,CUS_0x1ab3_2023_01_01,0,2023-07-01
CUS_0x1b42,CUS_0x1b42_2023_01_01,0,2023-07-01
CUS_0x1b66,CUS_0x1b66_2023_01_01,0,2023-07-01
CUS_0x1bc4,CUS_0x1bc4_2023_01_01,0,2023-07-01
CUS_0x1c09,CUS_0x1c09_2023_01_01,0,2023-07-01
CUS_0x1c39,CUS_0x1c39_2023_01_01,0,2023-07-01
CUS_0x1c9c,CUS_0x1c9c_2023_01_01,1,2023-07-01
CUS_0x1dcf,CUS_0x1dcf_2023_01_01,1,2023-07-01
CUS_0x1ef5,CUS_0x1ef5_2023_01_01,0,2023-07-01
CUS_0x1ff5,CUS_0x1ff5_2023_01_01,0,2023-07-01
CUS_0x1ff7,CUS_0x1ff7_2023_01_01,0,2023-07-01
CUS_0x205c,CUS_0x205c_2023_01_01,0,2023-07-01
CUS_0x210f,CUS_0x210f_2023_01_01,0,2023-07-01
CUS_0x21dc,CUS_0x21dc_2023_01_01,0,2023-07-01
CUS_0x2274,CUS_0x2274_2023_01_01,0,2023-07-01
CUS_0x2297,CUS_0x2297_2023_01_01,0,2023-07-01
CUS_0x2375,CUS_0x2375_2023_01_01,0,2023-07-01
CUS_0x24a8,CUS_0x24a8_2023_01_01,0,2023-07-01
CUS_0x24c3,CUS_0x24c3_2023_01_01,0,2023-07-01
CUS_0x24e1,CUS_0x24e1_2023_01_01,0,2023-07-01
CUS_0x2513,CUS_0x2513_2023_01_01,0,2023-07-01
CUS_0x2552,CUS_0x2552_2023_01_01,0,2023-07-01
CUS_0x255d,CUS_0x255d_2023_01_01,0,2023-07-01
CUS_0x2598,CUS_0x2598_2023_01_01,0,2023-07-01
CUS_0x25cc,CUS_0x25cc_2023_01_01,0,2023-07-01
CUS_0x26da,CUS_0x26da_2023_01_01,0,2023-07-01
CUS_0x284a,CUS_0x284a_2023_01_01,0,2023-07-01
CUS_0x289e,CUS_0x289e_2023_01_01,0,2023-07-01
CUS_0x292d,CUS_0x292d_2023_01_01,0,2023-07-01
CUS_0x29b1,CUS_0x29b1_2023_01_01,1,2023-07-01
CUS_0x2a55,CUS_0x2a55_2023_01_01,1,2023-07-01
CUS_0x2a7d,CUS_0x2a7d_2023_01_01,0,2023-07-01
CUS_0x2abc,CUS_0x2abc_2023_01_01,0,2023-07-01
CUS_0x2ad2,CUS_0x2ad2_2023_01_01,0,2023-07-01
CUS_0x2b2d,CUS_0x2b2d_2023_01_01,1,2023-07-01
CUS_0x2b83,CUS_0x2b83_2023_01_01,0,2023-07-01
CUS_0x2baf,CUS_0x2baf_2023_01_01,1,2023-07-01
CUS_0x2bf6,CUS_0x2bf6_2023_01_01,0,2023-07-01
CUS_0x2bfa,CUS_0x2bfa_2023_01_01,0,2023-07-01
CUS_0x2cae,CUS_0x2cae_2023_01_01,0,2023-07-01
CUS_0x2ccc,CUS_0x2ccc_2023_01_01,0,2023-07-01
CUS_0x2de0,CUS_0x2de0_2023_01_01,1,2023-07-01
CUS_0x2e06,CUS_0x2e06_2023_01_01,0,2023-07-01
CUS_0x2e20,CUS_0x2e20_2023_01_01,0,2023-07-01
CUS_0x2ea8,CUS_0x2ea8_2023_01_01,0,2023-07-01
CUS_0x2f1d,CUS_0x2f1d_2023_01_01,0,2023-07-01
CUS_0x2fab,CUS_0x2fab_2023_01_01,0,2023-07-01
CUS_0x2fd6,CUS_0x2fd6_2023_01_01,0,2023-07-01
CUS_0x30f8,CUS_0x30f8_2023_01_01,0,2023-07-01
CUS_0x31e9,CUS_0x31e9_2023_01_01,1,2023-07-01
CUS_0x321f,CUS_0x321f_2023_01_01,0,2023-07-01
CUS_0x3231,CUS_0x3231_2023_01_01,0,2023-07-01
CUS_0x325f,CUS_0x325f_2023_01_01,0,2023-07-01
CUS_0x3274,CUS_0x3274_2023_01_01,0,2023-07-01
CUS_0x328b,CUS_0x328b_2023_01_01,0,2023-07-01
CUS_0x3379,CUS_0x3379_2023_01_01,1,2023-07-01
CUS_0x3433,CUS_0x3433_2023_01_01,0,2023-07-01
CUS_0x344e,CUS_0x344e_2023_01_01,0,2023-07-01
CUS_0x3490,CUS_0x3490_2023_01_01,0,2023-07-01
CUS_0x34fa,CUS_0x34fa_2023_01_01,1,2023-07-01
CUS_0x3539,CUS_0x3539_2023_01_01,0,2023-07-01
CUS_0x354b,CUS_0x354b_2023_01_01,0,2023-07-01
CUS_0x355f,CUS_0x355f_2023_01_01,0,2023-07-01
CUS_0x356c,CUS_0x356c_2023_01_01,1,2023-07-01
CUS_0x3643,CUS_0x3643_2023_01_01,0,2023-07-01
CUS_0x36b3,CUS_0x36b3_2023_01_01,0,2023-07-01
CUS_0x36f7,CUS_0x36f7_2023_01_01,1,2023-07-01
CUS_0x3733,CUS_0x3733_2023_01_01,0,2023-07-01
CUS_0x37a1,CUS_0x37a1_2023_01_01,0,2023-07-01
CUS_0x37b2,CUS_0x37b2_2023_01_01,0,2023-07-01
CUS_0x383d,CUS_0x383d_2023_01_01,0,2023-07-01
CUS_0x3873,CUS_0x3873_2023_01_01,0,2023-07-01
CUS_0x3906,CUS_0x3906_2023_01_01,0,2023-07-01
CUS_0x3928,CUS_0x3928_2023_01_01,1,2023-07-01
CUS_0x397b,CUS_0x397b_2023_01_01,0,2023-07-01
CUS_0x3a03,CUS_0x3a03_2023_01_01,0,2023-07-01
CUS_0x3a3d,CUS_0x3a3d_2023_01_01,0,2023-07-01
CUS_0x3a69,CUS_0x3a69_2023_01_01,1,2023-07-01
CUS_0x3a82,CUS_0x3a82_2023_01_01,0,2023-07-01
CUS_0x3acc,CUS_0x3acc_2023_01_01,0,2023-07-01
CUS_0x3adc,CUS_0x3adc_2023_01_01,1,2023-07-01
CUS_0x3af5,CUS_0x3af5_2023_01_01,0,2023-07-01
CUS_0x3b10,CUS_0x3b10_2023_01_01,0,2023-07-01
CUS_0x3b22,CUS_0x3b22_2023_01_01,0,2023-07-01
CUS_0x3b2a,CUS_0x3b2a_2023_01_01,0,2023-07-01
CUS_0x3b6e,CUS_0x3b6e_2023_01_01,1,2023-07-01
CUS_0x3bc3,CUS_0x3bc3_2023_01_01,0,2023-07-01
CUS_0x3bc6,CUS_0x3bc6_2023_01_01,1,2023-07-01
CUS_0x3bd0,CUS_0x3bd0_2023_01_01,1,2023-07-01
CUS_0x3bde,CUS_0x3bde_2023_01_01,0,2023-07-01
CUS_0x3bf5,CUS_0x3bf5_2023_01_01,0,2023-07-01
CUS_0x3ccd,CUS_0x3ccd_2023_01_01,0,2023-07-01
CUS_0x3cea,CUS_0x3cea_2023_01_01,0,2023-07-01
CUS_0x3cfc,CUS_0x3cfc_2023_01_01,1,2023-07-01
CUS_0x3d6c,CUS_0x3d6c_2023_01_01,0,2023-07-01
CUS_0x3e2d,CUS_0x3e2d_2023_01_01,1,2023-07-01
CUS_0x3e54,CUS_0x3e54_2023_01_01,0,2023-07-01
CUS_0x3e6d,CUS_0x3e6d_2023_01_01,0,2023-07-01
CUS_0x3e73,CUS_0x3e73_2023_01_01,0,2023-07-01
CUS_0x3e9c,CUS_0x3e9c_2023_01_01,0,2023-07-01
CUS_0x3ee7,CUS_0x3ee7_2023_01_01,0,2023-07-01
CUS_0x3f63,CUS_0x3f63_2023_01_01,0,2023-07-01
CUS_0x3fc3,CUS_0x3fc3_2023_01_01,0,2023-07-01
CUS_0x3fd9,CUS_0x3fd9_2023_01_01,0,2023-07-01
CUS_0x401c,CUS_0x401c_2023_01_01,0,2023-07-01
CUS_0x4096,CUS_0x4096_2023_01_01,1,2023-07-01
CUS_0x40c5,CUS_0x40c5_2023_01_01,0,2023-07-01
CUS_0x40d0,CUS_0x40d0_2023_01_01,1,2023-07-01
CUS_0x4131,CUS_0x4131_2023_01_01,0,2023-07-01
CUS_0x416f,CUS_0x416f_2023_01_01,0,2023-07-01
CUS_0x41b7,CUS_0x41b7_2023_01_01,0,2023-07-01
CUS_0x41c,CUS_0x41c_2023_01_01,0,2023-07-01
CUS_0x41f2,CUS_0x41f2_2023_01_01,0,2023-07-01
CUS_0x424,CUS_0x424_2023_01_01,0,2023-07-01
CUS_0x4271,CUS_0x4271_2023_01_01,0,2023-07-01
CUS_0x42c6,CUS_0x42c6_2023_01_01,1,2023-07-01
CUS_0x4322,CUS_0x4322_2023_01_01,0,2023-07-01
CUS_0x4327,CUS_0x4327_2023_01_01,0,2023-07-01
CUS_0x4340,CUS_0x4340_2023_01_01,0,2023-07-01
CUS_0x436f,CUS_0x436f_2023_01_01,0,2023-07-01
CUS_0x438a,CUS_0x438a_2023_01_01,1,2023-07-01
CUS_0x4395,CUS_0x4395_2023_01_01,1,2023-07-01
CUS_0x43c5,CUS_0x43c5_2023_01_01,0,2023-07-01
CUS_0x43f8,CUS_0x43f8_2023_01_01,0,2023-07-01
CUS_0x4410,CUS_0x4410_2023_01_01,1,2023-07-01
CUS_0x4464,CUS_0x4464_2023_01_01,1,2023-07-01
CUS_0x4472,CUS_0x4472_2023_01_01,0,2023-07-01
CUS_0x44d5,CUS_0x44d5_2023_01_01,0,2023-07-01
CUS_0x44e0,CUS_0x44e0_2023_01_01,0,2023-07-01
CUS_0x4596,CUS_0x4596_2023_01_01,0,2023-07-01
CUS_0x4662,CUS_0x4662_2023_01_01,0,2023-07-01
CUS_0x4671,CUS_0x4671_2023_01_01,1,2023-07-01
CUS_0x4674,CUS_0x4674_2023_01_01,0,2023-07-01
CUS_0x4688,CUS_0x4688_2023_01_01,0,2023-07-01
CUS_0x472b,CUS_0x472b_2023_01_01,0,2023-07-01
CUS_0x474,CUS_0x474_2023_01_01,0,2023-07-01
CUS_0x47a5,CUS_0x47a5_2023_01_01,1,2023-07-01
CUS_0x47c0,CUS_0x47c0_2023_01_01,0,2023-07-01
CUS_0x480c,CUS_0x480c_2023_01_01,0,2023-07-01
CUS_0x4854,CUS_0x4854_2023_01_01,0,2023-07-01
CUS_0x4881,CUS_0x4881_2023_01_01,0,2023-07-01
CUS_0x48ae,CUS_0x48ae_2023_01_01,0,2023-07-01
CUS_0x4939,CUS_0x4939_2023_01_01,1,2023-07-01
CUS_0x4943,CUS_0x4943_2023_01_01,0,2023-07-01
CUS_0x4a0b,CUS_0x4a0b_2023_01_01,0,2023-07-01
CUS_0x4a24,CUS_0x4a24_2023_01_01,0,2023-07-01
CUS_0x4a3f,CUS_0x4a3f_2023_01_01,0,2023-07-01
CUS_0x4a43,CUS_0x4a43_2023_01_01,1,2023-07-01
CUS_0x4a94,CUS_0x4a94_2023_01_01,1,2023-07-01
CUS_0x4b40,CUS_0x4b40_2023_01_01,0,2023-07-01
CUS_0x4b64,CUS_0x4b64_2023_01_01,0,2023-07-01
CUS_0x4be2,CUS_0x4be2_2023_01_01,1,2023-07-01
CUS_0x4bfc,CUS_0x4bfc_2023_01_01,0,2023-07-01
CUS_0x4c29,CUS_0x4c29_2023_01_01,0,2023-07-01
CUS_0x4c71,CUS_0x4c71_2023_01_01,0,2023-07-01
CUS_0x4cdd,CUS_0x4cdd_2023_01_01,0,2023-07-01
CUS_0x4cf6,CUS_0x4cf6_2023_01_01,0,2023-07-01
CUS_0x4d05,CUS_0x4d05_2023_01_01,0,2023-07-01
CUS_0x4d41,CUS_0x4d41_2023_01_01,1,2023-07-01
CUS_0x4dc9,CUS_0x4dc9_2023_01_01,0,2023-07-01
CUS_0x4ddc,CUS_0x4ddc_2023_01_01,0,2023-07-01
CUS_0x4ddf,CUS_0x4ddf_2023_01_01,1,2023-07-01
CUS_0x50f7,CUS_0x50f7_2023_01_01,1,2023-07-01
CUS_0x5111,CUS_0x5111_2023_01_01,1,2023-07-01
CUS_0x5158,CUS_0x5158_2023_01_01,0,2023-07-01
CUS_0x51b3,CUS_0x51b3_2023_01_01,0,2023-07-01
CUS_0x51c9,CUS_0x51c9_2023_01_01,0,2023-07-01
CUS_0x51e,CUS_0x51e_2023_01_01,0,2023-07-01
CUS_0x51e7,CUS_0x51e7_2023_01_01,0,2023-07-01
CUS_0x5225,CUS_0x5225_2023_01_01,1,2023-07-01
CUS_0x522d,CUS_0x522d_2023_01_01,0,2023-07-01
CUS_0x527f,CUS_0x527f_2023_01_01,0,2023-07-01
CUS_0x52a5,CUS_0x52a5_2023_01_01,1,2023-07-01
CUS_0x52aa,CUS_0x52aa_2023_01_01,1,2023-07-01
CUS_0x537,CUS_0x537_2023_01_01,0,2023-07-01
CUS_0x53f4,CUS_0x53f4_2023_01_01,0,2023-07-01
CUS_0x540f,CUS_0x540f_2023_01_01,0,2023-07-01
CUS_0x541a,CUS_0x541a_2023_01_01,0,2023-07-01
CUS_0x54d4,CUS_0x54d4_2023_01_01,1,2023-07-01
CUS_0x5505,CUS_0x5505_2023_01_01,0,2023-07-01
CUS_0x5525,CUS_0x5525_2023_01_01,0,2023-07-01
CUS_0x553e,CUS_0x553e_2023_01_01,0,2023-07-01
CUS_0x55f0,CUS_0x55f0_2023_01_01,0,2023-07-01
CUS_0x565d,CUS_0x565d_2023_01_01,0,2023-07-01
CUS_0x56f1,CUS_0x56f1_2023_01_01,1,2023-07-01
CUS_0x5849,CUS_0x5849_2023_01_01,1,2023-07-01
CUS_0x5877,CUS_0x5877_2023_01_01,0,2023-07-01
CUS_0x58bf,CUS_0x58bf_2023_01_01,0,2023-07-01
CUS_0x5999,CUS_0x5999_2023_01_01,0,2023-07-01
CUS_0x59d0,CUS_0x59d0_2023_01_01,0,2023-07-01
CUS_0x5a3d,CUS_0x5a3d_2023_01_01,1,2023-07-01
CUS_0x5ae6,CUS_0x5ae6_2023_01_01,0,2023-07-01
CUS_0x5bce,CUS_0x5bce_2023_01_01,0,2023-07-01
CUS_0x5c9f,CUS_0x5c9f_2023_01_01,1,2023-07-01
CUS_0x5ebe,CUS_0x5ebe_2023_01_01,0,2023-07-01
CUS_0x5f02,CUS_0x5f02_2023_01_01,0,2023-07-01
CUS_0x5f10,CUS_0x5f10_2023_01_01,0,2023-07-01
CUS_0x5f30,CUS_0x5f30_2023_01_01,0,2023-07-01
CUS_0x5f55,CUS_0x5f55_2023_01_01,0,2023-07-01
CUS_0x5fe9,CUS_0x5fe9_2023_01_01,1,2023-07-01
CUS_0x6034,CUS_0x6034_2023_01_01,0,2023-07-01
CUS_0x6070,CUS_0x6070_2023_01_01,1,2023-07-01
CUS_0x6120,CUS_0x6120_2023_01_01,1,2023-07-01
CUS_0x61de,CUS_0x61de_2023_01_01,0,2023-07-01
CUS_0x627a,CUS_0x627a_2023_01_01,0,2023-07-01
CUS_0x635a,CUS_0x635a_2023_01_01,0,2023-07-01
CUS_0x636d,CUS_0x636d_2023_01_01,1,2023-07-01
CUS_0x63d,CUS_0x63d_2023_01_01,0,2023-07-01
CUS_0x63d8,CUS_0x63d8_2023_01_01,0,2023-07-01
CUS_0x6442,CUS_0x6442_2023_01_01,0,2023-07-01
CUS_0x64b8,CUS_0x64b8_2023_01_01,1,2023-07-01
CUS_0x6587,CUS_0x6587_2023_01_01,0,2023-07-01
CUS_0x658e,CUS_0x658e_2023_01_01,1,2023-07-01
CUS_0x65bf,CUS_0x65bf_2023_01_01,0,2023-07-01
CUS_0x6694,CUS_0x6694_2023_01_01,1,2023-07-01
CUS_0x6701,CUS_0x6701_2023_01_01,1,2023-07-01
CUS_0x6752,CUS_0x6752_2023_01_01,1,2023-07-01
CUS_0x67e4,CUS_0x67e4_2023_01_01,0,2023-07-01
CUS_0x6850,CUS_0x6850_2023_01_01,0,2023-07-01
CUS_0x689b,CUS_0x689b_2023_01_01,1,2023-07-01
CUS_0x6915,CUS_0x6915_2023_01_01,1,2023-07-01
CUS_0x695c,CUS_0x695c_2023_01_01,0,2023-07-01
CUS_0x697d,CUS_0x697d_2023_01_01,0,2023-07-01
CUS_0x699,CUS_0x699_2023_01_01,0,2023-07-01
CUS_0x69be,CUS_0x69be_2023_01_01,0,2023-07-01
CUS_0x69ff,CUS_0x69ff_2023_01_01,0,2023-07-01
CUS_0x6a8a,CUS_0x6a8a_2023_01_01,0,2023-07-01
CUS_0x6ab3,CUS_0x6ab3_2023_01_01,0,2023-07-01
CUS_0x6b1d,CUS_0x6b1d_2023_01_01,0,2023-07-01
CUS_0x6b52,CUS_0x6b52_2023_01_01,1,2023-07-01
CUS_0x6d05,CUS_0x6d05_2023_01_01,0,2023-07-01
CUS_0x6d4,CUS_0x6d4_2023_01_01,0,2023-07-01
CUS_0x6ee,CUS_0x6ee_2023_01_01,1,2023-07-01
CUS_0x6f11,CUS_0x6f11_2023_01_01,0,2023-07-01
CUS_0x6f4a,CUS_0x6f4a_2023_01_01,0,2023-07-01
CUS_0x6f5d,CUS_0x6f5d_2023_01_01,1,2023-07-01
CUS_0x6f95,CUS_0x6f95_2023_01_01,0,2023-07-01
CUS_0x6fea,CUS_0x6fea_2023_01_01,0,2023-07-01
CUS_0x6ffb,CUS_0x6ffb_2023_01_01,0,2023-07-01
CUS_0x703f,CUS_0x703f_2023_01_01,0,2023-07-01
CUS_0x707d,CUS_0x707d_2023_01_01,0,2023-07-01
CUS_0x710b,CUS_0x710b_2023_01_01,1,2023-07-01
CUS_0x71a0,CUS_0x71a0_2023_01_01,1,2023-07-01
CUS_0x7266,CUS_0x7266_2023_01_01,0,2023-07-01
CUS_0x7373,CUS_0x7373_2023_01_01,1,2023-07-01
CUS_0x738f,CUS_0x738f_2023_01_01,0,2023-07-01
CUS_0x7418,CUS_0x7418_2023_01_01,0,2023-07-01
CUS_0x752c,CUS_0x752c_2023_01_01,0,2023-07-01
CUS_0x752f,CUS_0x752f_2023_01_01,1,2023-07-01
CUS_0x7580,CUS_0x7580_2023_01_01,1,2023-07-01
CUS_0x758e,CUS_0x758e_2023_01_01,0,2023-07-01
CUS_0x75e,CUS_0x75e_2023_01_01,0,2023-07-01
CUS_0x773,CUS_0x773_2023_01_01,0,2023-07-01
CUS_0x775a,CUS_0x775a_2023_01_01,0,2023-07-01
CUS_0x77e2,CUS_0x77e2_2023_01_01,1,2023-07-01
CUS_0x7872,CUS_0x7872_2023_01_01,1,2023-07-01
CUS_0x7877,CUS_0x7877_2023_01_01,0,2023-07-01
CUS_0x78a7,CUS_0x78a7_2023_01_01,1,2023-07-01
CUS_0x7910,CUS_0x7910_2023_01_01,0,2023-07-01
CUS_0x79aa,CUS_0x79aa_2023_01_01,0,2023-07-01
CUS_0x79ac,CUS_0x79ac_2023_01_01,0,2023-07-01
CUS_0x79cf,CUS_0x79cf_2023_01_01,0,2023-07-01
CUS_0x79ff,CUS_0x79ff_2023_01_01,1,2023-07-01
CUS_0x7a2d,CUS_0x7a2d_2023_01_01,0,2023-07-01
CUS_0x7a77,CUS_0x7a77_2023_01_01,0,2023-07-01
CUS_0x7a84,CUS_0x7a84_2023_01_01,1,2023-07-01
CUS_0x7b31,CUS_0x7b31_2023_01_01,0,2023-07-01
CUS_0x7b52,CUS_0x7b52_2023_01_01,1,2023-07-01
CUS_0x7b90,CUS_0x7b90_2023_01_01,0,2023-07-01
CUS_0x7bda,CUS_0x7bda_2023_01_01,0,2023-07-01
CUS_0x7c00,CUS_0x7c00_2023_01_01,0,2023-07-01
CUS_0x7c01,CUS_0x7c01_2023_01_01,0,2023-07-01
CUS_0x7c13,CUS_0x7c13_2023_01_01,1,2023-07-01
CUS_0x7c2f,CUS_0x7c2f_2023_01_01,1,2023-07-01
CUS_0x7c58,CUS_0x7c58_2023_01_01,0,2023-07-01
CUS_0x7c64,CUS_0x7c64_2023_01_01,0,2023-07-01
CUS_0x7c66,CUS_0x7c66_2023_01_01,0,2023-07-01
CUS_0x7cb9,CUS_0x7cb9_2023_01_01,1,2023-07-01
CUS_0x7cfc,CUS_0x7cfc_2023_01_01,0,2023-07-01
CUS_0x7dfb,CUS_0x7dfb_2023_01_01,1,2023-07-01
CUS_0x7fc3,CUS_0x7fc3_2023_01_01,0,2023-07-01
CUS_0x7fe2,CUS_0x7fe2_2023_01_01,0,2023-07-01
CUS_0x8031,CUS_0x8031_2023_01_01,1,2023-07-01
CUS_0x8034,CUS_0x8034_2023_01_01,0,2023-07-01
CUS_0x8065,CUS_0x8065_2023_01_01,1,2023-07-01
CUS_0x8171,CUS_0x8171_2023_01_01,0,2023-07-01
CUS_0x81e6,CUS_0x81e6_2023_01_01,1,2023-07-01
CUS_0x8207,CUS_0x8207_2023_01_01,1,2023-07-01
CUS_0x82a7,CUS_0x82a7_2023_01_01,1,2023-07-01
CUS_0x832d,CUS_0x832d_2023_01_01,0,2023-07-01
CUS_0x8370,CUS_0x8370_2023_01_01,1,2023-07-01
CUS_0x8376,CUS_0x8376_2023_01_01,0,2023-07-01
CUS_0x846a,CUS_0x846a_2023_01_01,0,2023-07-01
CUS_0x84a0,CUS_0x84a0_2023_01_01,0,2023-07-01
CUS_0x8546,CUS_0x8546_2023_01_01,0,2023-07-01
CUS_0x859d,CUS_0x859d_2023_01_01,0,2023-07-01
CUS_0x8658,CUS_0x8658_2023_01_01,0,2023-07-01
CUS_0x86be,CUS_0x86be_2023_01_01,1,2023-07-01
CUS_0x86c7,CUS_0x86c7_2023_01_01,0,2023-07-01
CUS_0x86ed,CUS_0x86ed_2023_01_01,1,2023-07-01
CUS_0x8704,CUS_0x8704_2023_01_01,0,2023-07-01
CUS_0x873b,CUS_0x873b_2023_01_01,0,2023-07-01
CUS_0x87fa,CUS_0x87fa_2023_01_01,1,2023-07-01
CUS_0x887f,CUS_0x887f_2023_01_01,0,2023-07-01
CUS_0x8919,CUS_0x8919_2023_01_01,0,2023-07-01
CUS_0x891b,CUS_0x891b_2023_01_01,0,2023-07-01
CUS_0x893e,CUS_0x893e_2023_01_01,0,2023-07-01
CUS_0x8956,CUS_0x8956_2023_01_01,1,2023-07-01
CUS_0x8983,CUS_0x8983_2023_01_01,0,2023-07-01
CUS_0x89a,CUS_0x89a_2023_01_01,0,2023-07-01
CUS_0x89ca,CUS_0x89ca_2023_01_01,0,2023-07-01
CUS_0x89d3,CUS_0x89d3_2023_01_01,1,2023-07-01
CUS_0x8a3c,CUS_0x8a3c_2023_01_01,0,2023-07-01
CUS_0x8a44,CUS_0x8a44_2023_01_01,0,2023-07-01
CUS_0x8a6e,CUS_0x8a6e_2023_01_01,0,2023-07-01
CUS_0x8af8,CUS_0x8af8_2023_01_01,0,2023-07-01
CUS_0x8b1,CUS_0x8b1_2023_01_01,0,2023-07-01
CUS_0x8b17,CUS_0x8b17_2023_01_01,0,2023-07-01
CUS_0x8c2c,CUS_0x8c2c_2023_01_01,0,2023-07-01
CUS_0x8c9a,CUS_0x8c9a_2023_01_01,0,2023-07-01
CUS_0x8d21,CUS_0x8d21_2023_01_01,1,2023-07-01
CUS_0x8de0,CUS_0x8de0_2023_01_01,1,2023-07-01
CUS_0x8e30,CUS_0x8e30_2023_01_01,0,2023-07-01
CUS_0x8e44,CUS_0x8e44_2023_01_01,0,2023-07-01
CUS_0x8e50,CUS_0x8e50_2024_11_01,0,2025-05-01
CUS_0x8eb6,CUS_0x8eb6_2024_11_01,0,2025-05-01
CUS_0x90a2,CUS_0x90a2_2024_11_01,0,2025-05-01
CUS_0x90f8,CUS_0x90f8_2024_11_01,0,2025-05-01
CUS_0x912e,CUS_0x912e_2024_11_01,0,2025-05-01
CUS_0x9135,CUS_0x9135_2024_11_01,1,2025-05-01
CUS_0x9150,CUS_0x9150_2024_11_01,0,2025-05-01
CUS_0x92ca,CUS_0x92ca_2024_11_01,0,2025-05-01
CUS_0x932a,CUS_0x932a_2024_11_01,1,2025-05-01
CUS_0x9347,CUS_0x9347_2024_11_01,1,2025-05-01
CUS_0x9389,CUS_0x9389_2024_11_01,0,2025-05-01
CUS_0x9415,CUS_0x9415_2024_11_01,1,2025-05-01
CUS_0x947a,CUS_0x947a_2024_11_01,0,2025-05-01
CUS_0x949b,CUS_0x949b_2024_11_01,0,2025-05-01
CUS_0x94ee,CUS_0x94ee_2024_11_01,0,2025-05-01
CUS_0x9573,CUS_0x9573_2024_11_01,1,2025-05-01
CUS_0x95b5,CUS_0x95b5_2024_11_01,0,2025-05-01
CUS_0x95c2,CUS_0x95c2_2024_11_01,1,2025-05-01
CUS_0x9748,CUS_0x9748_2024_11_01,1,2025-05-01
CUS_0x976,CUS_0x976_2024_11_01,0,2025-05-01
CUS_0x979c,CUS_0x979c_2024_11_01,0,2025-05-01
CUS_0x9840,CUS_0x9840_2024_11_01,1,2025-05-01
CUS_0x9857,CUS_0x9857_2024_11_01,1,2025-05-01
CUS_0x98b5,CUS_0x98b5_2024_11_01,0,2025-05-01
CUS_0x98cd,CUS_0x98cd_2024_11_01,0,2025-05-01
CUS_0x98ec,CUS_0x98ec_2024_11_01,1,2025-05-01
CUS_0x993a,CUS_0x993a_2024_11_01,0,2025-05-01
CUS_0x993d,CUS_0x993d_2024_11_01,0,2025-05-01
CUS_0x9a4f,CUS_0x9a4f_2024_11_01,0,2025-05-01
CUS_0x9a6,CUS_0x9a6_2024_11_01,0,2025-05-01
CUS_0x9b33,CUS_0x9b33_2024_11_01,1,2025-05-01
CUS_0x9bae,CUS_0x9bae_2024_11_01,1,2025-05-01
CUS_0x9bc8,CUS_0x9bc8_2024_11_01,0,2025-05-01
CUS_0x9bea,CUS_0x9bea_2024_11_01,0,2025-05-01
CUS_0x9c9f,CUS_0x9c9f_2024_11_01,0,2025-05-01
CUS_0x9ce0,CUS_0x9ce0_2024_11_01,0,2025-05-01
CUS_0x9cea,CUS_0x9cea_2024_11_01,1,2025-05-01
CUS_0x9dc3,CUS_0x9dc3_2024_11_01,0,2025-05-01
CUS_0x9e48,CUS_0x9e48_2024_11_01,0,2025-05-01
CUS_0x9f4c,CUS_0x9f4c_2024_11_01,0,2025-05-01
CUS_0x9fd8,CUS_0x9fd8_2024_11_01,0,2025-05-01
CUS_0x9fe8,CUS_0x9fe8_2024_11_01,0,2025-05-01
CUS_0xa125,CUS_0xa125_2024_11_01,1,2025-05-01
CUS_0xa193,CUS_0xa193_2024_11_01,0,2025-05-01
CUS_0xa2ce,CUS_0xa2ce_2024_11_01,0,2025-05-01
CUS_0xa2eb,CUS_0xa2eb_2024_11_01,0,2025-05-01
CUS_0xa2fd,CUS_0xa2fd_2024_11_01,0,2025-05-01
CUS_0xa34d,CUS_0xa34d_2024_11_01,0,2025-05-01
CUS_0xa374,CUS_0xa374_2024_11_01,0,2025-05-01
CUS_0xa39,CUS_0xa39_2024_11_01,0,2025-05-01
CUS_0xa3bb,CUS_0xa3bb_2024_11_01,0,2025-05-01
CUS_0xa3d5,CUS_0xa3d5_2024_11_01,1,2025-05-01
CUS_0xa4ac,CUS_0xa4ac_2024_11_01,0,2025-05-01
CUS_0xa4ba,CUS_0xa4ba_2024_11_01,0,2025-05-01
CUS_0xa503,CUS_0xa503_2024_11_01,0,2025-05-01
CUS_0xa5e0,CUS_0xa5e0_2024_11_01,0,2025-05-01
CUS_0xa706,CUS_0xa706_2024_11_01,0,2025-05-01
CUS_0xa714,CUS_0xa714_2024_11_01,0,2025-05-01
CUS_0xa7b2,CUS_0xa7b2_2024_11_01,0,2025-05-01
CUS_0xa823,CUS_0xa823_2024_11_01,0,2025-05-01
CUS_0xa95,CUS_0xa95_2024_11_01,0,2025-05-01
CUS_0xa9b,CUS_0xa9b_2024_11_01,1,2025-05-01
CUS_0xa9bb,CUS_0xa9bb_2024_11_01,1,2025-05-01
CUS_0xa9f6,CUS_0xa9f6_2024_11_01,0,2025-05-01
CUS_0xaa0c,CUS_0xaa0c_2024_11_01,0,2025-05-01
CUS_0xaa84,CUS_0xaa84_2024_11_01,0,2025-05-01
CUS_0xaaea,CUS_0xaaea_2024_11_01,0,2025-05-01
CUS_0xab26,CUS_0xab26_2024_11_01,0,2025-05-01
CUS_0xabc6,CUS_0xabc6_2024_11_01,0,2025-05-01
CUS_0xabd5,CUS_0xabd5_2024_11_01,1,2025-05-01
CUS_0xabd8,CUS_0xabd8_2024_11_01,1,2025-05-01
CUS_0xacaf,CUS_0xacaf_2024_11_01,0,2025-05-01
CUS_0xacc7,CUS_0xacc7_2024_11_01,0,2025-05-01
CUS_0xacd9,CUS_0xacd9_2024_11_01,1,2025-05-01
CUS_0xad2,CUS_0xad2_2024_11_01,0,2025-05-01
CUS_0xad69,CUS_0xad69_2024_11_01,0,2025-05-01
CUS_0xad6d,CUS_0xad6d_2024_11_01,0,2025-05-01
CUS_0xadcd,CUS_0xadcd_2024_11_01,1,2025-05-01
CUS_0xae26,CUS_0xae26_2024_11_01,1,2025-05-01
CUS_0xae7c,CUS_0xae7c_2024_11_01,1,2025-05-01
CUS_0xaea,CUS_0xaea_2024_11_01,0,2025-05-01
CUS_0xaea7,CUS_0xaea7_2024_11_01,1,2025-05-01
CUS_0xaefb,CUS_0xaefb_2024_11_01,0,2025-05-01
CUS_0xaf61,CUS_0xaf61_2024_11_01,0,2025-05-01
CUS_0xaff2,CUS_0xaff2_2024_11_01,0,2025-05-01
CUS_0xb000,CUS_0xb000_2024_11_01,0,2025-05-01
CUS_0xb00a,CUS_0xb00a_2024_11_01,0,2025-05-01
CUS_0xb03f,CUS_0xb03f_2024_11_01,1,2025-05-01
CUS_0xb085,CUS_0xb085_2024_11_01,1,2025-05-01
CUS_0xb1bf,CUS_0xb1bf_2024_11_01,0,2025-05-01
CUS_0xb1f1,CUS_0xb1f1_2024_11_01,0,2025-05-01
CUS_0xb223,CUS_0xb223_2024_11_01,0,2025-05-01
CUS_0xb2c4,CUS_0xb2c4_2024_11_01,1,2025-05-01
CUS_0xb338,CUS_0xb338_2024_11_01,0,2025-05-01
CUS_0xb3ab,CUS_0xb3ab_2024_11_01,0,2025-05-01
CUS_0xb44d,CUS_0xb44d_2024_11_01,1,2025-05-01
CUS_0xb4c9,CUS_0xb4c9_2024_11_01,0,2025-05-01
CUS_0xb565,CUS_0xb565_2024_11_01,0,2025-05-01
CUS_0xb57,CUS_0xb57_2024_11_01,1,2025-05-01
CUS_0xb5c5,CUS_0xb5c5_2024_11_01,0,2025-05-01
CUS_0xb5e2,CUS_0xb5e2_2024_11_01,1,2025-05-01
CUS_0xb5ea,CUS_0xb5ea_2024_11_01,0,2025-05-01
CUS_0xb611,CUS_0xb611_2024_11_01,0,2025-05-01
CUS_0xb770,CUS_0xb770_2024_11_01,0,2025-05-01
CUS_0xb795,CUS_0xb795_2024_11_01,0,2025-05-01
CUS_0xb7a4,CUS_0xb7a4_2024_11_01,0,2025-05-01
CUS_0xb7ca,CUS_0xb7ca_2024_11_01,1,2025-05-01
CUS_0xb818,CUS_0xb818_2024_11_01,0,2025-05-01
CUS_0xb82d,CUS_0xb82d_2024_11_01,1,2025-05-01
CUS_0xb987,CUS_0xb987_2024_11_01,1,2025-05-01
CUS_0xb9c5,CUS_0xb9c5_2024_11_01,0,2025-05-01
CUS_0xb9f9,CUS_0xb9f9_2024_11_01,0,2025-05-01
CUS_0xbab,CUS_0xbab_2024_11_01,0,2025-05-01
CUS_0xbad2,CUS_0xbad2_2024_11_01,0,2025-05-01
CUS_0xbaf8,CUS_0xbaf8_2024_11_01,0,2025-05-01
CUS_0xbb7c,CUS_0xbb7c_2024_11_01,0,2025-05-01
CUS_0xbbaf,CUS_0xbbaf_2024_11_01,1,2025-05-01
CUS_0xbc0e,CUS_0xbc0e_2024_11_01,0,2025-05-01
CUS_0xbc17,CUS_0xbc17_2024_11_01,1,2025-05-01
CUS_0xbc4b,CUS_0xbc4b_2024_11_01,0,2025-05-01
CUS_0xbcb2,CUS_0xbcb2_2024_11_01,1,2025-05-01
CUS_0xbcf0,CUS_0xbcf0_2024_11_01,1,2025-05-01
CUS_0xbe03,CUS_0xbe03_2024_11_01,0,2025-05-01
CUS_0xbe1d,CUS_0xbe1d_2024_11_01,0,2025-05-01
CUS_0xbe26,CUS_0xbe26_2024_11_01,1,2025-05-01
CUS_0xbe55,CUS_0xbe55_2024_11_01,0,2025-05-01
CUS_0xbe9d,CUS_0xbe9d_2024_11_01,0,2025-05-01
CUS_0xbf1e,CUS_0xbf1e_2024_11_01,0,2025-05-01
CUS_0xbf66,CUS_0xbf66_2024_11_01,1,2025-05-01
CUS_0xbffe,CUS_0xbffe_2024_11_01,0,2025-05-01
CUS_0xc08,CUS_0xc08_2024_11_01,1,2025-05-01
CUS_0xc11f,CUS_0xc11f_2024_11_01,0,2025-05-01
CUS_0xc1bf,CUS_0xc1bf_2024_11_01,0,2025-05-01
CUS_0xc1d7,CUS_0xc1d7_2024_11_01,0,2025-05-01
CUS_0xc288,CUS_0xc288_2024_11_01,0,2025-05-01
CUS_0xc2b5,CUS_0xc2b5_2024_11_01,0,2025-05-01
CUS_0xc2c7,CUS_0xc2c7_2024_11_01,0,2025-05-01
CUS_0xc33e,CUS_0xc33e_2024_11_01,0,2025-05-01
CUS_0xc38e,CUS_0xc38e_2024_11_01,1,2025-05-01
CUS_0xc3d8,CUS_0xc3d8_2024_11_01,0,2025-05-01
CUS_0xc434,CUS_0xc434_2024_11_01,0,2025-05-01
CUS_0xc4a2,CUS_0xc4a2_2024_11_01,0,2025-05-01
CUS_0xc4bc,CUS_0xc4bc_2024_11_01,0,2025-05-01
CUS_0xc4e2,CUS_0xc4e2_2024_11_01,1,2025-05-01
CUS_0xc5d5,CUS_0xc5d5_2024_11_01,1,2025-05-01
CUS_0xc64e,CUS_0xc64e_2024_11_01,1,2025-05-01
CUS_0xc6d6,CUS_0xc6d6_2024_11_01,0,2025-05-01
CUS_0xc70,CUS_0xc70_2024_11_01,0,2025-05-01
CUS_0xcda,CUS_0xcda_2024_11_01,0,2025-05-01
CUS_0xd96,CUS_0xd96_2024_11_01,0,2025-05-01
CUS_0xdda,CUS_0xdda_2024_11_01,1,2025-05-01
CUS_0xe0f,CUS_0xe0f_2024_11_01,1,2025-05-01
CUS_0xe21,CUS_0xe21_2024_11_01,1,2025-05-01
CUS_0xe2b,CUS_0xe2b_2024_11_01,0,2025-05-01
CUS_0xec3,CUS_0xec3_2024_11_01,1,2025-05-01
CUS_0xecc,CUS_0xecc_2024_11_01,0,2025-05-01
CUS_0xee6,CUS_0xee6_2024_11_01,0,2025-05-01
CUS_0xf43,CUS_0xf43_2024_11_01,1,2025-05-01
CUS_0x8e90,CUS_0x8e90_2023_01_01,0,2023-07-01
CUS_0x8f4e,CUS_0x8f4e_2023_01_01,1,2023-07-01
CUS_0x8f7e,CUS_0x8f7e_2023_01_01,1,2023-07-01
CUS_0x8fb4,CUS_0x8fb4_2023_01_01,0,2023-07-01
CUS_0x9102,CUS_0x9102_2023_01_01,1,2023-07-01
CUS_0x9124,CUS_0x9124_2023_01_01,1,2023-07-01
CUS_0x9154,CUS_0x9154_2023_01_01,1,2023-07-01
CUS_0x9190,CUS_0x9190_2023_01_01,0,2023-07-01
CUS_0x9230,CUS_0x9230_2023_01_01,0,2023-07-01
CUS_0x9273,CUS_0x9273_2023_01_01,0,2023-07-01
CUS_0x9278,CUS_0x9278_2023_01_01,0,2023-07-01
CUS_0x928f,CUS_0x928f_2023_01_01,1,2023-07-01
CUS_0x929a,CUS_0x929a_2023_01_01,0,2023-07-01
CUS_0x929c,CUS_0x929c_2023_01_01,0,2023-07-01
CUS_0x92d6,CUS_0x92d6_2023_01_01,1,2023-07-01
CUS_0x92f0,CUS_0x92f0_2023_01_01,1,2023-07-01
CUS_0x9357,CUS_0x9357_2023_01_01,0,2023-07-01
CUS_0x93a0,CUS_0x93a0_2023_01_01,1,2023-07-01
CUS_0x9435,CUS_0x9435_2023_01_01,0,2023-07-01
CUS_0x948f,CUS_0x948f_2023_01_01,0,2023-07-01
CUS_0x950d,CUS_0x950d_2023_01_01,0,2023-07-01
CUS_0x95aa,CUS_0x95aa_2023_01_01,1,2023-07-01
CUS_0x962f,CUS_0x962f_2023_01_01,0,2023-07-01
CUS_0x96a2,CUS_0x96a2_2023_01_01,0,2023-07-01
CUS_0x970f,CUS_0x970f_2023_01_01,0,2023-07-01
CUS_0x972d,CUS_0x972d_2023_01_01,0,2023-07-01
CUS_0x97ab,CUS_0x97ab_2023_01_01,1,2023-07-01
CUS_0x97b,CUS_0x97b_2023_01_01,0,2023-07-01
CUS_0x97bd,CUS_0x97bd_2023_01_01,1,2023-07-01
CUS_0x9805,CUS_0x9805_2023_01_01,1,2023-07-01
CUS_0x988c,CUS_0x988c_2023_01_01,0,2023-07-01
CUS_0x9916,CUS_0x9916_2023_01_01,0,2023-07-01
CUS_0x9979,CUS_0x9979_2023_01_01,0,2023-07-01
CUS_0x9985,CUS_0x9985_2023_01_01,0,2023-07-01
CUS_0x9a55,CUS_0x9a55_2023_01_01,1,2023-07-01
CUS_0x9a71,CUS_0x9a71_2023_01_01,0,2023-07-01
CUS_0x9b24,CUS_0x9b24_2023_01_01,0,2023-07-01
CUS_0x9bef,CUS_0x9bef_2023_01_01,0,2023-07-01
CUS_0x9c67,CUS_0x9c67_2023_01_01,0,2023-07-01
CUS_0x9ce6,CUS_0x9ce6_2023_01_01,0,2023-07-01
CUS_0x9e02,CUS_0x9e02_2023_01_01,0,2023-07-01
CUS_0x9e09,CUS_0x9e09_2023_01_01,0,2023-07-01
CUS_0x9e6a,CUS_0x9e6a_2023_01_01,0,2023-07-01
CUS_0x9f91,CUS_0x9f91_2023_01_01,0,2023-07-01
CUS_0xa0c,CUS_0xa0c_2023_01_01,0,2023-07-01
CUS_0xa134,CUS_0xa134_2023_01_01,0,2023-07-01
CUS_0xa146,CUS_0xa146_2023_01_01,0,2023-07-01
CUS_0xa182,CUS_0xa182_2023_01_01,0,2023-07-01
CUS_0xa187,CUS_0xa187_2023_01_01,0,2023-07-01
CUS_0xa1bb,CUS_0xa1bb_2023_01_01,0,2023-07-01
CUS_0xa203,CUS_0xa203_2023_01_01,1,2023-07-01
CUS_0xa20d,CUS_0xa20d_2023_01_01,0,2023-07-01
CUS_0xa2c0,CUS_0xa2c0_2023_01_01,0,2023-07-01
CUS_0xa2ee,CUS_0xa2ee_2023_01_01,0,2023-07-01
CUS_0xa408,CUS_0xa408_2023_01_01,1,2023-07-01
CUS_0xa422,CUS_0xa422_2023_01_01,0,2023-07-01
CUS_0xa423,CUS_0xa423_2023_01_01,0,2023-07-01
CUS_0xa463,CUS_0xa463_2023_01_01,0,2023-07-01
CUS_0xa488,CUS_0xa488_2023_01_01,0,2023-07-01
CUS_0xa52,CUS_0xa52_2023_01_01,1,2023-07-01
CUS_0xa54d,CUS_0xa54d_2023_01_01,0,2023-07-01
CUS_0xa5c,CUS_0xa5c_2023_01_01,0,2023-07-01
CUS_0xa5e6,CUS_0xa5e6_2023_01_01,0,2023-07-01
CUS_0xa5e9,CUS_0xa5e9_2023_01_01,1,2023-07-01
CUS_0xa65,CUS_0xa65_2023_01_01,1,2023-07-01
CUS_0xa6d9,CUS_0xa6d9_2023_01_01,0,2023-07-01
CUS_0xa801,CUS_0xa801_2023_01_01,0,2023-07-01
CUS_0xa83,CUS_0xa83_2023_01_01,0,2023-07-01
CUS_0xa8c6,CUS_0xa8c6_2023_01_01,0,2023-07-01
CUS_0xa918,CUS_0xa918_2023_01_01,0,2023-07-01
CUS_0xa9a,CUS_0xa9a_2023_01_01,0,2023-07-01
CUS_0xaa8e,CUS_0xaa8e_2023_01_01,1,2023-07-01
CUS_0xaaff,CUS_0xaaff_2023_01_01,0,2023-07-01
CUS_0xabf2,CUS_0xabf2_2023_01_01,0,2023-07-01
CUS_0xac46,CUS_0xac46_2023_01_01,1,2023-07-01
CUS_0xac7c,CUS_0xac7c_2023_01_01,1,2023-07-01
CUS_0xaca7,CUS_0xaca7_2023_01_01,1,2023-07-01
CUS_0xacab,CUS_0xacab_2023_01_01,0,2023-07-01
CUS_0xacfa,CUS_0xacfa_2023_01_01,1,2023-07-01
CUS_0xad13,CUS_0xad13_2023_01_01,0,2023-07-01
CUS_0xad1d,CUS_0xad1d_2023_01_01,0,2023-07-01
CUS_0xad90,CUS_0xad90_2023_01_01,0,2023-07-01
CUS_0xadb2,CUS_0xadb2_2023_01_01,0,2023-07-01
CUS_0xadb8,CUS_0xadb8_2023_01_01,1,2023-07-01
CUS_0xae51,CUS_0xae51_2023_01_01,0,2023-07-01
CUS_0xae6a,CUS_0xae6a_2023_01_01,0,2023-07-01
CUS_0xae7d,CUS_0xae7d_2023_01_01,0,2023-07-01
CUS_0xae9e,CUS_0xae9e_2023_01_01,1,2023-07-01
CUS_0xaebc,CUS_0xaebc_2023_01_01,0,2023-07-01
CUS_0xaf09,CUS_0xaf09_2023_01_01,0,2023-07-01
CUS_0xafb5,CUS_0xafb5_2023_01_01,1,2023-07-01
CUS_0xb0bd,CUS_0xb0bd_2023_01_01,0,2023-07-01
CUS_0xb0c4,CUS_0xb0c4_2023_01_01,1,2023-07-01
CUS_0xb0e4,CUS_0xb0e4_2023_01_01,0,2023-07-01
CUS_0xb1f5,CUS_0xb1f5_2023_01_01,0,2023-07-01
CUS_0xb220,CUS_0xb220_2023_01_01,1,2023-07-01
CUS_0xb2b8,CUS_0xb2b8_2023_01_01,0,2023-07-01
CUS_0xb381,CUS_0xb381_2023_01_01,0,2023-07-01
CUS_0xb3f4,CUS_0xb3f4_2023_01_01,0,2023-07-01
CUS_0xb403,CUS_0xb403_2023_01_01,0,2023-07-01
CUS_0xb41f,CUS_0xb41f_2023_01_01,0,2023-07-01
CUS_0xb424,CUS_0xb424_2023_01_01,0,2023-07-01
CUS_0xb437,CUS_0xb437_2023_01_01,0,2023-07-01
CUS_0xb46,CUS_0xb46_2023_01_01,0,2023-07-01
CUS_0xb4d8,CUS_0xb4d8_2023_01_01,0,2023-07-01
CUS_0xb51c,CUS_0xb51c_2023_01_01,1,2023-07-01
CUS_0xb64a,CUS_0xb64a_2023_01_01,0,2023-07-01
CUS_0xb662,CUS_0xb662_2023_01_01,0,2023-07-01
CUS_0xb67c,CUS_0xb67c_2023_01_01,0,2023-07-01
CUS_0xb685,CUS_0xb685_2023_01_01,1,2023-07-01
CUS_0xb6e3,CUS_0xb6e3_2023_01_01,0,2023-07-01
CUS_0xb73,CUS_0xb73_2023_01_01,1,2023-07-01
CUS_0xb745,CUS_0xb745_2023_01_01,0,2023-07-01
CUS_0xb875,CUS_0xb875_2023_01_01,0,2023-07-01
CUS_0xb8b9,CUS_0xb8b9_2023_01_01,1,2023-07-01
CUS_0xb915,CUS_0xb915_2023_01_01,1,2023-07-01
CUS_0xb93e,CUS_0xb93e_2023_01_01,0,2023-07-01
CUS_0xba9d,CUS_0xba9d_2023_01_01,1,2023-07-01
CUS_0xbbe4,CUS_0xbbe4_2023_01_01,0,2023-07-01
CUS_0xbca6,CUS_0xbca6_2023_01_01,1,2023-07-01
CUS_0xbd1f,CUS_0xbd1f_2023_01_01,0,2023-07-01
CUS_0xbd8f,CUS_0xbd8f_2023_01_01,1,2023-07-01
CUS_0xbf01,CUS_0xbf01_2023_01_01,0,2023-07-01
CUS_0xbf38,CUS_0xbf38_2023_01_01,0,2023-07-01
CUS_0xbf55,CUS_0xbf55_2023_01_01,1,2023-07-01
CUS_0xc010,CUS_0xc010_2023_01_01,0,2023-07-01
CUS_0xc055,CUS_0xc055_2023_01_01,0,2023-07-01
CUS_0xc063,CUS_0xc063_2023_01_01,0,2023-07-01
CUS_0xc0f6,CUS_0xc0f6_2023_01_01,0,2023-07-01
CUS_0xc144,CUS_0xc144_2023_01_01,0,2023-07-01
CUS_0xc18b,CUS_0xc18b_2023_01_01,0,2023-07-01
CUS_0xc1b3,CUS_0xc1b3_2023_01_01,0,2023-07-01
CUS_0xc1b4,CUS_0xc1b4_2023_01_01,0,2023-07-01
CUS_0xc1e7,CUS_0xc1e7_2023_01_01,0,2023-07-01
CUS_0xc206,CUS_0xc206_2023_01_01,1,2023-07-01
CUS_0xc254,CUS_0xc254_2023_01_01,0,2023-07-01
CUS_0xc29e,CUS_0xc29e_2023_01_01,0,2023-07-01
CUS_0xc2e2,CUS_0xc2e2_2023_01_01,0,2023-07-01
CUS_0xc2ea,CUS_0xc2ea_2023_01_01,1,2023-07-01
CUS_0xc2fd,CUS_0xc2fd_2023_01_01,0,2023-07-01
CUS_0xc305,CUS_0xc305_2023_01_01,1,2023-07-01
CUS_0xc38a,CUS_0xc38a_2023_01_01,0,2023-07-01
CUS_0xc3aa,CUS_0xc3aa_2023_01_01,0,2023-07-01
CUS_0xc3d0,CUS_0xc3d0_2023_01_01,0,2023-07-01
CUS_0xc3ee,CUS_0xc3ee_2023_01_01,0,2023-07-01
CUS_0xc465,CUS_0xc465_2023_01_01,0,2023-07-01
CUS_0xc4c3,CUS_0xc4c3_2023_01_01,1,2023-07-01
CUS_0xc5cb,CUS_0xc5cb_2023_01_01,0,2023-07-01
CUS_0xc5e8,CUS_0xc5e8_2023_01_01,1,2023-07-01
CUS_0xc60e,CUS_0xc60e_2023_01_01,0,2023-07-01
CUS_0xc622,CUS_0xc622_2023_01_01,0,2023-07-01
CUS_0xc63b,CUS_0xc63b_2023_01_01,0,2023-07-01
CUS_0xc686,CUS_0xc686_2023_01_01,0,2023-07-01
CUS_0xc712,CUS_0xc712_2023_01_01,0,2023-07-01
CUS_0xc716,CUS_0xc716_2023_01_01,1,2023-07-01
CUS_0xcf0,CUS_0xcf0_2023_01_01,0,2023-07-01
CUS_0xd20,CUS_0xd20_2023_01_01,0,2023-07-01
CUS_0xd6f,CUS_0xd6f_2023_01_01,0,2023-07-01
CUS_0xd73,CUS_0xd73_2023_01_01,0,2023-07-01
CUS_0xdd3,CUS_0xdd3_2023_01_01,0,2023-07-01
CUS_0xdd8,CUS_0xdd8_2023_01_01,0,2023-07-01
CUS_0xde2,CUS_0xde2_2023_01_01,0,2023-07-01
CUS_0xdfb,CUS_0xdfb_2023_01_01,0,2023-07-01
CUS_0xe28,CUS_0xe28_2023_01_01,0,2023-07-01
CUS_0xe64,CUS_0xe64_2023_01_01,0,2023-07-01
CUS_0xe84,CUS_0xe84_2023_01_01,0,2023-07-01
CUS_0xe98,CUS_0xe98_2023_01_01,0,2023-07-01
CUS_0xea6,CUS_0xea6_2023_01_01,0,2023-07-01
CUS_0xed3,CUS_0xed3_2023_01_01,0,2023-07-01
CUS_0xed8,CUS_0xed8_2023_01_01,0,2023-07-01
CUS_0xfc9,CUS_0xfc9_2023_01_01,1,2023-07-01
CUS_0x103e,CUS_0x103e_2024_12_01,0,2025-06-01
CUS_0x1195,CUS_0x1195_2024_12_01,0,2025-06-01
CUS_0x1197,CUS_0x1197_2024_12_01,0,2025-06-01
CUS_0x11e2,CUS_0x11e2_2024_12_01,0,2025-06-01
CUS_0x11ec,CUS_0x11ec_2024_12_01,1,2025-06-01
CUS_0x1234,CUS_0x1234_2024_12_01,0,2025-06-01
CUS_0x1354,CUS_0x1354_2024_12_01,1,2025-06-01
CUS_0x137d,CUS_0x137d_2024_12_01,1,2025-06-01
CUS_0x1437,CUS_0x1437_2024_12_01,0,2025-06-01
CUS_0x143d,CUS_0x143d_2024_12_01,0,2025-06-01
CUS_0x144d,CUS_0x144d_2024_12_01,0,2025-06-01
CUS_0x1458,CUS_0x1458_2024_12_01,0,2025-06-01
CUS_0x14f4,CUS_0x14f4_2024_12_01,0,2025-06-01
CUS_0x151b,CUS_0x151b_2024_12_01,0,2025-06-01
CUS_0x1542,CUS_0x1542_2024_12_01,0,2025-06-01
CUS_0x1563,CUS_0x1563_2024_12_01,0,2025-06-01
CUS_0x15df,CUS_0x15df_2024_12_01,0,2025-06-01
CUS_0x1613,CUS_0x1613_2024_12_01,0,2025-06-01
CUS_0x164f,CUS_0x164f_2024_12_01,1,2025-06-01
CUS_0x1765,CUS_0x1765_2024_12_01,0,2025-06-01
CUS_0x17d7,CUS_0x17d7_2024_12_01,0,2025-06-01
CUS_0x1833,CUS_0x1833_2024_12_01,0,2025-06-01
CUS_0x1852,CUS_0x1852_2024_12_01,1,2025-06-01
CUS_0x18bc,CUS_0x18bc_2024_12_01,0,2025-06-01
CUS_0x18ca,CUS_0x18ca_2024_12_01,1,2025-06-01
CUS_0x18fd,CUS_0x18fd_2024_12_01,1,2025-06-01
CUS_0x1948,CUS_0x1948_2024_12_01,0,2025-06-01
CUS_0x19a0,CUS_0x19a0_2024_12_01,1,2025-06-01
CUS_0x1a00,CUS_0x1a00_2024_12_01,0,2025-06-01
CUS_0x1a61,CUS_0x1a61_2024_12_01,0,2025-06-01
CUS_0x1bde,CUS_0x1bde_2024_12_01,0,2025-06-01
CUS_0x1be8,CUS_0x1be8_2024_12_01,1,2025-06-01
CUS_0x1c0c,CUS_0x1c0c_2024_12_01,0,2025-06-01
CUS_0x1c3b,CUS_0x1c3b_2024_12_01,1,2025-06-01
CUS_0x1c71,CUS_0x1c71_2024_12_01,0,2025-06-01
CUS_0x1ca5,CUS_0x1ca5_2024_12_01,1,2025-06-01
CUS_0x1d00,CUS_0x1d00_2024_12_01,1,2025-06-01
CUS_0x1d63,CUS_0x1d63_2024_12_01,1,2025-06-01
CUS_0x1e17,CUS_0x1e17_2024_12_01,0,2025-06-01
CUS_0x1e18,CUS_0x1e18_2024_12_01,0,2025-06-01
CUS_0x1eb6,CUS_0x1eb6_2024_12_01,0,2025-06-01
CUS_0x1f57,CUS_0x1f57_2024_12_01,0,2025-06-01
CUS_0x1ffd,CUS_0x1ffd_2024_12_01,0,2025-06-01
CUS_0x200a,CUS_0x200a_2024_12_01,0,2025-06-01
CUS_0x204b,CUS_0x204b_2024_12_01,1,2025-06-01
CUS_0x2076,CUS_0x2076_2024_12_01,0,2025-06-01
CUS_0x209a,CUS_0x209a_2024_12_01,0,2025-06-01
CUS_0x20dc,CUS_0x20dc_2024_12_01,0,2025-06-01
CUS_0x20de,CUS_0x20de_2024_12_01,1,2025-06-01
CUS_0x20f1,CUS_0x20f1_2024_12_01,1,2025-06-01
CUS_0x21a7,CUS_0x21a7_2024_12_01,0,2025-06-01
CUS_0x21af,CUS_0x21af_2024_12_01,1,2025-06-01
CUS_0x22ac,CUS_0x22ac_2024_12_01,0,2025-06-01
CUS_0x22ee,CUS_0x22ee_2024_12_01,1,2025-06-01
CUS_0x233d,CUS_0x233d_2024_12_01,0,2025-06-01
CUS_0x2342,CUS_0x2342_2024_12_01,0,2025-06-01
CUS_0x2372,CUS_0x2372_2024_12_01,0,2025-06-01
CUS_0x23f8,CUS_0x23f8_2024_12_01,0,2025-06-01
CUS_0x24e4,CUS_0x24e4_2024_12_01,0,2025-06-01
CUS_0x24e7,CUS_0x24e7_2024_12_01,1,2025-06-01
CUS_0x2555,CUS_0x2555_2024_12_01,0,2025-06-01
CUS_0x25a7,CUS_0x25a7_2024_12_01,0,2025-06-01
CUS_0x25ac,CUS_0x25ac_2024_12_01,1,2025-06-01
CUS_0x25e0,CUS_0x25e0_2024_12_01,0,2025-06-01
CUS_0x26a7,CUS_0x26a7_2024_12_01,0,2025-06-01
CUS_0x26eb,CUS_0x26eb_2024_12_01,0,2025-06-01
CUS_0x273e,CUS_0x273e_2024_12_01,1,2025-06-01
CUS_0x278f,CUS_0x278f_2024_12_01,0,2025-06-01
CUS_0x286f,CUS_0x286f_2024_12_01,0,2025-06-01
CUS_0x2963,CUS_0x2963_2024_12_01,0,2025-06-01
CUS_0x29c0,CUS_0x29c0_2024_12_01,1,2025-06-01
CUS_0x2aa8,CUS_0x2aa8_2024_12_01,0,2025-06-01
CUS_0x2b09,CUS_0x2b09_2024_12_01,1,2025-06-01
CUS_0x2b17,CUS_0x2b17_2024_12_01,0,2025-06-01
CUS_0x2cb5,CUS_0x2cb5_2024_12_01,0,2025-06-01
CUS_0x2cbc,CUS_0x2cbc_2024_12_01,0,2025-06-01
CUS_0x2d07,CUS_0x2d07_2024_12_01,1,2025-06-01
CUS_0x2d09,CUS_0x2d09_2024_12_01,0,2025-06-01
CUS_0x2e2e,CUS_0x2e2e_2024_12_01,0,2025-06-01
CUS_0x2ecc,CUS_0x2ecc_2024_12_01,1,2025-06-01
CUS_0x2f4b,CUS_0x2f4b_2024_12_01,0,2025-06-01
CUS_0x2f68,CUS_0x2f68_2024_12_01,0,2025-06-01
CUS_0x2fb9,CUS_0x2fb9_2024_12_01,0,2025-06-01
CUS_0x2fd5,CUS_0x2fd5_2024_12_01,0,2025-06-01
CUS_0x3019,CUS_0x3019_2024_12_01,0,2025-06-01
CUS_0x308b,CUS_0x308b_2024_12_01,1,2025-06-01
CUS_0x30c5,CUS_0x30c5_2024_12_01,1,2025-06-01
CUS_0x30dd,CUS_0x30dd_2024_12_01,0,2025-06-01
CUS_0x3119,CUS_0x3119_2024_12_01,0,2025-06-01
CUS_0x3172,CUS_0x3172_2024_12_01,0,2025-06-01
CUS_0x3278,CUS_0x3278_2024_12_01,0,2025-06-01
CUS_0x332c,CUS_0x332c_2024_12_01,1,2025-06-01
CUS_0x340e,CUS_0x340e_2024_12_01,0,2025-06-01
CUS_0x347d,CUS_0x347d_2024_12_01,0,2025-06-01
CUS_0x349b,CUS_0x349b_2024_12_01,1,2025-06-01
CUS_0x34d6,CUS_0x34d6_2024_12_01,0,2025-06-01
CUS_0x35a2,CUS_0x35a2_2024_12_01,0,2025-06-01
CUS_0x35b5,CUS_0x35b5_2024_12_01,1,2025-06-01
CUS_0x3615,CUS_0x3615_2024_12_01,0,2025-06-01
CUS_0x361b,CUS_0x361b_2024_12_01,0,2025-06-01
CUS_0x3640,CUS_0x3640_2024_12_01,0,2025-06-01
CUS_0x365a,CUS_0x365a_2024_12_01,1,2025-06-01
CUS_0x36d5,CUS_0x36d5_2024_12_01,0,2025-06-01
CUS_0x372c,CUS_0x372c_2024_12_01,0,2025-06-01
CUS_0x3761,CUS_0x3761_2024_12_01,0,2025-06-01
CUS_0x376a,CUS_0x376a_2024_12_01,0,2025-06-01
CUS_0x37bc,CUS_0x37bc_2024_12_01,0,2025-06-01
CUS_0x3801,CUS_0x3801_2024_12_01,0,2025-06-01
CUS_0x380d,CUS_0x380d_2024_12_01,0,2025-06-01
CUS_0x3872,CUS_0x3872_2024_12_01,0,2025-06-01
CUS_0x38a7,CUS_0x38a7_2024_12_01,0,2025-06-01
CUS_0x38bb,CUS_0x38bb_2024_12_01,0,2025-06-01
CUS_0x38cc,CUS_0x38cc_2024_12_01,0,2025-06-01
CUS_0x38df,CUS_0x38df_2024_12_01,0,2025-06-01
CUS_0x3929,CUS_0x3929_2024_12_01,0,2025-06-01
CUS_0x3947,CUS_0x3947_2024_12_01,0,2025-06-01
CUS_0x39a6,CUS_0x39a6_2024_12_01,1,2025-06-01
CUS_0x3a06,CUS_0x3a06_2024_12_01,0,2025-06-01
CUS_0x3ae3,CUS_0x3ae3_2024_12_01,0,2025-06-01
CUS_0x3b40,CUS_0x3b40_2024_12_01,1,2025-06-01
CUS_0x3b9d,CUS_0x3b9d_2024_12_01,1,2025-06-01
CUS_0x3ba2,CUS_0x3ba2_2024_12_01,1,2025-06-01
CUS_0x3be5,CUS_0x3be5_2024_12_01,0,2025-06-01
CUS_0x3c7d,CUS_0x3c7d_2024_12_01,0,2025-06-01
CUS_0x3d50,CUS_0x3d50_2024_12_01,0,2025-06-01
CUS_0x3d56,CUS_0x3d56_2024_12_01,0,2025-06-01
CUS_0x3d57,CUS_0x3d57_2024_12_01,1,2025-06-01
CUS_0x3d5b,CUS_0x3d5b_2024_12_01,0,2025-06-01
CUS_0x3dd8,CUS_0x3dd8_2024_12_01,0,2025-06-01
CUS_0x3e7f,CUS_0x3e7f_2024_12_01,1,2025-06-01
CUS_0x3fa7,CUS_0x3fa7_2024_12_01,1,2025-06-01
CUS_0x3fb3,CUS_0x3fb3_2024_12_01,0,2025-06-01
CUS_0x3ff5,CUS_0x3ff5_2024_12_01,0,2025-06-01
CUS_0x408c,CUS_0x408c_2024_12_01,1,2025-06-01
CUS_0x4132,CUS_0x4132_2024_12_01,1,2025-06-01
CUS_0x4188,CUS_0x4188_2024_12_01,0,2025-06-01
CUS_0x41a8,CUS_0x41a8_2024_12_01,0,2025-06-01
CUS_0x4293,CUS_0x4293_2024_12_01,1,2025-06-01
CUS_0x42c0,CUS_0x42c0_2024_12_01,0,2025-06-01
CUS_0x42e4,CUS_0x42e4_2024_12_01,1,2025-06-01
CUS_0x42f,CUS_0x42f_2024_12_01,0,2025-06-01
CUS_0x4314,CUS_0x4314_2024_12_01,0,2025-06-01
CUS_0x432e,CUS_0x432e_2024_12_01,0,2025-06-01
CUS_0x43bf,CUS_0x43bf_2024_12_01,0,2025-06-01
CUS_0x43c0,CUS_0x43c0_2024_12_01,1,2025-06-01
CUS_0x43c3,CUS_0x43c3_2024_12_01,1,2025-06-01
CUS_0x441e,CUS_0x441e_2024_12_01,0,2025-06-01
CUS_0x44dc,CUS_0x44dc_2024_12_01,1,2025-06-01
CUS_0x44fc,CUS_0x44fc_2024_12_01,1,2025-06-01
CUS_0x45b4,CUS_0x45b4_2024_12_01,1,2025-06-01
CUS_0x46d4,CUS_0x46d4_2024_12_01,0,2025-06-01
CUS_0x4722,CUS_0x4722_2024_12_01,0,2025-06-01
CUS_0x477b,CUS_0x477b_2024_12_01,0,2025-06-01
CUS_0x47ea,CUS_0x47ea_2024_12_01,0,2025-06-01
CUS_0x47ec,CUS_0x47ec_2024_12_01,1,2025-06-01
CUS_0x4831,CUS_0x4831_2024_12_01,0,2025-06-01
CUS_0x48a,CUS_0x48a_2024_12_01,0,2025-06-01
CUS_0x48c6,CUS_0x48c6_2024_12_01,1,2025-06-01
CUS_0x48ef,CUS_0x48ef_2024_12_01,0,2025-06-01
CUS_0x490e,CUS_0x490e_2024_12_01,1,2025-06-01
CUS_0x4931,CUS_0x4931_2024_12_01,1,2025-06-01
CUS_0x49a4,CUS_0x49a4_2024_12_01,1,2025-06-01
CUS_0x4ad7,CUS_0x4ad7_2024_12_01,1,2025-06-01
CUS_0x4b76,CUS_0x4b76_2024_12_01,0,2025-06-01
CUS_0x4ba1,CUS_0x4ba1_2024_12_01,1,2025-06-01
CUS_0x4c44,CUS_0x4c44_2024_12_01,1,2025-06-01
CUS_0x4c84,CUS_0x4c84_2024_12_01,0,2025-06-01
CUS_0x4c9b,CUS_0x4c9b_2024_12_01,0,2025-06-01
CUS_0x4ce8,CUS_0x4ce8_2024_12_01,1,2025-06-01
CUS_0x4d0f,CUS_0x4d0f_2024_12_01,0,2025-06-01
CUS_0x4da6,CUS_0x4da6_2024_12_01,1,2025-06-01
CUS_0x4e2,CUS_0x4e2_2024_12_01,1,2025-06-01
CUS_0x4e35,CUS_0x4e35_2024_12_01,0,2025-06-01
CUS_0x4e66,CUS_0x4e66_2024_12_01,0,2025-06-01
CUS_0x4f26,CUS_0x4f26_2024_12_01,0,2025-06-01
CUS_0x500d,CUS_0x500d_2024_12_01,1,2025-06-01
CUS_0x50c6,CUS_0x50c6_2024_12_01,0,2025-06-01
CUS_0x50df,CUS_0x50df_2024_12_01,0,2025-06-01
CUS_0x50ee,CUS_0x50ee_2024_12_01,1,2025-06-01
CUS_0x5197,CUS_0x5197_2024_12_01,0,2025-06-01
CUS_0x51e3,CUS_0x51e3_2024_12_01,1,2025-06-01
CUS_0x5228,CUS_0x5228_2024_12_01,0,2025-06-01
CUS_0x524f,CUS_0x524f_2024_12_01,0,2025-06-01
CUS_0x5254,CUS_0x5254_2024_12_01,1,2025-06-01
CUS_0x52bf,CUS_0x52bf_2024_12_01,0,2025-06-01
CUS_0x5382,CUS_0x5382_2024_12_01,0,2025-06-01
CUS_0x54b3,CUS_0x54b3_2024_12_01,1,2025-06-01
CUS_0x556e,CUS_0x556e_2024_12_01,0,2025-06-01
CUS_0x558f,CUS_0x558f_2024_12_01,0,2025-06-01
CUS_0x55fd,CUS_0x55fd_2024_12_01,0,2025-06-01
CUS_0x574d,CUS_0x574d_2024_12_01,0,2025-06-01
CUS_0x579e,CUS_0x579e_2024_12_01,1,2025-06-01
CUS_0x57c,CUS_0x57c_2024_12_01,0,2025-06-01
CUS_0x5833,CUS_0x5833_2024_12_01,0,2025-06-01
CUS_0x5873,CUS_0x5873_2024_12_01,1,2025-06-01
CUS_0x58e3,CUS_0x58e3_2024_12_01,0,2025-06-01
CUS_0x591,CUS_0x591_2024_12_01,0,2025-06-01
CUS_0x597c,CUS_0x597c_2024_12_01,1,2025-06-01
CUS_0x5a61,CUS_0x5a61_2024_12_01,1,2025-06-01
CUS_0x5a89,CUS_0x5a89_2024_12_01,0,2025-06-01
CUS_0x5aa9,CUS_0x5aa9_2024_12_01,0,2025-06-01
CUS_0x5ae2,CUS_0x5ae2_2024_12_01,0,2025-06-01
CUS_0x5afa,CUS_0x5afa_2024_12_01,1,2025-06-01
CUS_0x5afd,CUS_0x5afd_2024_12_01,0,2025-06-01
CUS_0x5b0a,CUS_0x5b0a_2024_12_01,0,2025-06-01
CUS_0x5b0f,CUS_0x5b0f_2024_12_01,0,2025-06-01
CUS_0x5b20,CUS_0x5b20_2024_12_01,0,2025-06-01
CUS_0x5bc7,CUS_0x5bc7_2024_12_01,0,2025-06-01
CUS_0x5e44,CUS_0x5e44_2024_12_01,0,2025-06-01
CUS_0x5ee0,CUS_0x5ee0_2024_12_01,0,2025-06-01
CUS_0x5f59,CUS_0x5f59_2024_12_01,0,2025-06-01
CUS_0x5fa9,CUS_0x5fa9_2024_12_01,0,2025-06-01
CUS_0x5fdb,CUS_0x5fdb_2024_12_01,0,2025-06-01
CUS_0x5fe6,CUS_0x5fe6_2024_12_01,0,2025-06-01
CUS_0x6015,CUS_0x6015_2024_12_01,0,2025-06-01
CUS_0x602a,CUS_0x602a_2024_12_01,1,2025-06-01
CUS_0x6088,CUS_0x6088_2024_12_01,1,2025-06-01
CUS_0x60ae,CUS_0x60ae_2024_12_01,0,2025-06-01
CUS_0x6133,CUS_0x6133_2024_12_01,0,2025-06-01
CUS_0x61ff,CUS_0x61ff_2024_12_01,1,2025-06-01
CUS_0x6256,CUS_0x6256_2024_12_01,0,2025-06-01
CUS_0x62c7,CUS_0x62c7_2024_12_01,0,2025-06-01
CUS_0x638b,CUS_0x638b_2024_12_01,0,2025-06-01
CUS_0x63de,CUS_0x63de_2024_12_01,0,2025-06-01
CUS_0x63f7,CUS_0x63f7_2024_12_01,0,2025-06-01
CUS_0x6410,CUS_0x6410_2024_12_01,1,2025-06-01
CUS_0x6472,CUS_0x6472_2024_12_01,0,2025-06-01
CUS_0x6503,CUS_0x6503_2024_12_01,0,2025-06-01
CUS_0x652c,CUS_0x652c_2024_12_01,0,2025-06-01
CUS_0x6649,CUS_0x6649_2024_12_01,0,2025-06-01
CUS_0x6692,CUS_0x6692_2024_12_01,0,2025-06-01
CUS_0x66b8,CUS_0x66b8_2024_12_01,0,2025-06-01
CUS_0x66c8,CUS_0x66c8_2024_12_01,0,2025-06-01
CUS_0x66e3,CUS_0x66e3_2024_12_01,0,2025-06-01
CUS_0x670d,CUS_0x670d_2024_12_01,1,2025-06-01
CUS_0x674a,CUS_0x674a_2024_12_01,0,2025-06-01
CUS_0x677a,CUS_0x677a_2024_12_01,0,2025-06-01
CUS_0x6781,CUS_0x6781_2024_12_01,0,2025-06-01
CUS_0x67aa,CUS_0x67aa_2024_12_01,0,2025-06-01
CUS_0x67af,CUS_0x67af_2024_12_01,1,2025-06-01
CUS_0x6877,CUS_0x6877_2024_12_01,0,2025-06-01
CUS_0x689c,CUS_0x689c_2024_12_01,0,2025-06-01
CUS_0x69ea,CUS_0x69ea_2024_12_01,0,2025-06-01
CUS_0x69eb,CUS_0x69eb_2024_12_01,1,2025-06-01
CUS_0x6a39,CUS_0x6a39_2024_12_01,1,2025-06-01
CUS_0x6a7,CUS_0x6a7_2024_12_01,0,2025-06-01
CUS_0x6a9d,CUS_0x6a9d_2024_12_01,1,2025-06-01
CUS_0x6b57,CUS_0x6b57_2024_12_01,0,2025-06-01
CUS_0x6b7f,CUS_0x6b7f_2024_12_01,0,2025-06-01
CUS_0x6b94,CUS_0x6b94_2024_12_01,0,2025-06-01
CUS_0x6c89,CUS_0x6c89_2024_12_01,0,2025-06-01
CUS_0x6d63,CUS_0x6d63_2024_12_01,1,2025-06-01
CUS_0x6d9f,CUS_0x6d9f_2024_12_01,1,2025-06-01
CUS_0x6da9,CUS_0x6da9_2024_12_01,0,2025-06-01
CUS_0x6dd7,CUS_0x6dd7_2024_12_01,1,2025-06-01
CUS_0x6e06,CUS_0x6e06_2024_12_01,0,2025-06-01
CUS_0x6e0d,CUS_0x6e0d_2024_12_01,0,2025-06-01
CUS_0x6e13,CUS_0x6e13_2024_12_01,0,2025-06-01
CUS_0x6e2a,CUS_0x6e2a_2024_12_01,1,2025-06-01
CUS_0x6ec8,CUS_0x6ec8_2024_12_01,0,2025-06-01
CUS_0x6ed7,CUS_0x6ed7_2024_12_01,1,2025-06-01
CUS_0x6ef2,CUS_0x6ef2_2024_12_01,0,2025-06-01
CUS_0x70bc,CUS_0x70bc_2024_12_01,0,2025-06-01
CUS_0x714a,CUS_0x714a_2024_12_01,0,2025-06-01
CUS_0x7167,CUS_0x7167_2024_12_01,0,2025-06-01
CUS_0x717a,CUS_0x717a_2024_12_01,0,2025-06-01
CUS_0x7255,CUS_0x7255_2024_12_01,0,2025-06-01
CUS_0x72a8,CUS_0x72a8_2024_12_01,0,2025-06-01
CUS_0x72e9,CUS_0x72e9_2024_12_01,0,2025-06-01
CUS_0x7341,CUS_0x7341_2024_12_01,0,2025-06-01
CUS_0x7438,CUS_0x7438_2024_12_01,0,2025-06-01
CUS_0x745a,CUS_0x745a_2024_12_01,0,2025-06-01
CUS_0x7483,CUS_0x7483_2024_12_01,0,2025-06-01
CUS_0x7577,CUS_0x7577_2024_12_01,0,2025-06-01
CUS_0x758c,CUS_0x758c_2024_12_01,1,2025-06-01
CUS_0x768c,CUS_0x768c_2024_12_01,1,2025-06-01
CUS_0x76b0,CUS_0x76b0_2024_12_01,1,2025-06-01
CUS_0x771d,CUS_0x771d_2024_12_01,0,2025-06-01
CUS_0x774,CUS_0x774_2024_12_01,0,2025-06-01
CUS_0x775d,CUS_0x775d_2024_12_01,0,2025-06-01
CUS_0x7765,CUS_0x7765_2024_12_01,0,2025-06-01
CUS_0x7888,CUS_0x7888_2024_12_01,0,2025-06-01
CUS_0x79a,CUS_0x79a_2024_12_01,0,2025-06-01
CUS_0x79d1,CUS_0x79d1_2024_12_01,0,2025-06-01
CUS_0x7a53,CUS_0x7a53_2024_12_01,1,2025-06-01
CUS_0x7a91,CUS_0x7a91_2024_12_01,0,2025-06-01
CUS_0x7bc3,CUS_0x7bc3_2024_12_01,0,2025-06-01
CUS_0x7bf9,CUS_0x7bf9_2024_12_01,0,2025-06-01
CUS_0x7c51,CUS_0x7c51_2024_12_01,0,2025-06-01
CUS_0x7ce5,CUS_0x7ce5_2024_12_01,0,2025-06-01
CUS_0x7d6f,CUS_0x7d6f_2024_12_01,0,2025-06-01
CUS_0x7dc4,CUS_0x7dc4_2024_12_01,0,2025-06-01
CUS_0x7dc5,CUS_0x7dc5_2024_12_01,0,2025-06-01
CUS_0x7dfc,CUS_0x7dfc_2024_12_01,0,2025-06-01
CUS_0x7e39,CUS_0x7e39_2024_12_01,1,2025-06-01
CUS_0x7e70,CUS_0x7e70_2024_12_01,0,2025-06-01
CUS_0x7f40,CUS_0x7f40_2024_12_01,0,2025-06-01
CUS_0x7faa,CUS_0x7faa_2024_12_01,0,2025-06-01
CUS_0x8026,CUS_0x8026_2024_12_01,1,2025-06-01
CUS_0x80c7,CUS_0x80c7_2024_12_01,0,2025-06-01
CUS_0x80ec,CUS_0x80ec_2024_12_01,0,2025-06-01
CUS_0x8109,CUS_0x8109_2024_12_01,1,2025-06-01
CUS_0x810d,CUS_0x810d_2024_12_01,0,2025-06-01
CUS_0x8124,CUS_0x8124_2024_12_01,0,2025-06-01
CUS_0x81c7,CUS_0x81c7_2024_12_01,1,2025-06-01
CUS_0x8264,CUS_0x8264_2024_12_01,0,2025-06-01
CUS_0x82e5,CUS_0x82e5_2024_12_01,0,2025-06-01
CUS_0x8353,CUS_0x8353_2024_12_01,0,2025-06-01
CUS_0x83b5,CUS_0x83b5_2024_12_01,0,2025-06-01
CUS_0x83f,CUS_0x83f_2024_12_01,0,2025-06-01
CUS_0x840f,CUS_0x840f_2024_12_01,0,2025-06-01
CUS_0x8420,CUS_0x8420_2024_12_01,1,2025-06-01
CUS_0x8489,CUS_0x8489_2024_12_01,0,2025-06-01
CUS_0x8608,CUS_0x8608_2024_12_01,1,2025-06-01
CUS_0x86b,CUS_0x86b_2024_12_01,1,2025-06-01
CUS_0x86f6,CUS_0x86f6_2024_12_01,1,2025-06-01
CUS_0x8706,CUS_0x8706_2024_12_01,0,2025-06-01
CUS_0x8716,CUS_0x8716_2024_12_01,1,2025-06-01
CUS_0x87c2,CUS_0x87c2_2024_12_01,0,2025-06-01
CUS_0x8800,CUS_0x8800_2024_12_01,1,2025-06-01
CUS_0x882f,CUS_0x882f_2024_12_01,0,2025-06-01
CUS_0x88b6,CUS_0x88b6_2024_12_01,0,2025-06-01
CUS_0x88fb,CUS_0x88fb_2024_12_01,0,2025-06-01
CUS_0x8934,CUS_0x8934_2024_12_01,0,2025-06-01
CUS_0x8966,CUS_0x8966_2024_12_01,0,2025-06-01
CUS_0x8977,CUS_0x8977_2024_12_01,1,2025-06-01
CUS_0x89aa,CUS_0x89aa_2024_12_01,0,2025-06-01
CUS_0x89c7,CUS_0x89c7_2024_12_01,0,2025-06-01
CUS_0x8a50,CUS_0x8a50_2024_12_01,0,2025-06-01
CUS_0x8ac7,CUS_0x8ac7_2024_12_01,0,2025-06-01
CUS_0x8ae9,CUS_0x8ae9_2024_12_01,0,2025-06-01
CUS_0x8b31,CUS_0x8b31_2024_12_01,0,2025-06-01
CUS_0x8b4f,CUS_0x8b4f_2024_12_01,0,2025-06-01
CUS_0x8b5b,CUS_0x8b5b_2024_12_01,0,2025-06-01
CUS_0x8ba7,CUS_0x8ba7_2024_12_01,0,2025-06-01
CUS_0x8bcd,CUS_0x8bcd_2024_12_01,1,2025-06-01
CUS_0x8c13,CUS_0x8c13_2024_12_01,0,2025-06-01
CUS_0x8c44,CUS_0x8c44_2024_12_01,0,2025-06-01
CUS_0x8c51,CUS_0x8c51_2024_12_01,0,2025-06-01
CUS_0x8d7,CUS_0x8d7_2024_12_01,0,2025-06-01
CUS_0x8d77,CUS_0x8d77_2024_12_01,0,2025-06-01
CUS_0x8ddb,CUS_0x8ddb_2024_12_01,1,2025-06-01
CUS_0x8e8a,CUS_0x8e8a_2024_12_01,0,2025-06-01
CUS_0x8e9c,CUS_0x8e9c_2024_12_01,0,2025-06-01
CUS_0x8f37,CUS_0x8f37_2024_12_01,0,2025-06-01
CUS_0x8f3f,CUS_0x8f3f_2024_12_01,1,2025-06-01
CUS_0x8f74,CUS_0x8f74_2024_12_01,0,2025-06-01
CUS_0x8fec,CUS_0x8fec_2024_12_01,0,2025-06-01
CUS_0x9015,CUS_0x9015_2024_12_01,0,2025-06-01
CUS_0x902e,CUS_0x902e_2024_12_01,0,2025-06-01
CUS_0x903e,CUS_0x903e_2024_12_01,0,2025-06-01
CUS_0x9093,CUS_0x9093_2024_12_01,0,2025-06-01
CUS_0x90d2,CUS_0x90d2_2024_12_01,0,2025-06-01
CUS_0x90fa,CUS_0x90fa_2024_12_01,0,2025-06-01
CUS_0x91f,CUS_0x91f_2024_12_01,0,2025-06-01
CUS_0x922e,CUS_0x922e_2024_12_01,0,2025-06-01
CUS_0x9244,CUS_0x9244_2024_12_01,1,2025-06-01
CUS_0x9251,CUS_0x9251_2024_12_01,1,2025-06-01
CUS_0x926f,CUS_0x926f_2024_12_01,0,2025-06-01
CUS_0x92e5,CUS_0x92e5_2024_12_01,0,2025-06-01
CUS_0x935b,CUS_0x935b_2024_12_01,0,2025-06-01
CUS_0x936d,CUS_0x936d_2024_12_01,0,2025-06-01
CUS_0x94e9,CUS_0x94e9_2024_12_01,1,2025-06-01
CUS_0x950,CUS_0x950_2024_12_01,0,2025-06-01
CUS_0x9562,CUS_0x9562_2024_12_01,0,2025-06-01
CUS_0x9584,CUS_0x9584_2024_12_01,1,2025-06-01
CUS_0x961f,CUS_0x961f_2024_12_01,0,2025-06-01
CUS_0x962b,CUS_0x962b_2024_12_01,0,2025-06-01
CUS_0x9641,CUS_0x9641_2024_12_01,0,2025-06-01
CUS_0x97e3,CUS_0x97e3_2024_12_01,0,2025-06-01
CUS_0x97f7,CUS_0x97f7_2024_12_01,0,2025-06-01
CUS_0x986c,CUS_0x986c_2024_12_01,0,2025-06-01
CUS_0x9885,CUS_0x9885_2024_12_01,0,2025-06-01
CUS_0x98a8,CUS_0x98a8_2024_12_01,0,2025-06-01
CUS_0x9a29,CUS_0x9a29_2024_12_01,1,2025-06-01
CUS_0x9a86,CUS_0x9a86_2024_12_01,1,2025-06-01
CUS_0x9a8b,CUS_0x9a8b_2024_12_01,0,2025-06-01
CUS_0x9ae4,CUS_0x9ae4_2024_12_01,0,2025-06-01
CUS_0x9aeb,CUS_0x9aeb_2024_12_01,0,2025-06-01
CUS_0x9b0e,CUS_0x9b0e_2024_12_01,0,2025-06-01
CUS_0x9b22,CUS_0x9b22_2024_12_01,0,2025-06-01
CUS_0x9b37,CUS_0x9b37_2024_12_01,0,2025-06-01
CUS_0x9b8b,CUS_0x9b8b_2024_12_01,0,2025-06-01
CUS_0x9be7,CUS_0x9be7_2024_12_01,0,2025-06-01
CUS_0x9cf7,CUS_0x9cf7_2024_12_01,0,2025-06-01
CUS_0x9ea,CUS_0x9ea_2024_12_01,0,2025-06-01
CUS_0x9ead,CUS_0x9ead_2024_12_01,1,2025-06-01
CUS_0x9ef9,CUS_0x9ef9_2024_12_01,0,2025-06-01
CUS_0x9f69,CUS_0x9f69_2024_12_01,0,2025-06-01
CUS_0x9fdc,CUS_0x9fdc_2024_12_01,0,2025-06-01
CUS_0x9fff,CUS_0x9fff_2024_12_01,0,2025-06-01
CUS_0xa166,CUS_0xa166_2024_12_01,0,2025-06-01
CUS_0xa262,CUS_0xa262_2024_12_01,0,2025-06-01
CUS_0xa27d,CUS_0xa27d_2024_12_01,1,2025-06-01
CUS_0xa2db,CUS_0xa2db_2024_12_01,0,2025-06-01
CUS_0xa2dd,CUS_0xa2dd_2024_12_01,1,2025-06-01
CUS_0xa319,CUS_0xa319_2024_12_01,0,2025-06-01
CUS_0xa3b4,CUS_0xa3b4_2024_12_01,0,2025-06-01
CUS_0xa3ba,CUS_0xa3ba_2024_12_01,1,2025-06-01
CUS_0xa446,CUS_0xa446_2024_12_01,1,2025-06-01
CUS_0xa4ab,CUS_0xa4ab_2024_12_01,0,2025-06-01
CUS_0xa4c3,CUS_0xa4c3_2024_12_01,1,2025-06-01
CUS_0xa4d9,CUS_0xa4d9_2024_12_01,0,2025-06-01
CUS_0xa522,CUS_0xa522_2024_12_01,0,2025-06-01
CUS_0xa607,CUS_0xa607_2024_12_01,0,2025-06-01
CUS_0xa776,CUS_0xa776_2024_12_01,1,2025-06-01
CUS_0xa79e,CUS_0xa79e_2024_12_01,0,2025-06-01
CUS_0xa7db,CUS_0xa7db_2024_12_01,0,2025-06-01
CUS_0xa848,CUS_0xa848_2024_12_01,0,2025-06-01
CUS_0xa8b9,CUS_0xa8b9_2024_12_01,1,2025-06-01
CUS_0xa936,CUS_0xa936_2024_12_01,0,2025-06-01
CUS_0xa969,CUS_0xa969_2024_12_01,0,2025-06-01
CUS_0xa974,CUS_0xa974_2024_12_01,0,2025-06-01
CUS_0xa9a9,CUS_0xa9a9_2024_12_01,0,2025-06-01
CUS_0xaa39,CUS_0xaa39_2024_12_01,0,2025-06-01
CUS_0xaa6e,CUS_0xaa6e_2024_12_01,0,2025-06-01
CUS_0xaadb,CUS_0xaadb_2024_12_01,0,2025-06-01
CUS_0xab00,CUS_0xab00_2024_12_01,1,2025-06-01
CUS_0xab78,CUS_0xab78_2024_12_01,0,2025-06-01
CUS_0xabf0,CUS_0xabf0_2024_12_01,1,2025-06-01
CUS_0xac29,CUS_0xac29_2024_12_01,1,2025-06-01
CUS_0xac4f,CUS_0xac4f_2024_12_01,0,2025-06-01
CUS_0xac5f,CUS_0xac5f_2024_12_01,0,2025-06-01
CUS_0xaccf,CUS_0xaccf_2024_12_01,0,2025-06-01
CUS_0xace3,CUS_0xace3_2024_12_01,0,2025-06-01
CUS_0xad46,CUS_0xad46_2024_12_01,0,2025-06-01
CUS_0xadbd,CUS_0xadbd_2024_12_01,0,2025-06-01
CUS_0xadc4,CUS_0xadc4_2024_12_01,0,2025-06-01
CUS_0xae89,CUS_0xae89_2024_12_01,0,2025-06-01
CUS_0xaf5f,CUS_0xaf5f_2024_12_01,0,2025-06-01
CUS_0xb047,CUS_0xb047_2024_12_01,0,2025-06-01
CUS_0xb05d,CUS_0xb05d_2024_12_01,0,2025-06-01
CUS_0xb0d3,CUS_0xb0d3_2024_12_01,0,2025-06-01
CUS_0xb11c,CUS_0xb11c_2024_12_01,1,2025-06-01
CUS_0xb167,CUS_0xb167_2024_12_01,0,2025-06-01
CUS_0xb1d2,CUS_0xb1d2_2024_12_01,0,2025-06-01
CUS_0xb2f6,CUS_0xb2f6_2024_12_01,1,2025-06-01
CUS_0xb328,CUS_0xb328_2024_12_01,0,2025-06-01
CUS_0xb363,CUS_0xb363_2024_12_01,1,2025-06-01
CUS_0xb457,CUS_0xb457_2024_12_01,0,2025-06-01
CUS_0xb45a,CUS_0xb45a_2024_12_01,0,2025-06-01
CUS_0xb48f,CUS_0xb48f_2024_12_01,0,2025-06-01
CUS_0xb4b3,CUS_0xb4b3_2024_12_01,0,2025-06-01
CUS_0xb4cb,CUS_0xb4cb_2024_12_01,0,2025-06-01
CUS_0xb4cc,CUS_0xb4cc_2024_12_01,0,2025-06-01
CUS_0xb560,CUS_0xb560_2024_12_01,0,2025-06-01
CUS_0xb626,CUS_0xb626_2024_12_01,1,2025-06-01
CUS_0xb71e,CUS_0xb71e_2024_12_01,0,2025-06-01
CUS_0xb787,CUS_0xb787_2024_12_01,1,2025-06-01
CUS_0xb7b1,CUS_0xb7b1_2024_12_01,0,2025-06-01
CUS_0xb7d8,CUS_0xb7d8_2024_12_01,0,2025-06-01
CUS_0xb7d9,CUS_0xb7d9_2024_12_01,0,2025-06-01
CUS_0xb7ea,CUS_0xb7ea_2024_12_01,0,2025-06-01
CUS_0xb7ef,CUS_0xb7ef_2024_12_01,0,2025-06-01
CUS_0xb7f7,CUS_0xb7f7_2024_12_01,0,2025-06-01
CUS_0xb80e,CUS_0xb80e_2024_12_01,1,2025-06-01
CUS_0xb824,CUS_0xb824_2024_12_01,1,2025-06-01
CUS_0xb858,CUS_0xb858_2024_12_01,0,2025-06-01
CUS_0xb87,CUS_0xb87_2024_12_01,0,2025-06-01
CUS_0xb884,CUS_0xb884_2024_12_01,1,2025-06-01
CUS_0xb8a8,CUS_0xb8a8_2024_12_01,0,2025-06-01
CUS_0xb958,CUS_0xb958_2024_12_01,0,2025-06-01
CUS_0xb969,CUS_0xb969_2024_12_01,1,2025-06-01
CUS_0xb9ca,CUS_0xb9ca_2024_12_01,0,2025-06-01
CUS_0xb9fd,CUS_0xb9fd_2024_12_01,0,2025-06-01
CUS_0xba11,CUS_0xba11_2024_12_01,0,2025-06-01
CUS_0xba21,CUS_0xba21_2024_12_01,0,2025-06-01
CUS_0xba8,CUS_0xba8_2024_12_01,1,2025-06-01
CUS_0xbae3,CUS_0xbae3_2024_12_01,0,2025-06-01
CUS_0xbb1f,CUS_0xbb1f_2024_12_01,1,2025-06-01
CUS_0xbb82,CUS_0xbb82_2024_12_01,0,2025-06-01
CUS_0xbba8,CUS_0xbba8_2024_12_01,0,2025-06-01
CUS_0xbbbb,CUS_0xbbbb_2024_12_01,0,2025-06-01
CUS_0xbbec,CUS_0xbbec_2024_12_01,0,2025-06-01
CUS_0xbbf3,CUS_0xbbf3_2024_12_01,0,2025-06-01
CUS_0xbbff,CUS_0xbbff_2024_12_01,0,2025-06-01
CUS_0xbc0c,CUS_0xbc0c_2024_12_01,0,2025-06-01
CUS_0xbd5e,CUS_0xbd5e_2024_12_01,0,2025-06-01
CUS_0xbdc2,CUS_0xbdc2_2024_12_01,0,2025-06-01
CUS_0xbe0a,CUS_0xbe0a_2024_12_01,0,2025-06-01
CUS_0xbe46,CUS_0xbe46_2024_12_01,0,2025-06-01
CUS_0xbe4d,CUS_0xbe4d_2024_12_01,0,2025-06-01
CUS_0xbe62,CUS_0xbe62_2024_12_01,1,2025-06-01
CUS_0xbe9a,CUS_0xbe9a_2024_12_01,0,2025-06-01
CUS_0xbebf,CUS_0xbebf_2024_12_01,0,2025-06-01
CUS_0xbf3a,CUS_0xbf3a_2024_12_01,0,2025-06-01
CUS_0xbf60,CUS_0xbf60_2024_12_01,1,2025-06-01
CUS_0xbf7f,CUS_0xbf7f_2024_12_01,0,2025-06-01
CUS_0xbfe4,CUS_0xbfe4_2024_12_01,0,2025-06-01
CUS_0xbfe8,CUS_0xbfe8_2024_12_01,1,2025-06-01
CUS_0xc000,CUS_0xc000_2024_12_01,0,2025-06-01
CUS_0xc042,CUS_0xc042_2024_12_01,0,2025-06-01
CUS_0xc06a,CUS_0xc06a_2024_12_01,1,2025-06-01
CUS_0xc0e7,CUS_0xc0e7_2024_12_01,0,2025-06-01
CUS_0xc0fd,CUS_0xc0fd_2024_12_01,0,2025-06-01
CUS_0xc10,CUS_0xc10_2024_12_01,1,2025-06-01
CUS_0xc21f,CUS_0xc21f_2024_12_01,0,2025-06-01
CUS_0xc24b,CUS_0xc24b_2024_12_01,1,2025-06-01
CUS_0xc2da,CUS_0xc2da_2024_12_01,0,2025-06-01
CUS_0xc2ee,CUS_0xc2ee_2024_12_01,0,2025-06-01
CUS_0xc4de,CUS_0xc4de_2024_12_01,1,2025-06-01
CUS_0xc51,CUS_0xc51_2024_12_01,0,2025-06-01
CUS_0xc530,CUS_0xc530_2024_12_01,0,2025-06-01
CUS_0xc57,CUS_0xc57_2024_12_01,0,2025-06-01
CUS_0xc5ae,CUS_0xc5ae_2024_12_01,0,2025-06-01
CUS_0xc60d,CUS_0xc60d_2024_12_01,1,2025-06-01
CUS_0xcc2,CUS_0xcc2_2024_12_01,1,2025-06-01
CUS_0xcd5,CUS_0xcd5_2024_12_01,1,2025-06-01
CUS_0xd4d,CUS_0xd4d_2024_12_01,0,2025-06-01
CUS_0xdba,CUS_0xdba_2024_12_01,1,2025-06-01
CUS_0xe6c,CUS_0xe6c_2024_12_01,0,2025-06-01
CUS_0xe99,CUS_0xe99_2024_12_01,0,2025-06-01
CUS_0xf55,CUS_0xf55_2024_12_01,1,2025-06-01
CUS_0xfd1,CUS_0xfd1_2024_12_01,0,2025-06-01
CUS_0xff4,CUS_0xff4_2024_12_01,0,2025-06-01
CUS_0x1009,CUS_0x1009_2025_01_01,0,2025-07-01
CUS_0x1098,CUS_0x1098_2025_01_01,1,2025-07-01
CUS_0x109f,CUS_0x109f_2025_01_01,0,2025-07-01
CUS_0x10b6,CUS_0x10b6_2025_01_01,0,2025-07-01
CUS_0x10e2,CUS_0x10e2_2025_01_01,0,2025-07-01
CUS_0x114b,CUS_0x114b_2025_01_01,0,2025-07-01
CUS_0x11b7,CUS_0x11b7_2025_01_01,0,2025-07-01
CUS_0x11c1,CUS_0x11c1_2025_01_01,0,2025-07-01
CUS_0x11d9,CUS_0x11d9_2025_01_01,0,2025-07-01
CUS_0x120d,CUS_0x120d_2025_01_01,0,2025-07-01
CUS_0x1258,CUS_0x1258_2025_01_01,0,2025-07-01
CUS_0x130c,CUS_0x130c_2025_01_01,1,2025-07-01
CUS_0x133d,CUS_0x133d_2025_01_01,0,2025-07-01
CUS_0x133f,CUS_0x133f_2025_01_01,0,2025-07-01
CUS_0x13e4,CUS_0x13e4_2025_01_01,0,2025-07-01
CUS_0x1463,CUS_0x1463_2025_01_01,0,2025-07-01
CUS_0x1499,CUS_0x1499_2025_01_01,0,2025-07-01
CUS_0x15c5,CUS_0x15c5_2025_01_01,0,2025-07-01
CUS_0x165f,CUS_0x165f_2025_01_01,0,2025-07-01
CUS_0x1697,CUS_0x1697_2025_01_01,1,2025-07-01
CUS_0x16ae,CUS_0x16ae_2025_01_01,0,2025-07-01
CUS_0x1705,CUS_0x1705_2025_01_01,0,2025-07-01
CUS_0x1806,CUS_0x1806_2025_01_01,0,2025-07-01
CUS_0x18b5,CUS_0x18b5_2025_01_01,1,2025-07-01
CUS_0x18be,CUS_0x18be_2025_01_01,1,2025-07-01
CUS_0x19a3,CUS_0x19a3_2025_01_01,1,2025-07-01
CUS_0x1a23,CUS_0x1a23_2025_01_01,0,2025-07-01
CUS_0x1a86,CUS_0x1a86_2025_01_01,1,2025-07-01
CUS_0x1be1,CUS_0x1be1_2025_01_01,1,2025-07-01
CUS_0x1c59,CUS_0x1c59_2025_01_01,0,2025-07-01
CUS_0x1cbd,CUS_0x1cbd_2025_01_01,0,2025-07-01
CUS_0x1cbe,CUS_0x1cbe_2025_01_01,0,2025-07-01
CUS_0x1ccd,CUS_0x1ccd_2025_01_01,0,2025-07-01
CUS_0x1de9,CUS_0x1de9_2025_01_01,0,2025-07-01
CUS_0x1deb,CUS_0x1deb_2025_01_01,0,2025-07-01
CUS_0x1f15,CUS_0x1f15_2025_01_01,1,2025-07-01
CUS_0x1f2f,CUS_0x1f2f_2025_01_01,0,2025-07-01
CUS_0x206c,CUS_0x206c_2025_01_01,0,2025-07-01
CUS_0x20e5,CUS_0x20e5_2025_01_01,0,2025-07-01
CUS_0x21ac,CUS_0x21ac_2025_01_01,1,2025-07-01
CUS_0x21be,CUS_0x21be_2025_01_01,0,2025-07-01
CUS_0x22c1,CUS_0x22c1_2025_01_01,0,2025-07-01
CUS_0x22c5,CUS_0x22c5_2025_01_01,0,2025-07-01
CUS_0x22f7,CUS_0x22f7_2025_01_01,0,2025-07-01
CUS_0x22fe,CUS_0x22fe_2025_01_01,0,2025-07-01
CUS_0x23eb,CUS_0x23eb_2025_01_01,1,2025-07-01
CUS_0x243a,CUS_0x243a_2025_01_01,0,2025-07-01
CUS_0x24e0,CUS_0x24e0_2025_01_01,0,2025-07-01
CUS_0x24ef,CUS_0x24ef_2025_01_01,1,2025-07-01
CUS_0x255b,CUS_0x255b_2025_01_01,1,2025-07-01
CUS_0x2596,CUS_0x2596_2025_01_01,1,2025-07-01
CUS_0x25ad,CUS_0x25ad_2025_01_01,1,2025-07-01
CUS_0x25f2,CUS_0x25f2_2025_01_01,0,2025-07-01
CUS_0x2697,CUS_0x2697_2025_01_01,0,2025-07-01
CUS_0x26b0,CUS_0x26b0_2025_01_01,0,2025-07-01
CUS_0x26bf,CUS_0x26bf_2025_01_01,0,2025-07-01
CUS_0x2728,CUS_0x2728_2025_01_01,0,2025-07-01
CUS_0x27a6,CUS_0x27a6_2025_01_01,0,2025-07-01
CUS_0x27ad,CUS_0x27ad_2025_01_01,0,2025-07-01
CUS_0x27f4,CUS_0x27f4_2025_01_01,0,2025-07-01
CUS_0x2801,CUS_0x2801_2025_01_01,1,2025-07-01
CUS_0x281d,CUS_0x281d_2025_01_01,0,2025-07-01
CUS_0x28c4,CUS_0x28c4_2025_01_01,0,2025-07-01
CUS_0x28df,CUS_0x28df_2025_01_01,1,2025-07-01
CUS_0x28ee,CUS_0x28ee_2025_01_01,1,2025-07-01
CUS_0x290d,CUS_0x290d_2025_01_01,0,2025-07-01
CUS_0x292b,CUS_0x292b_2025_01_01,0,2025-07-01
CUS_0x2991,CUS_0x2991_2025_01_01,1,2025-07-01
CUS_0x29a2,CUS_0x29a2_2025_01_01,0,2025-07-01
CUS_0x2a11,CUS_0x2a11_2025_01_01,0,2025-07-01
CUS_0x2a64,CUS_0x2a64_2025_01_01,0,2025-07-01
CUS_0x2ad4,CUS_0x2ad4_2025_01_01,1,2025-07-01
CUS_0x2b2c,CUS_0x2b2c_2025_01_01,0,2025-07-01
CUS_0x2b6a,CUS_0x2b6a_2025_01_01,0,2025-07-01
CUS_0x2b98,CUS_0x2b98_2025_01_01,1,2025-07-01
CUS_0x2bdd,CUS_0x2bdd_2025_01_01,0,2025-07-01
CUS_0x2bf3,CUS_0x2bf3_2025_01_01,0,2025-07-01
CUS_0x2c7d,CUS_0x2c7d_2025_01_01,0,2025-07-01
CUS_0x2d64,CUS_0x2d64_2025_01_01,0,2025-07-01
CUS_0x2d7e,CUS_0x2d7e_2025_01_01,0,2025-07-01
CUS_0x2db5,CUS_0x2db5_2025_01_01,0,2025-07-01
CUS_0x2dc6,CUS_0x2dc6_2025_01_01,0,2025-07-01
CUS_0x2e1d,CUS_0x2e1d_2025_01_01,0,2025-07-01
CUS_0x2e55,CUS_0x2e55_2025_01_01,0,2025-07-01
CUS_0x2e8b,CUS_0x2e8b_2025_01_01,0,2025-07-01
CUS_0x2ec6,CUS_0x2ec6_2025_01_01,0,2025-07-01
CUS_0x2f04,CUS_0x2f04_2025_01_01,0,2025-07-01
CUS_0x2f24,CUS_0x2f24_2025_01_01,1,2025-07-01
CUS_0x2f69,CUS_0x2f69_2025_01_01,0,2025-07-01
CUS_0x3026,CUS_0x3026_2025_01_01,1,2025-07-01
CUS_0x303d,CUS_0x303d_2025_01_01,1,2025-07-01
CUS_0x3060,CUS_0x3060_2025_01_01,0,2025-07-01
CUS_0x3097,CUS_0x3097_2025_01_01,0,2025-07-01
CUS_0x320e,CUS_0x320e_2025_01_01,0,2025-07-01
CUS_0x32d3,CUS_0x32d3_2025_01_01,0,2025-07-01
CUS_0x332b,CUS_0x332b_2025_01_01,0,2025-07-01
CUS_0x3415,CUS_0x3415_2025_01_01,0,2025-07-01
CUS_0x3430,CUS_0x3430_2025_01_01,1,2025-07-01
CUS_0x34fb,CUS_0x34fb_2025_01_01,0,2025-07-01
CUS_0x3530,CUS_0x3530_2025_01_01,0,2025-07-01
CUS_0x3631,CUS_0x3631_2025_01_01,1,2025-07-01
CUS_0x3644,CUS_0x3644_2025_01_01,0,2025-07-01
CUS_0x367d,CUS_0x367d_2025_01_01,1,2025-07-01
CUS_0x369d,CUS_0x369d_2025_01_01,1,2025-07-01
CUS_0x36ab,CUS_0x36ab_2025_01_01,0,2025-07-01
CUS_0x36d3,CUS_0x36d3_2025_01_01,0,2025-07-01
CUS_0x36eb,CUS_0x36eb_2025_01_01,1,2025-07-01
CUS_0x3709,CUS_0x3709_2025_01_01,0,2025-07-01
CUS_0x3849,CUS_0x3849_2025_01_01,0,2025-07-01
CUS_0x38a4,CUS_0x38a4_2025_01_01,0,2025-07-01
CUS_0x3915,CUS_0x3915_2025_01_01,1,2025-07-01
CUS_0x39c0,CUS_0x39c0_2025_01_01,1,2025-07-01
CUS_0x3a70,CUS_0x3a70_2025_01_01,0,2025-07-01
CUS_0x3b01,CUS_0x3b01_2025_01_01,1,2025-07-01
CUS_0x3bbf,CUS_0x3bbf_2025_01_01,0,2025-07-01
CUS_0x3c55,CUS_0x3c55_2025_01_01,0,2025-07-01
CUS_0x3c95,CUS_0x3c95_2025_01_01,0,2025-07-01
CUS_0x3d10,CUS_0x3d10_2025_01_01,0,2025-07-01
CUS_0x3dfc,CUS_0x3dfc_2025_01_01,0,2025-07-01
CUS_0x3e52,CUS_0x3e52_2025_01_01,0,2025-07-01
CUS_0x3e7e,CUS_0x3e7e_2025_01_01,0,2025-07-01
CUS_0x3e91,CUS_0x3e91_2025_01_01,0,2025-07-01
CUS_0x3f4a,CUS_0x3f4a_2025_01_01,0,2025-07-01
CUS_0x3f83,CUS_0x3f83_2025_01_01,1,2025-07-01
CUS_0x3f9c,CUS_0x3f9c_2025_01_01,0,2025-07-01
CUS_0x3fde,CUS_0x3fde_2025_01_01,0,2025-07-01
CUS_0x3feb,CUS_0x3feb_2025_01_01,1,2025-07-01
CUS_0x4028,CUS_0x4028_2025_01_01,0,2025-07-01
CUS_0x40bc,CUS_0x40bc_2025_01_01,1,2025-07-01
CUS_0x4187,CUS_0x4187_2025_01_01,1,2025-07-01
CUS_0x4190,CUS_0x4190_2025_01_01,1,2025-07-01
CUS_0x4198,CUS_0x4198_2025_01_01,0,2025-07-01
CUS_0x419f,CUS_0x419f_2025_01_01,0,2025-07-01
CUS_0x41d4,CUS_0x41d4_2025_01_01,0,2025-07-01
CUS_0x426a,CUS_0x426a_2025_01_01,0,2025-07-01
CUS_0x427b,CUS_0x427b_2025_01_01,0,2025-07-01
CUS_0x4334,CUS_0x4334_2025_01_01,1,2025-07-01
CUS_0x4367,CUS_0x4367_2025_01_01,0,2025-07-01
CUS_0x4403,CUS_0x4403_2025_01_01,0,2025-07-01
CUS_0x440a,CUS_0x440a_2025_01_01,0,2025-07-01
CUS_0x4487,CUS_0x4487_2025_01_01,0,2025-07-01
CUS_0x44c5,CUS_0x44c5_2025_01_01,1,2025-07-01
CUS_0x44f0,CUS_0x44f0_2025_01_01,1,2025-07-01
CUS_0x44f4,CUS_0x44f4_2025_01_01,0,2025-07-01
CUS_0x4587,CUS_0x4587_2025_01_01,1,2025-07-01
CUS_0x45ab,CUS_0x45ab_2025_01_01,0,2025-07-01
CUS_0x45ca,CUS_0x45ca_2025_01_01,0,2025-07-01
CUS_0x463,CUS_0x463_2025_01_01,0,2025-07-01
CUS_0x46a,CUS_0x46a_2025_01_01,0,2025-07-01
CUS_0x4779,CUS_0x4779_2025_01_01,1,2025-07-01
CUS_0x479c,CUS_0x479c_2025_01_01,0,2025-07-01
CUS_0x47a6,CUS_0x47a6_2025_01_01,0,2025-07-01
CUS_0x47d3,CUS_0x47d3_2025_01_01,0,2025-07-01
CUS_0x481f,CUS_0x481f_2025_01_01,1,2025-07-01
CUS_0x48c5,CUS_0x48c5_2025_01_01,1,2025-07-01
CUS_0x498a,CUS_0x498a_2025_01_01,0,2025-07-01
CUS_0x4a6a,CUS_0x4a6a_2025_01_01,0,2025-07-01
CUS_0x4afe,CUS_0x4afe_2025_01_01,0,2025-07-01
CUS_0x4bc1,CUS_0x4bc1_2025_01_01,1,2025-07-01
CUS_0x4bff,CUS_0x4bff_2025_01_01,0,2025-07-01
CUS_0x4c34,CUS_0x4c34_2025_01_01,0,2025-07-01
CUS_0x4c80,CUS_0x4c80_2025_01_01,0,2025-07-01
CUS_0x4cae,CUS_0x4cae_2025_01_01,0,2025-07-01
CUS_0x4d03,CUS_0x4d03_2025_01_01,0,2025-07-01
CUS_0x4d4,CUS_0x4d4_2025_01_01,0,2025-07-01
CUS_0x4d77,CUS_0x4d77_2025_01_01,0,2025-07-01
CUS_0x4daf,CUS_0x4daf_2025_01_01,0,2025-07-01
CUS_0x4db6,CUS_0x4db6_2025_01_01,0,2025-07-01
CUS_0x4df9,CUS_0x4df9_2025_01_01,1,2025-07-01
CUS_0x4e26,CUS_0x4e26_2025_01_01,0,2025-07-01
CUS_0x4e5e,CUS_0x4e5e_2025_01_01,0,2025-07-01
CUS_0x4e8b,CUS_0x4e8b_2025_01_01,0,2025-07-01
CUS_0x4ea4,CUS_0x4ea4_2025_01_01,0,2025-07-01
CUS_0x4eea,CUS_0x4eea_2025_01_01,0,2025-07-01
CUS_0x4ef6,CUS_0x4ef6_2025_01_01,1,2025-07-01
CUS_0x4ef9,CUS_0x4ef9_2025_01_01,0,2025-07-01
CUS_0x4efc,CUS_0x4efc_2025_01_01,1,2025-07-01
CUS_0x4f04,CUS_0x4f04_2025_01_01,0,2025-07-01
CUS_0x4f2e,CUS_0x4f2e_2025_01_01,0,2025-07-01
CUS_0x4f51,CUS_0x4f51_2025_01_01,1,2025-07-01
CUS_0x4f6c,CUS_0x4f6c_2025_01_01,1,2025-07-01
CUS_0x4f7c,CUS_0x4f7c_2025_01_01,0,2025-07-01
CUS_0x4fc2,CUS_0x4fc2_2025_01_01,1,2025-07-01
CUS_0x503f,CUS_0x503f_2025_01_01,0,2025-07-01
CUS_0x50af,CUS_0x50af_2025_01_01,0,2025-07-01
CUS_0x512d,CUS_0x512d_2025_01_01,0,2025-07-01
CUS_0x51de,CUS_0x51de_2025_01_01,0,2025-07-01
CUS_0x526a,CUS_0x526a_2025_01_01,0,2025-07-01
CUS_0x52c3,CUS_0x52c3_2025_01_01,0,2025-07-01
CUS_0x5313,CUS_0x5313_2025_01_01,0,2025-07-01
CUS_0x532a,CUS_0x532a_2025_01_01,0,2025-07-01
CUS_0x533e,CUS_0x533e_2025_01_01,1,2025-07-01
CUS_0x5352,CUS_0x5352_2025_01_01,0,2025-07-01
CUS_0x537e,CUS_0x537e_2025_01_01,0,2025-07-01
CUS_0x53f7,CUS_0x53f7_2025_01_01,0,2025-07-01
CUS_0x54b,CUS_0x54b_2025_01_01,1,2025-07-01
CUS_0x54d0,CUS_0x54d0_2025_01_01,0,2025-07-01
CUS_0x54e8,CUS_0x54e8_2025_01_01,0,2025-07-01
CUS_0x5522,CUS_0x5522_2025_01_01,0,2025-07-01
CUS_0x556,CUS_0x556_2025_01_01,1,2025-07-01
CUS_0x5672,CUS_0x5672_2025_01_01,0,2025-07-01
CUS_0x578b,CUS_0x578b_2025_01_01,1,2025-07-01
CUS_0x586c,CUS_0x586c_2025_01_01,0,2025-07-01
CUS_0x58b2,CUS_0x58b2_2025_01_01,0,2025-07-01
CUS_0x58d7,CUS_0x58d7_2025_01_01,0,2025-07-01
CUS_0x5905,CUS_0x5905_2025_01_01,0,2025-07-01
CUS_0x5946,CUS_0x5946_2025_01_01,0,2025-07-01
CUS_0x59bd,CUS_0x59bd_2025_01_01,1,2025-07-01
CUS_0x5a0f,CUS_0x5a0f_2025_01_01,0,2025-07-01
CUS_0x5a83,CUS_0x5a83_2025_01_01,0,2025-07-01
CUS_0x5a88,CUS_0x5a88_2025_01_01,1,2025-07-01
CUS_0x5b37,CUS_0x5b37_2025_01_01,1,2025-07-01
CUS_0x5b61,CUS_0x5b61_2025_01_01,0,2025-07-01
CUS_0x5b8,CUS_0x5b8_2025_01_01,0,2025-07-01
CUS_0x5b8c,CUS_0x5b8c_2025_01_01,0,2025-07-01
CUS_0x5c2c,CUS_0x5c2c_2025_01_01,0,2025-07-01
CUS_0x5cb6,CUS_0x5cb6_2025_01_01,0,2025-07-01
CUS_0x5d14,CUS_0x5d14_2025_01_01,0,2025-07-01
CUS_0x5d5,CUS_0x5d5_2025_01_01,0,2025-07-01
CUS_0x5d67,CUS_0x5d67_2025_01_01,0,2025-07-01
CUS_0x5d6a,CUS_0x5d6a_2025_01_01,1,2025-07-01
CUS_0x5da7,CUS_0x5da7_2025_01_01,0,2025-07-01
CUS_0x5df9,CUS_0x5df9_2025_01_01,0,2025-07-01
CUS_0x5e17,CUS_0x5e17_2025_01_01,1,2025-07-01
CUS_0x5ec2,CUS_0x5ec2_2025_01_01,0,2025-07-01
CUS_0x5ed2,CUS_0x5ed2_2025_01_01,1,2025-07-01
CUS_0x5edc,CUS_0x5edc_2025_01_01,0,2025-07-01
CUS_0x5f05,CUS_0x5f05_2025_01_01,1,2025-07-01
CUS_0x5f22,CUS_0x5f22_2025_01_01,0,2025-07-01
CUS_0x5f49,CUS_0x5f49_2025_01_01,0,2025-07-01
CUS_0x5fab,CUS_0x5fab_2025_01_01,0,2025-07-01
CUS_0x5fde,CUS_0x5fde_2025_01_01,0,2025-07-01
CUS_0x600e,CUS_0x600e_2025_01_01,0,2025-07-01
CUS_0x60c3,CUS_0x60c3_2025_01_01,0,2025-07-01
CUS_0x614f,CUS_0x614f_2025_01_01,1,2025-07-01
CUS_0x61a7,CUS_0x61a7_2025_01_01,1,2025-07-01
CUS_0x6211,CUS_0x6211_2025_01_01,1,2025-07-01
CUS_0x6244,CUS_0x6244_2025_01_01,1,2025-07-01
CUS_0x62cd,CUS_0x62cd_2025_01_01,0,2025-07-01
CUS_0x63b1,CUS_0x63b1_2025_01_01,0,2025-07-01
CUS_0x63c,CUS_0x63c_2025_01_01,1,2025-07-01
CUS_0x647e,CUS_0x647e_2025_01_01,0,2025-07-01
CUS_0x648a,CUS_0x648a_2025_01_01,1,2025-07-01
CUS_0x6492,CUS_0x6492_2025_01_01,0,2025-07-01
CUS_0x6504,CUS_0x6504_2025_01_01,1,2025-07-01
CUS_0x65c0,CUS_0x65c0_2025_01_01,0,2025-07-01
CUS_0x65fe,CUS_0x65fe_2025_01_01,1,2025-07-01
CUS_0x6603,CUS_0x6603_2025_01_01,0,2025-07-01
CUS_0x665a,CUS_0x665a_2025_01_01,0,2025-07-01
CUS_0x6689,CUS_0x6689_2025_01_01,0,2025-07-01
CUS_0x66c4,CUS_0x66c4_2025_01_01,0,2025-07-01
CUS_0x66eb,CUS_0x66eb_2025_01_01,0,2025-07-01
CUS_0x6821,CUS_0x6821_2025_01_01,1,2025-07-01
CUS_0x6827,CUS_0x6827_2025_01_01,1,2025-07-01
CUS_0x682f,CUS_0x682f_2025_01_01,0,2025-07-01
CUS_0x6891,CUS_0x6891_2025_01_01,1,2025-07-01
CUS_0x6895,CUS_0x6895_2025_01_01,1,2025-07-01
CUS_0x68af,CUS_0x68af_2025_01_01,0,2025-07-01
CUS_0x68f6,CUS_0x68f6_2025_01_01,1,2025-07-01
CUS_0x692c,CUS_0x692c_2025_01_01,0,2025-07-01
CUS_0x6997,CUS_0x6997_2025_01_01,0,2025-07-01
CUS_0x6a0b,CUS_0x6a0b_2025_01_01,1,2025-07-01
CUS_0x6a27,CUS_0x6a27_2025_01_01,0,2025-07-01
CUS_0x6ae4,CUS_0x6ae4_2025_01_01,0,2025-07-01
CUS_0x6b3a,CUS_0x6b3a_2025_01_01,0,2025-07-01
CUS_0x6b61,CUS_0x6b61_2025_01_01,0,2025-07-01
CUS_0x6bbd,CUS_0x6bbd_2025_01_01,0,2025-07-01
CUS_0x6bcf,CUS_0x6bcf_2025_01_01,0,2025-07-01
CUS_0x6bd,CUS_0x6bd_2025_01_01,0,2025-07-01
CUS_0x6bda,CUS_0x6bda_2025_01_01,0,2025-07-01
CUS_0x6c9b,CUS_0x6c9b_2025_01_01,0,2025-07-01
CUS_0x6e6a,CUS_0x6e6a_2025_01_01,1,2025-07-01
CUS_0x6e6f,CUS_0x6e6f_2025_01_01,0,2025-07-01
CUS_0x6eb2,CUS_0x6eb2_2025_01_01,0,2025-07-01
CUS_0x6f0,CUS_0x6f0_2025_01_01,0,2025-07-01
CUS_0x6f2d,CUS_0x6f2d_2025_01_01,1,2025-07-01
CUS_0x6f3b,CUS_0x6f3b_2025_01_01,0,2025-07-01
CUS_0x6f81,CUS_0x6f81_2025_01_01,0,2025-07-01
CUS_0x7058,CUS_0x7058_2025_01_01,1,2025-07-01
CUS_0x708f,CUS_0x708f_2025_01_01,1,2025-07-01
CUS_0x709a,CUS_0x709a_2025_01_01,0,2025-07-01
CUS_0x71f1,CUS_0x71f1_2025_01_01,0,2025-07-01
CUS_0x72e3,CUS_0x72e3_2025_01_01,0,2025-07-01
CUS_0x7327,CUS_0x7327_2025_01_01,0,2025-07-01
CUS_0x74c9,CUS_0x74c9_2025_01_01,1,2025-07-01
CUS_0x751b,CUS_0x751b_2025_01_01,0,2025-07-01
CUS_0x7561,CUS_0x7561_2025_01_01,0,2025-07-01
CUS_0x756a,CUS_0x756a_2025_01_01,1,2025-07-01
CUS_0x757,CUS_0x757_2025_01_01,0,2025-07-01
CUS_0x7586,CUS_0x7586_2025_01_01,0,2025-07-01
CUS_0x765,CUS_0x765_2025_01_01,0,2025-07-01
CUS_0x770a,CUS_0x770a_2025_01_01,1,2025-07-01
CUS_0x7741,CUS_0x7741_2025_01_01,1,2025-07-01
CUS_0x7789,CUS_0x7789_2025_01_01,0,2025-07-01
CUS_0x77b6,CUS_0x77b6_2025_01_01,0,2025-07-01
CUS_0x7813,CUS_0x7813_2025_01_01,0,2025-07-01
CUS_0x78a2,CUS_0x78a2_2025_01_01,1,2025-07-01
CUS_0x796a,CUS_0x796a_2025_01_01,0,2025-07-01
CUS_0x799b,CUS_0x799b_2025_01_01,0,2025-07-01
CUS_0x7a46,CUS_0x7a46_2025_01_01,1,2025-07-01
CUS_0x7a76,CUS_0x7a76_2025_01_01,0,2025-07-01
CUS_0x7aad,CUS_0x7aad_2025_01_01,0,2025-07-01
CUS_0x7ae1,CUS_0x7ae1_2025_01_01,0,2025-07-01
CUS_0x7af7,CUS_0x7af7_2025_01_01,0,2025-07-01
CUS_0x7b4b,CUS_0x7b4b_2025_01_01,0,2025-07-01
CUS_0x7bb,CUS_0x7bb_2025_01_01,0,2025-07-01
CUS_0x7c34,CUS_0x7c34_2025_01_01,0,2025-07-01
CUS_0x7c8d,CUS_0x7c8d_2025_01_01,1,2025-07-01
CUS_0x7cc4,CUS_0x7cc4_2025_01_01,0,2025-07-01
CUS_0x7cd3,CUS_0x7cd3_2025_01_01,0,2025-07-01
CUS_0x7cdc,CUS_0x7cdc_2025_01_01,0,2025-07-01
CUS_0x7d83,CUS_0x7d83_2025_01_01,1,2025-07-01
CUS_0x7e18,CUS_0x7e18_2025_01_01,1,2025-07-01
CUS_0x7e50,CUS_0x7e50_2025_01_01,0,2025-07-01
CUS_0x7e76,CUS_0x7e76_2025_01_01,0,2025-07-01
CUS_0x7e7f,CUS_0x7e7f_2025_01_01,0,2025-07-01
CUS_0x7f2a,CUS_0x7f2a_2025_01_01,0,2025-07-01
CUS_0x7f67,CUS_0x7f67_2025_01_01,0,2025-07-01
CUS_0x7f86,CUS_0x7f86_2025_01_01,0,2025-07-01
CUS_0x7fd8,CUS_0x7fd8_2025_01_01,0,2025-07-01
CUS_0x7fd9,CUS_0x7fd9_2025_01_01,0,2025-07-01
CUS_0x801,CUS_0x801_2025_01_01,1,2025-07-01
CUS_0x802f,CUS_0x802f_2025_01_01,1,2025-07-01
CUS_0x804e,CUS_0x804e_2025_01_01,0,2025-07-01
CUS_0x8091,CUS_0x8091_2025_01_01,1,2025-07-01
CUS_0x80ae,CUS_0x80ae_2025_01_01,0,2025-07-01
CUS_0x8140,CUS_0x8140_2025_01_01,1,2025-07-01
CUS_0x8162,CUS_0x8162_2025_01_01,0,2025-07-01
CUS_0x8261,CUS_0x8261_2025_01_01,0,2025-07-01
CUS_0x8343,CUS_0x8343_2025_01_01,0,2025-07-01
CUS_0x851c,CUS_0x851c_2025_01_01,0,2025-07-01
CUS_0x85d3,CUS_0x85d3_2025_01_01,0,2025-07-01
CUS_0x871,CUS_0x871_2025_01_01,0,2025-07-01
CUS_0x871c,CUS_0x871c_2025_01_01,0,2025-07-01
CUS_0x872f,CUS_0x872f_2025_01_01,0,2025-07-01
CUS_0x8743,CUS_0x8743_2025_01_01,0,2025-07-01
CUS_0x8750,CUS_0x8750_2025_01_01,0,2025-07-01
CUS_0x87d4,CUS_0x87d4_2025_01_01,0,2025-07-01
CUS_0x880,CUS_0x880_2025_01_01,1,2025-07-01
CUS_0x8831,CUS_0x8831_2025_01_01,0,2025-07-01
CUS_0x8837,CUS_0x8837_2025_01_01,0,2025-07-01
CUS_0x8873,CUS_0x8873_2025_01_01,0,2025-07-01
CUS_0x88cb,CUS_0x88cb_2025_01_01,1,2025-07-01
CUS_0x894f,CUS_0x894f_2025_01_01,1,2025-07-01
CUS_0x8a3,CUS_0x8a3_2025_01_01,0,2025-07-01
CUS_0x8aee,CUS_0x8aee_2025_01_01,0,2025-07-01
CUS_0x8b18,CUS_0x8b18_2025_01_01,1,2025-07-01
CUS_0x8b38,CUS_0x8b38_2025_01_01,0,2025-07-01
CUS_0x8b98,CUS_0x8b98_2025_01_01,0,2025-07-01
CUS_0x8c39,CUS_0x8c39_2025_01_01,1,2025-07-01
CUS_0x8d3,CUS_0x8d3_2025_01_01,0,2025-07-01
CUS_0x8d69,CUS_0x8d69_2025_01_01,0,2025-07-01
CUS_0x8d72,CUS_0x8d72_2025_01_01,0,2025-07-01
CUS_0x8d9d,CUS_0x8d9d_2025_01_01,0,2025-07-01
CUS_0x8e01,CUS_0x8e01_2025_01_01,0,2025-07-01
CUS_0x8e89,CUS_0x8e89_2025_01_01,0,2025-07-01
CUS_0x8eac,CUS_0x8eac_2025_01_01,1,2025-07-01
CUS_0x8ee2,CUS_0x8ee2_2025_01_01,0,2025-07-01
CUS_0x8f3,CUS_0x8f3_2025_01_01,0,2025-07-01
CUS_0x8f35,CUS_0x8f35_2025_01_01,0,2025-07-01
CUS_0x8f58,CUS_0x8f58_2025_01_01,0,2025-07-01
CUS_0x8f69,CUS_0x8f69_2025_01_01,1,2025-07-01
CUS_0x906c,CUS_0x906c_2025_01_01,0,2025-07-01
CUS_0x9070,CUS_0x9070_2025_01_01,0,2025-07-01
CUS_0x9103,CUS_0x9103_2025_01_01,0,2025-07-01
CUS_0x911e,CUS_0x911e_2025_01_01,0,2025-07-01
CUS_0x9148,CUS_0x9148_2025_01_01,0,2025-07-01
CUS_0x91b2,CUS_0x91b2_2025_01_01,0,2025-07-01
CUS_0x925,CUS_0x925_2025_01_01,0,2025-07-01
CUS_0x92c8,CUS_0x92c8_2025_01_01,0,2025-07-01
CUS_0x93a5,CUS_0x93a5_2025_01_01,0,2025-07-01
CUS_0x93a7,CUS_0x93a7_2025_01_01,0,2025-07-01
CUS_0x93f,CUS_0x93f_2025_01_01,0,2025-07-01
CUS_0x9416,CUS_0x9416_2025_01_01,1,2025-07-01
CUS_0x949f,CUS_0x949f_2025_01_01,1,2025-07-01
CUS_0x94ea,CUS_0x94ea_2025_01_01,1,2025-07-01
CUS_0x9513,CUS_0x9513_2025_01_01,0,2025-07-01
CUS_0x95ca,CUS_0x95ca_2025_01_01,0,2025-07-01
CUS_0x9616,CUS_0x9616_2025_01_01,0,2025-07-01
CUS_0x961e,CUS_0x961e_2025_01_01,0,2025-07-01
CUS_0x966b,CUS_0x966b_2025_01_01,0,2025-07-01
CUS_0x976a,CUS_0x976a_2025_01_01,0,2025-07-01
CUS_0x99cc,CUS_0x99cc_2025_01_01,0,2025-07-01
CUS_0x9a14,CUS_0x9a14_2025_01_01,1,2025-07-01
CUS_0x9ab4,CUS_0x9ab4_2025_01_01,0,2025-07-01
CUS_0x9acb,CUS_0x9acb_2025_01_01,0,2025-07-01
CUS_0x9c24,CUS_0x9c24_2025_01_01,0,2025-07-01
CUS_0x9d0d,CUS_0x9d0d_2025_01_01,0,2025-07-01
CUS_0x9d64,CUS_0x9d64_2025_01_01,0,2025-07-01
CUS_0x9e45,CUS_0x9e45_2025_01_01,0,2025-07-01
CUS_0x9e4d,CUS_0x9e4d_2025_01_01,0,2025-07-01
CUS_0x9ed5,CUS_0x9ed5_2025_01_01,1,2025-07-01
CUS_0x9f08,CUS_0x9f08_2025_01_01,0,2025-07-01
CUS_0x9f20,CUS_0x9f20_2025_01_01,0,2025-07-01
CUS_0x9f67,CUS_0x9f67_2025_01_01,0,2025-07-01
CUS_0x9f6c,CUS_0x9f6c_2025_01_01,1,2025-07-01
CUS_0xa01,CUS_0xa01_2025_01_01,0,2025-07-01
CUS_0xa03e,CUS_0xa03e_2025_01_01,1,2025-07-01
CUS_0xa05,CUS_0xa05_2025_01_01,0,2025-07-01
CUS_0xa110,CUS_0xa110_2025_01_01,0,2025-07-01
CUS_0xa122,CUS_0xa122_2025_01_01,0,2025-07-01
CUS_0xa1f6,CUS_0xa1f6_2025_01_01,0,2025-07-01
CUS_0xa20f,CUS_0xa20f_2025_01_01,0,2025-07-01
CUS_0xa234,CUS_0xa234_2025_01_01,0,2025-07-01
CUS_0xa26b,CUS_0xa26b_2025_01_01,1,2025-07-01
CUS_0xa283,CUS_0xa283_2025_01_01,0,2025-07-01
CUS_0xa295,CUS_0xa295_2025_01_01,0,2025-07-01
CUS_0xa2b0,CUS_0xa2b0_2025_01_01,0,2025-07-01
CUS_0xa2c1,CUS_0xa2c1_2025_01_01,0,2025-07-01
CUS_0xa2f7,CUS_0xa2f7_2025_01_01,1,2025-07-01
CUS_0xa2f9,CUS_0xa2f9_2025_01_01,0,2025-07-01
CUS_0xa3fa,CUS_0xa3fa_2025_01_01,0,2025-07-01
CUS_0xa407,CUS_0xa407_2025_01_01,0,2025-07-01
CUS_0xa40e,CUS_0xa40e_2025_01_01,0,2025-07-01
CUS_0xa420,CUS_0xa420_2025_01_01,0,2025-07-01
CUS_0xa46c,CUS_0xa46c_2025_01_01,0,2025-07-01
CUS_0xa46e,CUS_0xa46e_2025_01_01,1,2025-07-01
CUS_0xa47e,CUS_0xa47e_2025_01_01,1,2025-07-01
CUS_0xa495,CUS_0xa495_2025_01_01,0,2025-07-01
CUS_0xa4ee,CUS_0xa4ee_2025_01_01,1,2025-07-01
CUS_0xa57,CUS_0xa57_2025_01_01,0,2025-07-01
CUS_0xa5a4,CUS_0xa5a4_2025_01_01,0,2025-07-01
CUS_0xa5f4,CUS_0xa5f4_2025_01_01,0,2025-07-01
CUS_0xa614,CUS_0xa614_2025_01_01,0,2025-07-01
CUS_0xa6bd,CUS_0xa6bd_2025_01_01,0,2025-07-01
CUS_0xa774,CUS_0xa774_2025_01_01,0,2025-07-01
CUS_0xa78b,CUS_0xa78b_2025_01_01,0,2025-07-01
CUS_0xa791,CUS_0xa791_2025_01_01,0,2025-07-01
CUS_0xa7cc,CUS_0xa7cc_2025_01_01,0,2025-07-01
CUS_0xa8d7,CUS_0xa8d7_2025_01_01,1,2025-07-01
CUS_0xa8e2,CUS_0xa8e2_2025_01_01,0,2025-07-01
CUS_0xa955,CUS_0xa955_2025_01_01,0,2025-07-01
CUS_0xa9a6,CUS_0xa9a6_2025_01_01,0,2025-07-01
CUS_0xa9fc,CUS_0xa9fc_2025_01_01,0,2025-07-01
CUS_0xaa29,CUS_0xaa29_2025_01_01,0,2025-07-01
CUS_0xaa35,CUS_0xaa35_2025_01_01,0,2025-07-01
CUS_0xaa53,CUS_0xaa53_2025_01_01,0,2025-07-01
CUS_0xaad7,CUS_0xaad7_2025_01_01,0,2025-07-01
CUS_0xab18,CUS_0xab18_2025_01_01,0,2025-07-01
CUS_0xab7b,CUS_0xab7b_2025_01_01,0,2025-07-01
CUS_0xabcf,CUS_0xabcf_2025_01_01,1,2025-07-01
CUS_0xabe7,CUS_0xabe7_2025_01_01,0,2025-07-01
CUS_0xac15,CUS_0xac15_2025_01_01,0,2025-07-01
CUS_0xac31,CUS_0xac31_2025_01_01,0,2025-07-01
CUS_0xac83,CUS_0xac83_2025_01_01,1,2025-07-01
CUS_0xad44,CUS_0xad44_2025_01_01,0,2025-07-01
CUS_0xad53,CUS_0xad53_2025_01_01,0,2025-07-01
CUS_0xade0,CUS_0xade0_2025_01_01,0,2025-07-01
CUS_0xae8,CUS_0xae8_2025_01_01,1,2025-07-01
CUS_0xaf8f,CUS_0xaf8f_2025_01_01,0,2025-07-01
CUS_0xafc4,CUS_0xafc4_2025_01_01,0,2025-07-01
CUS_0xafdf,CUS_0xafdf_2025_01_01,0,2025-07-01
CUS_0xb00e,CUS_0xb00e_2025_01_01,0,2025-07-01
CUS_0xb0a5,CUS_0xb0a5_2025_01_01,0,2025-07-01
CUS_0xb11e,CUS_0xb11e_2025_01_01,0,2025-07-01
CUS_0xb13c,CUS_0xb13c_2025_01_01,0,2025-07-01
CUS_0xb163,CUS_0xb163_2025_01_01,0,2025-07-01
CUS_0xb1aa,CUS_0xb1aa_2025_01_01,0,2025-07-01
CUS_0xb2c,CUS_0xb2c_2025_01_01,1,2025-07-01
CUS_0xb387,CUS_0xb387_2025_01_01,0,2025-07-01
CUS_0xb3b4,CUS_0xb3b4_2025_01_01,0,2025-07-01
CUS_0xb3d7,CUS_0xb3d7_2025_01_01,0,2025-07-01
CUS_0xb413,CUS_0xb413_2025_01_01,0,2025-07-01
CUS_0xb458,CUS_0xb458_2025_01_01,0,2025-07-01
CUS_0xb486,CUS_0xb486_2025_01_01,0,2025-07-01
CUS_0xb4c3,CUS_0xb4c3_2025_01_01,1,2025-07-01
CUS_0xb54e,CUS_0xb54e_2025_01_01,0,2025-07-01
CUS_0xb602,CUS_0xb602_2025_01_01,0,2025-07-01
CUS_0xb61c,CUS_0xb61c_2025_01_01,0,2025-07-01
CUS_0xb647,CUS_0xb647_2025_01_01,0,2025-07-01
CUS_0xb660,CUS_0xb660_2025_01_01,0,2025-07-01
CUS_0xb68,CUS_0xb68_2025_01_01,0,2025-07-01
CUS_0xb6bb,CUS_0xb6bb_2025_01_01,1,2025-07-01
CUS_0xb820,CUS_0xb820_2025_01_01,0,2025-07-01
CUS_0xb88c,CUS_0xb88c_2025_01_01,0,2025-07-01
CUS_0xb96b,CUS_0xb96b_2025_01_01,1,2025-07-01
CUS_0xb99e,CUS_0xb99e_2025_01_01,1,2025-07-01
CUS_0xbac7,CUS_0xbac7_2025_01_01,0,2025-07-01
CUS_0xbb07,CUS_0xbb07_2025_01_01,1,2025-07-01
CUS_0xbb5a,CUS_0xbb5a_2025_01_01,1,2025-07-01
CUS_0xbb77,CUS_0xbb77_2025_01_01,0,2025-07-01
CUS_0xbbd5,CUS_0xbbd5_2025_01_01,1,2025-07-01
CUS_0xbc40,CUS_0xbc40_2025_01_01,1,2025-07-01
CUS_0xbcc8,CUS_0xbcc8_2025_01_01,0,2025-07-01
CUS_0xbd64,CUS_0xbd64_2025_01_01,0,2025-07-01
CUS_0xbd95,CUS_0xbd95_2025_01_01,0,2025-07-01
CUS_0xbe1b,CUS_0xbe1b_2025_01_01,1,2025-07-01
CUS_0xbe59,CUS_0xbe59_2025_01_01,0,2025-07-01
CUS_0xbe72,CUS_0xbe72_2025_01_01,1,2025-07-01
CUS_0xbe83,CUS_0xbe83_2025_01_01,1,2025-07-01
CUS_0xbea3,CUS_0xbea3_2025_01_01,0,2025-07-01
CUS_0xbf8b,CUS_0xbf8b_2025_01_01,1,2025-07-01
CUS_0xbfba,CUS_0xbfba_2025_01_01,1,2025-07-01
CUS_0xbfbf,CUS_0xbfbf_2025_01_01,0,2025-07-01
CUS_0xbfc1,CUS_0xbfc1_2025_01_01,0,2025-07-01
CUS_0xbfef,CUS_0xbfef_2025_01_01,1,2025-07-01
CUS_0xbff8,CUS_0xbff8_2025_01_01,0,2025-07-01
CUS_0xc067,CUS_0xc067_2025_01_01,1,2025-07-01
CUS_0xc07f,CUS_0xc07f_2025_01_01,0,2025-07-01
CUS_0xc081,CUS_0xc081_2025_01_01,0,2025-07-01
CUS_0xc12b,CUS_0xc12b_2025_01_01,1,2025-07-01
CUS_0xc22c,CUS_0xc22c_2025_01_01,0,2025-07-01
CUS_0xc23c,CUS_0xc23c_2025_01_01,1,2025-07-01
CUS_0xc299,CUS_0xc299_2025_01_01,1,2025-07-01
CUS_0xc2a7,CUS_0xc2a7_2025_01_01,1,2025-07-01
CUS_0xc2ae,CUS_0xc2ae_2025_01_01,0,2025-07-01
CUS_0xc34a,CUS_0xc34a_2025_01_01,0,2025-07-01
CUS_0xc3b8,CUS_0xc3b8_2025_01_01,1,2025-07-01
CUS_0xc3c1,CUS_0xc3c1_2025_01_01,0,2025-07-01
CUS_0xc405,CUS_0xc405_2025_01_01,0,2025-07-01
CUS_0xc48d,CUS_0xc48d_2025_01_01,0,2025-07-01
CUS_0xc4f2,CUS_0xc4f2_2025_01_01,1,2025-07-01
CUS_0xc5fd,CUS_0xc5fd_2025_01_01,0,2025-07-01
CUS_0xc6ba,CUS_0xc6ba_2025_01_01,1,2025-07-01
CUS_0xcb9,CUS_0xcb9_2025_01_01,0,2025-07-01
CUS_0xcfd,CUS_0xcfd_2025_01_01,1,2025-07-01
CUS_0xdb9,CUS_0xdb9_2025_01_01,1,2025-07-01
CUS_0xdef,CUS_0xdef_2025_01_01,0,2025-07-01
CUS_0xe91,CUS_0xe91_2025_01_01,0,2025-07-01
CUS_0xecb,CUS_0xecb_2025_01_01,0,2025-07-01
CUS_0xef7,CUS_0xef7_2025_01_01,0,2025-07-01
CUS_0xf15,CUS_0xf15_2025_01_01,0,2025-07-01
CUS_0xf60,CUS_0xf60_2025_01_01,0,2025-07-01
CUS_0xf74,CUS_0xf74_2025_01_01,0,2025-07-01
CUS_0xf95,CUS_0xf95_2025_01_01,0,2025-07-01
CUS_0xfdf,CUS_0xfdf_2025_01_01,0,2025-07-01
